2026-02-20 10:35:27,965 | INFO | Episode 10/5000 | Avg Reward: 14.50 | Avg Length: 288.00 | Avg Loss: 6.2484 | Avg Found Sources: 0.60
2026-02-20 10:35:35,714 | INFO | Episode 20/5000 | Avg Reward: 17.84 | Avg Length: 238.00 | Avg Loss: 2.9335 | Avg Found Sources: 0.70
2026-02-20 10:35:46,428 | INFO | Episode 30/5000 | Avg Reward: -33.21 | Avg Length: 304.50 | Avg Loss: 8.8972 | Avg Found Sources: 0.20
2026-02-20 10:35:53,977 | INFO | Episode 40/5000 | Avg Reward: 25.71 | Avg Length: 204.10 | Avg Loss: 0.8734 | Avg Found Sources: 0.20
2026-02-20 10:36:00,987 | INFO | Episode 50/5000 | Avg Reward: 27.62 | Avg Length: 204.50 | Avg Loss: 1.6359 | Avg Found Sources: 0.20
2026-02-20 10:36:10,382 | INFO | Episode 60/5000 | Avg Reward: -18.12 | Avg Length: 287.20 | Avg Loss: 9.1051 | Avg Found Sources: 0.30
2026-02-20 10:36:17,154 | INFO | Episode 70/5000 | Avg Reward: 26.20 | Avg Length: 202.80 | Avg Loss: 0.7960 | Avg Found Sources: 0.10
2026-02-20 10:36:23,487 | INFO | Episode 80/5000 | Avg Reward: 30.66 | Avg Length: 205.40 | Avg Loss: 2.0748 | Avg Found Sources: 0.20
2026-02-20 10:36:29,987 | INFO | Episode 90/5000 | Avg Reward: 25.48 | Avg Length: 207.10 | Avg Loss: 1.2576 | Avg Found Sources: 0.20
2026-02-20 10:36:38,457 | INFO | Episode 100/5000 | Avg Reward: -1.62 | Avg Length: 280.00 | Avg Loss: 6.8327 | Avg Found Sources: 0.20
2026-02-20 10:36:44,787 | INFO | Episode 110/5000 | Avg Reward: 26.14 | Avg Length: 204.10 | Avg Loss: 0.5793 | Avg Found Sources: 0.00
2026-02-20 10:36:53,112 | INFO | Episode 120/5000 | Avg Reward: -12.11 | Avg Length: 277.10 | Avg Loss: 6.4780 | Avg Found Sources: 0.20
2026-02-20 10:36:59,519 | INFO | Episode 130/5000 | Avg Reward: 24.61 | Avg Length: 204.20 | Avg Loss: 0.7741 | Avg Found Sources: 0.00
2026-02-20 10:37:05,842 | INFO | Episode 140/5000 | Avg Reward: 26.78 | Avg Length: 207.10 | Avg Loss: 1.2759 | Avg Found Sources: 0.20
2026-02-20 10:37:14,289 | INFO | Episode 150/5000 | Avg Reward: -9.26 | Avg Length: 278.80 | Avg Loss: 9.6221 | Avg Found Sources: 0.00
2026-02-20 10:37:20,683 | INFO | Episode 160/5000 | Avg Reward: 37.72 | Avg Length: 209.10 | Avg Loss: 2.4743 | Avg Found Sources: 0.20
2026-02-20 10:37:29,914 | INFO | Episode 170/5000 | Avg Reward: -10.79 | Avg Length: 284.50 | Avg Loss: 7.9106 | Avg Found Sources: 0.30
2026-02-20 10:37:38,498 | INFO | Episode 180/5000 | Avg Reward: -21.66 | Avg Length: 281.40 | Avg Loss: 8.2303 | Avg Found Sources: 0.20
2026-02-20 10:37:44,748 | INFO | Episode 190/5000 | Avg Reward: 37.85 | Avg Length: 205.60 | Avg Loss: 3.5594 | Avg Found Sources: 0.10
2026-02-20 10:37:51,076 | INFO | Episode 200/5000 | Avg Reward: 31.16 | Avg Length: 205.90 | Avg Loss: 1.5262 | Avg Found Sources: 0.20
2026-02-20 10:37:59,545 | INFO | Episode 210/5000 | Avg Reward: -65.48 | Avg Length: 280.80 | Avg Loss: 17.5494 | Avg Found Sources: 0.10
2026-02-20 10:38:05,821 | INFO | Episode 220/5000 | Avg Reward: 31.99 | Avg Length: 203.00 | Avg Loss: 3.0380 | Avg Found Sources: 0.30
2026-02-20 10:38:12,034 | INFO | Episode 230/5000 | Avg Reward: 31.93 | Avg Length: 202.70 | Avg Loss: 1.0153 | Avg Found Sources: 0.10
2026-02-20 10:38:20,360 | INFO | Episode 240/5000 | Avg Reward: -16.89 | Avg Length: 279.60 | Avg Loss: 7.9326 | Avg Found Sources: 0.10
2026-02-20 10:38:28,841 | INFO | Episode 250/5000 | Avg Reward: 7.09 | Avg Length: 280.20 | Avg Loss: 3.9917 | Avg Found Sources: 0.30
2026-02-20 10:38:35,196 | INFO | Episode 260/5000 | Avg Reward: 32.75 | Avg Length: 204.00 | Avg Loss: 1.0964 | Avg Found Sources: 0.20
2026-02-20 10:38:41,454 | INFO | Episode 270/5000 | Avg Reward: 26.41 | Avg Length: 202.70 | Avg Loss: 0.4333 | Avg Found Sources: 0.20
2026-02-20 10:38:47,859 | INFO | Episode 280/5000 | Avg Reward: 28.39 | Avg Length: 204.80 | Avg Loss: 1.9090 | Avg Found Sources: 0.00
2026-02-20 10:38:58,384 | INFO | Episode 290/5000 | Avg Reward: -99.10 | Avg Length: 355.20 | Avg Loss: 20.5867 | Avg Found Sources: 0.20
2026-02-20 10:39:04,761 | INFO | Episode 300/5000 | Avg Reward: 34.90 | Avg Length: 209.40 | Avg Loss: 3.0007 | Avg Found Sources: 0.20
2026-02-20 10:39:13,034 | INFO | Episode 310/5000 | Avg Reward: -0.78 | Avg Length: 273.20 | Avg Loss: 7.3910 | Avg Found Sources: 0.20
2026-02-20 10:39:19,321 | INFO | Episode 320/5000 | Avg Reward: 24.56 | Avg Length: 206.40 | Avg Loss: 1.1418 | Avg Found Sources: 0.20
2026-02-20 10:39:25,630 | INFO | Episode 330/5000 | Avg Reward: 36.80 | Avg Length: 203.50 | Avg Loss: 1.7609 | Avg Found Sources: 0.40
2026-02-20 10:39:36,054 | INFO | Episode 340/5000 | Avg Reward: -96.72 | Avg Length: 353.70 | Avg Loss: 26.9417 | Avg Found Sources: 0.10
2026-02-20 10:39:42,294 | INFO | Episode 350/5000 | Avg Reward: 26.87 | Avg Length: 206.00 | Avg Loss: 1.6285 | Avg Found Sources: 0.00
2026-02-20 10:39:52,672 | INFO | Episode 360/5000 | Avg Reward: -64.35 | Avg Length: 355.10 | Avg Loss: 14.8800 | Avg Found Sources: 0.10
2026-02-20 10:40:01,022 | INFO | Episode 370/5000 | Avg Reward: -17.22 | Avg Length: 282.80 | Avg Loss: 8.5314 | Avg Found Sources: 0.20
2026-02-20 10:40:07,413 | INFO | Episode 380/5000 | Avg Reward: 22.62 | Avg Length: 206.10 | Avg Loss: 1.1791 | Avg Found Sources: 0.00
2026-02-20 10:40:17,898 | INFO | Episode 390/5000 | Avg Reward: -60.67 | Avg Length: 354.90 | Avg Loss: 15.8035 | Avg Found Sources: 0.30
2026-02-20 10:40:26,468 | INFO | Episode 400/5000 | Avg Reward: -20.48 | Avg Length: 286.10 | Avg Loss: 8.1194 | Avg Found Sources: 0.10
2026-02-20 10:40:32,646 | INFO | Episode 410/5000 | Avg Reward: 41.64 | Avg Length: 204.30 | Avg Loss: 2.6286 | Avg Found Sources: 0.40
2026-02-20 10:40:38,945 | INFO | Episode 420/5000 | Avg Reward: 28.31 | Avg Length: 205.00 | Avg Loss: 0.8998 | Avg Found Sources: 0.20
2026-02-20 10:40:45,332 | INFO | Episode 430/5000 | Avg Reward: 26.48 | Avg Length: 204.90 | Avg Loss: 1.0677 | Avg Found Sources: 0.20
2026-02-20 10:40:53,769 | INFO | Episode 440/5000 | Avg Reward: -8.27 | Avg Length: 284.30 | Avg Loss: 8.0381 | Avg Found Sources: 0.10
2026-02-20 10:41:02,062 | INFO | Episode 450/5000 | Avg Reward: -16.29 | Avg Length: 280.30 | Avg Loss: 8.2312 | Avg Found Sources: 0.10
2026-02-20 10:41:08,521 | INFO | Episode 460/5000 | Avg Reward: 28.83 | Avg Length: 206.60 | Avg Loss: 0.8785 | Avg Found Sources: 0.20
2026-02-20 10:41:14,878 | INFO | Episode 470/5000 | Avg Reward: 24.90 | Avg Length: 205.00 | Avg Loss: 0.8244 | Avg Found Sources: 0.10
2026-02-20 10:41:21,111 | INFO | Episode 480/5000 | Avg Reward: 37.94 | Avg Length: 204.00 | Avg Loss: 2.2741 | Avg Found Sources: 0.10
2026-02-20 10:41:27,497 | INFO | Episode 490/5000 | Avg Reward: 32.09 | Avg Length: 204.70 | Avg Loss: 1.1141 | Avg Found Sources: 0.20
2026-02-20 10:41:33,933 | INFO | Episode 500/5000 | Avg Reward: 28.31 | Avg Length: 204.50 | Avg Loss: 0.9961 | Avg Found Sources: 0.10
2026-02-20 10:41:42,610 | INFO | Episode 510/5000 | Avg Reward: -5.11 | Avg Length: 283.90 | Avg Loss: 7.4532 | Avg Found Sources: 0.10
2026-02-20 10:41:53,040 | INFO | Episode 520/5000 | Avg Reward: -66.89 | Avg Length: 352.00 | Avg Loss: 15.1338 | Avg Found Sources: 0.50
2026-02-20 10:41:59,574 | INFO | Episode 530/5000 | Avg Reward: 34.22 | Avg Length: 204.70 | Avg Loss: 3.2477 | Avg Found Sources: 0.20
2026-02-20 10:42:08,616 | INFO | Episode 540/5000 | Avg Reward: 0.86 | Avg Length: 283.00 | Avg Loss: 3.1639 | Avg Found Sources: 0.10
2026-02-20 10:42:19,857 | INFO | Episode 550/5000 | Avg Reward: -53.46 | Avg Length: 358.40 | Avg Loss: 14.2804 | Avg Found Sources: 0.10
2026-02-20 10:42:26,559 | INFO | Episode 560/5000 | Avg Reward: 31.75 | Avg Length: 204.20 | Avg Loss: 1.1833 | Avg Found Sources: 0.50
2026-02-20 10:42:35,343 | INFO | Episode 570/5000 | Avg Reward: -11.33 | Avg Length: 278.90 | Avg Loss: 8.4940 | Avg Found Sources: 0.20
2026-02-20 10:42:41,606 | INFO | Episode 580/5000 | Avg Reward: 29.28 | Avg Length: 204.00 | Avg Loss: 1.3044 | Avg Found Sources: 0.00
2026-02-20 10:42:48,021 | INFO | Episode 590/5000 | Avg Reward: 25.93 | Avg Length: 209.60 | Avg Loss: 1.8911 | Avg Found Sources: 0.10
2026-02-20 10:42:56,479 | INFO | Episode 600/5000 | Avg Reward: -12.23 | Avg Length: 277.80 | Avg Loss: 8.2939 | Avg Found Sources: 0.50
2026-02-20 10:43:02,938 | INFO | Episode 610/5000 | Avg Reward: 19.77 | Avg Length: 205.90 | Avg Loss: 0.9251 | Avg Found Sources: 0.00
2026-02-20 10:43:09,171 | INFO | Episode 620/5000 | Avg Reward: 26.54 | Avg Length: 203.10 | Avg Loss: 0.6894 | Avg Found Sources: 0.00
2026-02-20 10:43:15,560 | INFO | Episode 630/5000 | Avg Reward: 23.13 | Avg Length: 204.40 | Avg Loss: 0.6530 | Avg Found Sources: 0.10
2026-02-20 10:43:21,927 | INFO | Episode 640/5000 | Avg Reward: 27.45 | Avg Length: 205.20 | Avg Loss: 0.8790 | Avg Found Sources: 0.30
2026-02-20 10:43:28,405 | INFO | Episode 650/5000 | Avg Reward: 28.29 | Avg Length: 206.30 | Avg Loss: 1.0054 | Avg Found Sources: 0.20
2026-02-20 10:43:34,928 | INFO | Episode 660/5000 | Avg Reward: 26.83 | Avg Length: 204.50 | Avg Loss: 0.8257 | Avg Found Sources: 0.10
2026-02-20 10:43:42,021 | INFO | Episode 670/5000 | Avg Reward: 19.04 | Avg Length: 206.80 | Avg Loss: 1.2816 | Avg Found Sources: 0.00
2026-02-20 10:43:51,634 | INFO | Episode 680/5000 | Avg Reward: -8.24 | Avg Length: 281.80 | Avg Loss: 9.4697 | Avg Found Sources: 0.20
2026-02-20 10:43:58,413 | INFO | Episode 690/5000 | Avg Reward: 26.21 | Avg Length: 202.00 | Avg Loss: 0.7548 | Avg Found Sources: 0.30
2026-02-20 10:44:07,218 | INFO | Episode 700/5000 | Avg Reward: -14.20 | Avg Length: 284.20 | Avg Loss: 11.6510 | Avg Found Sources: 0.10
2026-02-20 10:44:13,817 | INFO | Episode 710/5000 | Avg Reward: 31.37 | Avg Length: 206.10 | Avg Loss: 3.2496 | Avg Found Sources: 0.20
2026-02-20 10:44:20,414 | INFO | Episode 720/5000 | Avg Reward: 25.25 | Avg Length: 207.10 | Avg Loss: 1.6430 | Avg Found Sources: 0.30
2026-02-20 10:44:26,885 | INFO | Episode 730/5000 | Avg Reward: 28.78 | Avg Length: 204.50 | Avg Loss: 0.8647 | Avg Found Sources: 0.10
2026-02-20 10:44:33,746 | INFO | Episode 740/5000 | Avg Reward: 29.29 | Avg Length: 207.40 | Avg Loss: 2.2865 | Avg Found Sources: 0.00
2026-02-20 10:44:40,720 | INFO | Episode 750/5000 | Avg Reward: 29.48 | Avg Length: 203.50 | Avg Loss: 0.7861 | Avg Found Sources: 0.00
2026-02-20 10:44:47,432 | INFO | Episode 760/5000 | Avg Reward: 27.78 | Avg Length: 204.70 | Avg Loss: 1.1590 | Avg Found Sources: 0.30
2026-02-20 10:44:57,062 | INFO | Episode 770/5000 | Avg Reward: -22.70 | Avg Length: 281.90 | Avg Loss: 7.7578 | Avg Found Sources: 0.10
2026-02-20 10:45:03,983 | INFO | Episode 780/5000 | Avg Reward: 23.90 | Avg Length: 205.80 | Avg Loss: 1.0359 | Avg Found Sources: 0.10
2026-02-20 10:45:15,143 | INFO | Episode 790/5000 | Avg Reward: -51.22 | Avg Length: 355.00 | Avg Loss: 12.7414 | Avg Found Sources: 0.10
2026-02-20 10:45:21,659 | INFO | Episode 800/5000 | Avg Reward: 35.68 | Avg Length: 203.90 | Avg Loss: 2.1533 | Avg Found Sources: 0.40
2026-02-20 10:45:28,279 | INFO | Episode 810/5000 | Avg Reward: 28.14 | Avg Length: 204.20 | Avg Loss: 1.3944 | Avg Found Sources: 0.40
2026-02-20 10:45:39,635 | INFO | Episode 820/5000 | Avg Reward: -51.36 | Avg Length: 360.60 | Avg Loss: 10.2729 | Avg Found Sources: 0.00
2026-02-20 10:45:48,590 | INFO | Episode 830/5000 | Avg Reward: 0.79 | Avg Length: 278.00 | Avg Loss: 4.8478 | Avg Found Sources: 0.10
2026-02-20 10:45:57,445 | INFO | Episode 840/5000 | Avg Reward: 7.14 | Avg Length: 284.20 | Avg Loss: 2.5101 | Avg Found Sources: 0.00
2026-02-20 10:46:04,048 | INFO | Episode 850/5000 | Avg Reward: 32.27 | Avg Length: 203.30 | Avg Loss: 1.6782 | Avg Found Sources: 0.00
2026-02-20 10:46:10,755 | INFO | Episode 860/5000 | Avg Reward: 25.77 | Avg Length: 204.90 | Avg Loss: 0.6471 | Avg Found Sources: 0.10
2026-02-20 10:46:19,876 | INFO | Episode 870/5000 | Avg Reward: -9.38 | Avg Length: 282.10 | Avg Loss: 6.7847 | Avg Found Sources: 0.00
2026-02-20 10:46:26,481 | INFO | Episode 880/5000 | Avg Reward: 30.64 | Avg Length: 206.90 | Avg Loss: 1.0191 | Avg Found Sources: 0.00
2026-02-20 10:46:33,151 | INFO | Episode 890/5000 | Avg Reward: 31.15 | Avg Length: 205.20 | Avg Loss: 1.5636 | Avg Found Sources: 0.30
2026-02-20 10:46:39,964 | INFO | Episode 900/5000 | Avg Reward: 33.92 | Avg Length: 204.50 | Avg Loss: 1.7795 | Avg Found Sources: 0.10
2026-02-20 10:46:50,967 | INFO | Episode 910/5000 | Avg Reward: -61.74 | Avg Length: 354.50 | Avg Loss: 13.2644 | Avg Found Sources: 0.20
2026-02-20 10:47:00,361 | INFO | Episode 920/5000 | Avg Reward: -19.96 | Avg Length: 283.70 | Avg Loss: 7.9058 | Avg Found Sources: 0.30
2026-02-20 10:47:07,104 | INFO | Episode 930/5000 | Avg Reward: 22.82 | Avg Length: 205.00 | Avg Loss: 1.0113 | Avg Found Sources: 0.00
2026-02-20 10:47:13,553 | INFO | Episode 940/5000 | Avg Reward: 35.84 | Avg Length: 203.40 | Avg Loss: 1.9481 | Avg Found Sources: 0.20
2026-02-20 10:47:20,172 | INFO | Episode 950/5000 | Avg Reward: 24.72 | Avg Length: 207.10 | Avg Loss: 1.1030 | Avg Found Sources: 0.40
2026-02-20 10:47:26,776 | INFO | Episode 960/5000 | Avg Reward: 29.45 | Avg Length: 204.00 | Avg Loss: 1.0675 | Avg Found Sources: 0.20
2026-02-20 10:47:35,734 | INFO | Episode 970/5000 | Avg Reward: 5.17 | Avg Length: 285.70 | Avg Loss: 2.7991 | Avg Found Sources: 0.00
2026-02-20 10:47:42,295 | INFO | Episode 980/5000 | Avg Reward: 26.21 | Avg Length: 205.80 | Avg Loss: 1.2411 | Avg Found Sources: 0.00
2026-02-20 10:47:51,506 | INFO | Episode 990/5000 | Avg Reward: -18.39 | Avg Length: 283.90 | Avg Loss: 8.8878 | Avg Found Sources: 0.10
2026-02-20 10:49:00,142 | INFO | Episode 10/5000 | Avg Reward: 14.50 | Avg Length: 288.00 | Avg Loss: 6.2484 | Avg Found Sources: 0.60
2026-02-20 10:49:07,858 | INFO | Episode 20/5000 | Avg Reward: 17.84 | Avg Length: 238.00 | Avg Loss: 2.9335 | Avg Found Sources: 0.70
2026-02-20 10:49:17,472 | INFO | Episode 30/5000 | Avg Reward: -33.21 | Avg Length: 304.50 | Avg Loss: 8.8972 | Avg Found Sources: 0.20
2026-02-20 10:49:24,045 | INFO | Episode 40/5000 | Avg Reward: 25.71 | Avg Length: 204.10 | Avg Loss: 0.8734 | Avg Found Sources: 0.20
2026-02-20 10:49:30,925 | INFO | Episode 50/5000 | Avg Reward: 27.62 | Avg Length: 204.50 | Avg Loss: 1.6359 | Avg Found Sources: 0.20
2026-02-20 10:49:40,488 | INFO | Episode 60/5000 | Avg Reward: -18.12 | Avg Length: 287.20 | Avg Loss: 9.1051 | Avg Found Sources: 0.30
2026-02-20 10:49:47,840 | INFO | Episode 70/5000 | Avg Reward: 26.20 | Avg Length: 202.80 | Avg Loss: 0.7960 | Avg Found Sources: 0.10
2026-02-20 10:58:30,006 | INFO | Episode 10/5000 | Avg Reward: 14.50 | Avg Length: 288.00 | Avg Loss: 6.2484 | Avg Found Sources: 0.60
2026-02-20 10:58:37,540 | INFO | Episode 20/5000 | Avg Reward: 17.84 | Avg Length: 238.00 | Avg Loss: 2.9335 | Avg Found Sources: 0.70
2026-02-20 10:58:47,083 | INFO | Episode 30/5000 | Avg Reward: -33.21 | Avg Length: 304.50 | Avg Loss: 8.8972 | Avg Found Sources: 0.20
2026-02-20 10:58:53,623 | INFO | Episode 40/5000 | Avg Reward: 25.71 | Avg Length: 204.10 | Avg Loss: 0.8734 | Avg Found Sources: 0.20
2026-02-20 10:59:00,305 | INFO | Episode 50/5000 | Avg Reward: 27.62 | Avg Length: 204.50 | Avg Loss: 1.6359 | Avg Found Sources: 0.20
2026-02-20 10:59:09,757 | INFO | Episode 60/5000 | Avg Reward: -18.12 | Avg Length: 287.20 | Avg Loss: 9.1051 | Avg Found Sources: 0.30
2026-02-20 10:59:16,319 | INFO | Episode 70/5000 | Avg Reward: 26.20 | Avg Length: 202.80 | Avg Loss: 0.7960 | Avg Found Sources: 0.10
2026-02-20 10:59:23,754 | INFO | Episode 80/5000 | Avg Reward: 30.66 | Avg Length: 205.40 | Avg Loss: 2.0748 | Avg Found Sources: 0.20
2026-02-20 10:59:30,989 | INFO | Episode 90/5000 | Avg Reward: 25.48 | Avg Length: 207.10 | Avg Loss: 1.2576 | Avg Found Sources: 0.20
2026-02-20 10:59:40,964 | INFO | Episode 100/5000 | Avg Reward: -1.62 | Avg Length: 280.00 | Avg Loss: 6.8327 | Avg Found Sources: 0.20
2026-02-20 10:59:47,939 | INFO | Episode 110/5000 | Avg Reward: 26.14 | Avg Length: 204.10 | Avg Loss: 0.5793 | Avg Found Sources: 0.00
2026-02-20 10:59:57,265 | INFO | Episode 120/5000 | Avg Reward: -12.11 | Avg Length: 277.10 | Avg Loss: 6.4780 | Avg Found Sources: 0.20
2026-02-20 11:00:04,158 | INFO | Episode 130/5000 | Avg Reward: 24.61 | Avg Length: 204.20 | Avg Loss: 0.7741 | Avg Found Sources: 0.00
2026-02-20 11:00:11,360 | INFO | Episode 140/5000 | Avg Reward: 26.78 | Avg Length: 207.10 | Avg Loss: 1.2759 | Avg Found Sources: 0.20
2026-02-20 11:00:20,762 | INFO | Episode 150/5000 | Avg Reward: -9.26 | Avg Length: 278.80 | Avg Loss: 9.6221 | Avg Found Sources: 0.00
2026-02-20 11:00:28,375 | INFO | Episode 160/5000 | Avg Reward: 37.72 | Avg Length: 209.10 | Avg Loss: 2.4743 | Avg Found Sources: 0.20
2026-02-20 11:00:37,637 | INFO | Episode 170/5000 | Avg Reward: -10.79 | Avg Length: 284.50 | Avg Loss: 7.9106 | Avg Found Sources: 0.30
2026-02-20 11:00:46,565 | INFO | Episode 180/5000 | Avg Reward: -21.66 | Avg Length: 281.40 | Avg Loss: 8.2303 | Avg Found Sources: 0.20
2026-02-20 11:00:53,221 | INFO | Episode 190/5000 | Avg Reward: 37.85 | Avg Length: 205.60 | Avg Loss: 3.5594 | Avg Found Sources: 0.10
2026-02-20 11:01:00,090 | INFO | Episode 200/5000 | Avg Reward: 31.16 | Avg Length: 205.90 | Avg Loss: 1.5262 | Avg Found Sources: 0.20
2026-02-20 11:01:10,292 | INFO | Episode 210/5000 | Avg Reward: -65.48 | Avg Length: 280.80 | Avg Loss: 17.5494 | Avg Found Sources: 0.10
2026-02-20 11:01:17,582 | INFO | Episode 220/5000 | Avg Reward: 31.99 | Avg Length: 203.00 | Avg Loss: 3.0380 | Avg Found Sources: 0.30
2026-02-20 11:01:24,351 | INFO | Episode 230/5000 | Avg Reward: 31.93 | Avg Length: 202.70 | Avg Loss: 1.0153 | Avg Found Sources: 0.10
2026-02-20 11:01:33,261 | INFO | Episode 240/5000 | Avg Reward: -16.89 | Avg Length: 279.60 | Avg Loss: 7.9326 | Avg Found Sources: 0.10
2026-02-20 11:01:42,550 | INFO | Episode 250/5000 | Avg Reward: 7.09 | Avg Length: 280.20 | Avg Loss: 3.9917 | Avg Found Sources: 0.30
2026-02-20 11:01:49,844 | INFO | Episode 260/5000 | Avg Reward: 32.75 | Avg Length: 204.00 | Avg Loss: 1.0964 | Avg Found Sources: 0.20
2026-02-20 11:01:56,682 | INFO | Episode 270/5000 | Avg Reward: 26.41 | Avg Length: 202.70 | Avg Loss: 0.4333 | Avg Found Sources: 0.20
2026-02-20 11:02:03,456 | INFO | Episode 280/5000 | Avg Reward: 28.39 | Avg Length: 204.80 | Avg Loss: 1.9090 | Avg Found Sources: 0.00
2026-02-20 11:02:14,882 | INFO | Episode 290/5000 | Avg Reward: -99.10 | Avg Length: 355.20 | Avg Loss: 20.5867 | Avg Found Sources: 0.20
2026-02-20 11:02:21,828 | INFO | Episode 300/5000 | Avg Reward: 34.90 | Avg Length: 209.40 | Avg Loss: 3.0007 | Avg Found Sources: 0.20
2026-02-20 11:02:31,305 | INFO | Episode 310/5000 | Avg Reward: -0.78 | Avg Length: 273.20 | Avg Loss: 7.3910 | Avg Found Sources: 0.20
2026-02-20 11:02:38,030 | INFO | Episode 320/5000 | Avg Reward: 24.56 | Avg Length: 206.40 | Avg Loss: 1.1418 | Avg Found Sources: 0.20
2026-02-20 11:02:44,751 | INFO | Episode 330/5000 | Avg Reward: 36.80 | Avg Length: 203.50 | Avg Loss: 1.7609 | Avg Found Sources: 0.40
2026-02-20 11:02:56,082 | INFO | Episode 340/5000 | Avg Reward: -96.72 | Avg Length: 353.70 | Avg Loss: 26.9417 | Avg Found Sources: 0.10
2026-02-20 11:03:03,037 | INFO | Episode 350/5000 | Avg Reward: 26.87 | Avg Length: 206.00 | Avg Loss: 1.6285 | Avg Found Sources: 0.00
2026-02-20 11:03:15,266 | INFO | Episode 360/5000 | Avg Reward: -64.35 | Avg Length: 355.10 | Avg Loss: 14.8800 | Avg Found Sources: 0.10
2026-02-20 11:03:31,043 | INFO | Episode 370/5000 | Avg Reward: -17.22 | Avg Length: 282.80 | Avg Loss: 8.5314 | Avg Found Sources: 0.20
2026-02-20 11:03:41,592 | INFO | Episode 380/5000 | Avg Reward: 22.62 | Avg Length: 206.10 | Avg Loss: 1.1791 | Avg Found Sources: 0.00
2026-02-20 11:03:56,834 | INFO | Episode 390/5000 | Avg Reward: -60.67 | Avg Length: 354.90 | Avg Loss: 15.8035 | Avg Found Sources: 0.30
2026-02-20 11:04:08,117 | INFO | Episode 400/5000 | Avg Reward: -20.48 | Avg Length: 286.10 | Avg Loss: 8.1194 | Avg Found Sources: 0.10
2026-02-20 11:04:15,090 | INFO | Episode 410/5000 | Avg Reward: 41.64 | Avg Length: 204.30 | Avg Loss: 2.6286 | Avg Found Sources: 0.40
2026-02-20 11:04:23,369 | INFO | Episode 420/5000 | Avg Reward: 28.31 | Avg Length: 205.00 | Avg Loss: 0.8998 | Avg Found Sources: 0.20
2026-02-20 11:04:32,865 | INFO | Episode 430/5000 | Avg Reward: 26.48 | Avg Length: 204.90 | Avg Loss: 1.0677 | Avg Found Sources: 0.20
2026-02-20 11:04:43,698 | INFO | Episode 440/5000 | Avg Reward: -8.27 | Avg Length: 284.30 | Avg Loss: 8.0381 | Avg Found Sources: 0.10
2026-02-20 11:04:53,284 | INFO | Episode 450/5000 | Avg Reward: -16.29 | Avg Length: 280.30 | Avg Loss: 8.2312 | Avg Found Sources: 0.10
2026-02-20 11:05:00,400 | INFO | Episode 460/5000 | Avg Reward: 28.83 | Avg Length: 206.60 | Avg Loss: 0.8785 | Avg Found Sources: 0.20
2026-02-20 11:05:07,316 | INFO | Episode 470/5000 | Avg Reward: 24.90 | Avg Length: 205.00 | Avg Loss: 0.8244 | Avg Found Sources: 0.10
2026-02-20 11:05:14,335 | INFO | Episode 480/5000 | Avg Reward: 37.94 | Avg Length: 204.00 | Avg Loss: 2.2741 | Avg Found Sources: 0.10
2026-02-20 11:05:21,194 | INFO | Episode 490/5000 | Avg Reward: 32.09 | Avg Length: 204.70 | Avg Loss: 1.1141 | Avg Found Sources: 0.20
2026-02-20 11:05:28,154 | INFO | Episode 500/5000 | Avg Reward: 28.31 | Avg Length: 204.50 | Avg Loss: 0.9961 | Avg Found Sources: 0.10
2026-02-20 11:05:37,524 | INFO | Episode 510/5000 | Avg Reward: -5.11 | Avg Length: 283.90 | Avg Loss: 7.4532 | Avg Found Sources: 0.10
2026-02-20 11:05:49,243 | INFO | Episode 520/5000 | Avg Reward: -66.89 | Avg Length: 352.00 | Avg Loss: 15.1338 | Avg Found Sources: 0.50
2026-02-20 11:05:56,252 | INFO | Episode 530/5000 | Avg Reward: 34.22 | Avg Length: 204.70 | Avg Loss: 3.2477 | Avg Found Sources: 0.20
2026-02-20 11:06:06,103 | INFO | Episode 540/5000 | Avg Reward: 0.86 | Avg Length: 283.00 | Avg Loss: 3.1639 | Avg Found Sources: 0.10
2026-02-20 11:06:17,807 | INFO | Episode 550/5000 | Avg Reward: -53.46 | Avg Length: 358.40 | Avg Loss: 14.2804 | Avg Found Sources: 0.10
2026-02-20 11:06:24,595 | INFO | Episode 560/5000 | Avg Reward: 31.75 | Avg Length: 204.20 | Avg Loss: 1.1833 | Avg Found Sources: 0.50
2026-02-20 11:06:33,897 | INFO | Episode 570/5000 | Avg Reward: -11.33 | Avg Length: 278.90 | Avg Loss: 8.4940 | Avg Found Sources: 0.20
2026-02-20 11:06:40,725 | INFO | Episode 580/5000 | Avg Reward: 29.28 | Avg Length: 204.00 | Avg Loss: 1.3044 | Avg Found Sources: 0.00
2026-02-20 11:06:47,762 | INFO | Episode 590/5000 | Avg Reward: 25.93 | Avg Length: 209.60 | Avg Loss: 1.8911 | Avg Found Sources: 0.10
2026-02-20 11:06:56,942 | INFO | Episode 600/5000 | Avg Reward: -12.23 | Avg Length: 277.80 | Avg Loss: 8.2939 | Avg Found Sources: 0.50
2026-02-20 11:07:04,910 | INFO | Episode 610/5000 | Avg Reward: 19.77 | Avg Length: 205.90 | Avg Loss: 0.9251 | Avg Found Sources: 0.00
2026-02-20 11:07:12,398 | INFO | Episode 620/5000 | Avg Reward: 26.54 | Avg Length: 203.10 | Avg Loss: 0.6894 | Avg Found Sources: 0.00
2026-02-20 11:07:19,273 | INFO | Episode 630/5000 | Avg Reward: 23.13 | Avg Length: 204.40 | Avg Loss: 0.6530 | Avg Found Sources: 0.10
2026-02-20 11:07:26,501 | INFO | Episode 640/5000 | Avg Reward: 27.45 | Avg Length: 205.20 | Avg Loss: 0.8790 | Avg Found Sources: 0.30
2026-02-20 11:07:34,250 | INFO | Episode 650/5000 | Avg Reward: 28.29 | Avg Length: 206.30 | Avg Loss: 1.0054 | Avg Found Sources: 0.20
2026-02-20 11:07:41,543 | INFO | Episode 660/5000 | Avg Reward: 26.83 | Avg Length: 204.50 | Avg Loss: 0.8257 | Avg Found Sources: 0.10
2026-02-20 11:07:48,470 | INFO | Episode 670/5000 | Avg Reward: 19.04 | Avg Length: 206.80 | Avg Loss: 1.2816 | Avg Found Sources: 0.00
2026-02-20 11:07:57,641 | INFO | Episode 680/5000 | Avg Reward: -8.24 | Avg Length: 281.80 | Avg Loss: 9.4697 | Avg Found Sources: 0.20
2026-02-20 11:08:04,379 | INFO | Episode 690/5000 | Avg Reward: 26.21 | Avg Length: 202.00 | Avg Loss: 0.7548 | Avg Found Sources: 0.30
2026-02-20 11:08:13,521 | INFO | Episode 700/5000 | Avg Reward: -14.20 | Avg Length: 284.20 | Avg Loss: 11.6510 | Avg Found Sources: 0.10
2026-02-20 11:08:20,473 | INFO | Episode 710/5000 | Avg Reward: 31.37 | Avg Length: 206.10 | Avg Loss: 3.2496 | Avg Found Sources: 0.20
2026-02-20 11:08:27,442 | INFO | Episode 720/5000 | Avg Reward: 25.25 | Avg Length: 207.10 | Avg Loss: 1.6430 | Avg Found Sources: 0.30
2026-02-20 11:08:34,252 | INFO | Episode 730/5000 | Avg Reward: 28.78 | Avg Length: 204.50 | Avg Loss: 0.8647 | Avg Found Sources: 0.10
2026-02-20 11:08:41,353 | INFO | Episode 740/5000 | Avg Reward: 29.29 | Avg Length: 207.40 | Avg Loss: 2.2865 | Avg Found Sources: 0.00
2026-02-20 11:08:48,324 | INFO | Episode 750/5000 | Avg Reward: 29.48 | Avg Length: 203.50 | Avg Loss: 0.7861 | Avg Found Sources: 0.00
2026-02-20 11:08:55,182 | INFO | Episode 760/5000 | Avg Reward: 27.78 | Avg Length: 204.70 | Avg Loss: 1.1590 | Avg Found Sources: 0.30
2026-02-20 11:09:04,300 | INFO | Episode 770/5000 | Avg Reward: -22.70 | Avg Length: 281.90 | Avg Loss: 7.7578 | Avg Found Sources: 0.10
2026-02-20 11:09:11,123 | INFO | Episode 780/5000 | Avg Reward: 23.90 | Avg Length: 205.80 | Avg Loss: 1.0359 | Avg Found Sources: 0.10
2026-02-20 11:09:23,197 | INFO | Episode 790/5000 | Avg Reward: -51.22 | Avg Length: 355.00 | Avg Loss: 12.7414 | Avg Found Sources: 0.10
2026-02-20 11:09:30,535 | INFO | Episode 800/5000 | Avg Reward: 35.68 | Avg Length: 203.90 | Avg Loss: 2.1533 | Avg Found Sources: 0.40
2026-02-20 11:09:37,148 | INFO | Episode 810/5000 | Avg Reward: 28.14 | Avg Length: 204.20 | Avg Loss: 1.3944 | Avg Found Sources: 0.40
2026-02-20 11:09:48,602 | INFO | Episode 820/5000 | Avg Reward: -51.36 | Avg Length: 360.60 | Avg Loss: 10.2729 | Avg Found Sources: 0.00
2026-02-20 11:09:57,368 | INFO | Episode 830/5000 | Avg Reward: 0.79 | Avg Length: 278.00 | Avg Loss: 4.8478 | Avg Found Sources: 0.10
2026-02-20 11:10:06,555 | INFO | Episode 840/5000 | Avg Reward: 7.14 | Avg Length: 284.20 | Avg Loss: 2.5101 | Avg Found Sources: 0.00
2026-02-20 11:10:13,225 | INFO | Episode 850/5000 | Avg Reward: 32.27 | Avg Length: 203.30 | Avg Loss: 1.6782 | Avg Found Sources: 0.00
2026-02-20 11:10:19,939 | INFO | Episode 860/5000 | Avg Reward: 25.77 | Avg Length: 204.90 | Avg Loss: 0.6471 | Avg Found Sources: 0.10
2026-02-20 11:10:28,963 | INFO | Episode 870/5000 | Avg Reward: -9.38 | Avg Length: 282.10 | Avg Loss: 6.7847 | Avg Found Sources: 0.00
2026-02-20 11:10:35,739 | INFO | Episode 880/5000 | Avg Reward: 30.64 | Avg Length: 206.90 | Avg Loss: 1.0191 | Avg Found Sources: 0.00
2026-02-20 11:10:42,715 | INFO | Episode 890/5000 | Avg Reward: 31.15 | Avg Length: 205.20 | Avg Loss: 1.5636 | Avg Found Sources: 0.30
2026-02-20 11:10:50,279 | INFO | Episode 900/5000 | Avg Reward: 33.92 | Avg Length: 204.50 | Avg Loss: 1.7795 | Avg Found Sources: 0.10
2026-02-20 11:11:02,284 | INFO | Episode 910/5000 | Avg Reward: -61.74 | Avg Length: 354.50 | Avg Loss: 13.2644 | Avg Found Sources: 0.20
2026-02-20 11:11:11,440 | INFO | Episode 920/5000 | Avg Reward: -19.96 | Avg Length: 283.70 | Avg Loss: 7.9058 | Avg Found Sources: 0.30
2026-02-20 11:11:18,166 | INFO | Episode 930/5000 | Avg Reward: 22.82 | Avg Length: 205.00 | Avg Loss: 1.0113 | Avg Found Sources: 0.00
2026-02-20 11:11:24,810 | INFO | Episode 940/5000 | Avg Reward: 35.84 | Avg Length: 203.40 | Avg Loss: 1.9481 | Avg Found Sources: 0.20
2026-02-20 11:11:32,276 | INFO | Episode 950/5000 | Avg Reward: 24.72 | Avg Length: 207.10 | Avg Loss: 1.1030 | Avg Found Sources: 0.40
2026-02-20 11:11:39,445 | INFO | Episode 960/5000 | Avg Reward: 29.45 | Avg Length: 204.00 | Avg Loss: 1.0675 | Avg Found Sources: 0.20
2026-02-20 11:11:48,659 | INFO | Episode 970/5000 | Avg Reward: 5.17 | Avg Length: 285.70 | Avg Loss: 2.7991 | Avg Found Sources: 0.00
2026-02-20 11:11:55,416 | INFO | Episode 980/5000 | Avg Reward: 26.21 | Avg Length: 205.80 | Avg Loss: 1.2411 | Avg Found Sources: 0.00
2026-02-20 11:12:04,511 | INFO | Episode 990/5000 | Avg Reward: -18.39 | Avg Length: 283.90 | Avg Loss: 8.8878 | Avg Found Sources: 0.10
2026-02-20 11:12:11,170 | INFO | Episode 1000/5000 | Avg Reward: 36.56 | Avg Length: 203.10 | Avg Loss: 4.1034 | Avg Found Sources: 0.20
2026-02-20 11:12:22,539 | INFO | Episode 1010/5000 | Avg Reward: -59.95 | Avg Length: 359.20 | Avg Loss: 15.4168 | Avg Found Sources: 0.20
2026-02-20 11:12:33,681 | INFO | Episode 1020/5000 | Avg Reward: -55.89 | Avg Length: 355.90 | Avg Loss: 14.4783 | Avg Found Sources: 0.10
2026-02-20 11:12:40,270 | INFO | Episode 1030/5000 | Avg Reward: 33.37 | Avg Length: 202.90 | Avg Loss: 1.3322 | Avg Found Sources: 0.30
2026-02-20 11:12:47,098 | INFO | Episode 1040/5000 | Avg Reward: 29.11 | Avg Length: 206.30 | Avg Loss: 1.8792 | Avg Found Sources: 0.20
2026-02-20 11:12:54,472 | INFO | Episode 1050/5000 | Avg Reward: 31.47 | Avg Length: 205.50 | Avg Loss: 0.8079 | Avg Found Sources: 0.20
2026-02-20 11:13:03,856 | INFO | Episode 1060/5000 | Avg Reward: -57.19 | Avg Length: 278.90 | Avg Loss: 12.5429 | Avg Found Sources: 0.50
2026-02-20 11:13:10,684 | INFO | Episode 1070/5000 | Avg Reward: 33.67 | Avg Length: 204.50 | Avg Loss: 1.4621 | Avg Found Sources: 0.10
2026-02-20 11:13:17,941 | INFO | Episode 1080/5000 | Avg Reward: 35.07 | Avg Length: 206.70 | Avg Loss: 2.5871 | Avg Found Sources: 0.40
2026-02-20 11:13:24,671 | INFO | Episode 1090/5000 | Avg Reward: 25.81 | Avg Length: 204.70 | Avg Loss: 0.7123 | Avg Found Sources: 0.20
2026-02-20 11:13:31,348 | INFO | Episode 1100/5000 | Avg Reward: 24.62 | Avg Length: 202.90 | Avg Loss: 0.6497 | Avg Found Sources: 0.00
2026-02-20 11:13:40,473 | INFO | Episode 1110/5000 | Avg Reward: -11.99 | Avg Length: 279.00 | Avg Loss: 8.5372 | Avg Found Sources: 0.20
2026-02-20 11:13:47,250 | INFO | Episode 1120/5000 | Avg Reward: 26.25 | Avg Length: 204.00 | Avg Loss: 0.9481 | Avg Found Sources: 0.00
2026-02-20 11:13:53,939 | INFO | Episode 1130/5000 | Avg Reward: 24.70 | Avg Length: 204.40 | Avg Loss: 0.9782 | Avg Found Sources: 0.00
2026-02-20 11:14:00,742 | INFO | Episode 1140/5000 | Avg Reward: 28.93 | Avg Length: 206.10 | Avg Loss: 1.1824 | Avg Found Sources: 0.00
2026-02-20 11:14:11,837 | INFO | Episode 1150/5000 | Avg Reward: -58.52 | Avg Length: 352.70 | Avg Loss: 13.9561 | Avg Found Sources: 0.20
2026-02-20 11:14:21,050 | INFO | Episode 1160/5000 | Avg Reward: -20.86 | Avg Length: 286.30 | Avg Loss: 11.4116 | Avg Found Sources: 0.10
2026-02-20 11:14:27,864 | INFO | Episode 1170/5000 | Avg Reward: 25.68 | Avg Length: 207.20 | Avg Loss: 2.4575 | Avg Found Sources: 0.30
2026-02-20 11:14:40,256 | INFO | Episode 1180/5000 | Avg Reward: -48.34 | Avg Length: 351.00 | Avg Loss: 16.4552 | Avg Found Sources: 0.30
2026-02-20 11:14:47,707 | INFO | Episode 1190/5000 | Avg Reward: 28.35 | Avg Length: 205.60 | Avg Loss: 1.5297 | Avg Found Sources: 0.20
2026-02-20 11:14:54,464 | INFO | Episode 1200/5000 | Avg Reward: 36.82 | Avg Length: 202.60 | Avg Loss: 1.2381 | Avg Found Sources: 0.10
2026-02-20 11:15:01,317 | INFO | Episode 1210/5000 | Avg Reward: 40.34 | Avg Length: 204.90 | Avg Loss: 4.4194 | Avg Found Sources: 0.30
2026-02-20 11:15:08,935 | INFO | Episode 1220/5000 | Avg Reward: 26.17 | Avg Length: 206.20 | Avg Loss: 1.0005 | Avg Found Sources: 0.20
2026-02-20 11:15:18,680 | INFO | Episode 1230/5000 | Avg Reward: -13.87 | Avg Length: 284.20 | Avg Loss: 7.2299 | Avg Found Sources: 0.40
2026-02-20 11:15:27,577 | INFO | Episode 1240/5000 | Avg Reward: -22.36 | Avg Length: 279.80 | Avg Loss: 8.0282 | Avg Found Sources: 0.10
2026-02-20 11:15:34,317 | INFO | Episode 1250/5000 | Avg Reward: 28.11 | Avg Length: 207.10 | Avg Loss: 1.1202 | Avg Found Sources: 0.20
2026-02-20 11:15:41,117 | INFO | Episode 1260/5000 | Avg Reward: 27.88 | Avg Length: 207.60 | Avg Loss: 1.1707 | Avg Found Sources: 0.30
2026-02-20 11:15:47,714 | INFO | Episode 1270/5000 | Avg Reward: 33.41 | Avg Length: 202.00 | Avg Loss: 1.1701 | Avg Found Sources: 0.20
2026-02-20 11:15:54,413 | INFO | Episode 1280/5000 | Avg Reward: 29.31 | Avg Length: 204.10 | Avg Loss: 1.1260 | Avg Found Sources: 0.10
2026-02-20 11:16:00,969 | INFO | Episode 1290/5000 | Avg Reward: 28.89 | Avg Length: 202.10 | Avg Loss: 0.7214 | Avg Found Sources: 0.10
2026-02-20 11:16:07,795 | INFO | Episode 1300/5000 | Avg Reward: 25.93 | Avg Length: 207.30 | Avg Loss: 1.1379 | Avg Found Sources: 0.40
2026-02-20 11:16:14,465 | INFO | Episode 1310/5000 | Avg Reward: 32.14 | Avg Length: 203.60 | Avg Loss: 1.2864 | Avg Found Sources: 0.30
2026-02-20 11:16:21,160 | INFO | Episode 1320/5000 | Avg Reward: 30.67 | Avg Length: 202.50 | Avg Loss: 0.9625 | Avg Found Sources: 0.10
2026-02-20 11:16:30,232 | INFO | Episode 1330/5000 | Avg Reward: -14.39 | Avg Length: 283.10 | Avg Loss: 7.0118 | Avg Found Sources: 0.00
2026-02-20 11:16:36,806 | INFO | Episode 1340/5000 | Avg Reward: 32.28 | Avg Length: 203.70 | Avg Loss: 1.4238 | Avg Found Sources: 0.00
2026-02-20 11:16:43,552 | INFO | Episode 1350/5000 | Avg Reward: 34.57 | Avg Length: 203.10 | Avg Loss: 1.6286 | Avg Found Sources: 0.20
2026-02-20 11:16:50,437 | INFO | Episode 1360/5000 | Avg Reward: 41.47 | Avg Length: 210.70 | Avg Loss: 4.4519 | Avg Found Sources: 0.80
2026-02-20 11:16:57,319 | INFO | Episode 1370/5000 | Avg Reward: 19.11 | Avg Length: 208.50 | Avg Loss: 1.3583 | Avg Found Sources: 0.00
2026-02-20 11:17:04,105 | INFO | Episode 1380/5000 | Avg Reward: 21.51 | Avg Length: 208.50 | Avg Loss: 1.4985 | Avg Found Sources: 0.10
2026-02-20 11:17:13,195 | INFO | Episode 1390/5000 | Avg Reward: -16.62 | Avg Length: 283.10 | Avg Loss: 8.1132 | Avg Found Sources: 0.20
2026-02-20 11:17:22,344 | INFO | Episode 1400/5000 | Avg Reward: -9.80 | Avg Length: 282.20 | Avg Loss: 9.0942 | Avg Found Sources: 0.20
2026-02-20 11:17:31,468 | INFO | Episode 1410/5000 | Avg Reward: 2.37 | Avg Length: 285.20 | Avg Loss: 3.1351 | Avg Found Sources: 0.10
2026-02-20 11:17:38,155 | INFO | Episode 1420/5000 | Avg Reward: 33.15 | Avg Length: 204.50 | Avg Loss: 1.6256 | Avg Found Sources: 0.20
2026-02-20 11:22:26,298 | INFO | Episode 10/5000 | Avg Reward: -25.46 | Avg Length: 341.80 | Avg Loss: 13.1031 | Avg Found Sources: 1.10 | Avg Reward Components: conc=10.44, found=11.00, collision=-46.80, battery=-0.10, done=0.00
2026-02-20 11:22:35,796 | INFO | Episode 20/5000 | Avg Reward: 12.50 | Avg Length: 268.20 | Avg Loss: 5.6946 | Avg Found Sources: 0.70 | Avg Reward Components: conc=16.30, found=7.00, collision=-10.70, battery=-0.10, done=0.00
2026-02-20 11:22:46,254 | INFO | Episode 30/5000 | Avg Reward: -38.29 | Avg Length: 314.60 | Avg Loss: 7.4750 | Avg Found Sources: 0.40 | Avg Reward Components: conc=13.86, found=4.00, collision=-56.05, battery=-0.10, done=0.00
2026-02-20 11:22:53,397 | INFO | Episode 40/5000 | Avg Reward: 12.71 | Avg Length: 209.90 | Avg Loss: 3.1040 | Avg Found Sources: 0.80 | Avg Reward Components: conc=5.81, found=8.00, collision=-1.00, battery=-0.10, done=0.00
2026-02-20 11:23:00,316 | INFO | Episode 50/5000 | Avg Reward: 7.47 | Avg Length: 208.10 | Avg Loss: 3.2512 | Avg Found Sources: 0.40 | Avg Reward Components: conc=7.02, found=4.00, collision=-3.45, battery=-0.10, done=0.00
2026-02-20 11:23:07,092 | INFO | Episode 60/5000 | Avg Reward: 13.35 | Avg Length: 207.40 | Avg Loss: 4.3081 | Avg Found Sources: 0.80 | Avg Reward Components: conc=9.10, found=8.00, collision=-3.65, battery=-0.10, done=0.00
2026-02-20 11:23:13,881 | INFO | Episode 70/5000 | Avg Reward: 9.16 | Avg Length: 207.60 | Avg Loss: 1.9490 | Avg Found Sources: 0.40 | Avg Reward Components: conc=8.36, found=4.00, collision=-3.10, battery=-0.10, done=0.00
2026-02-20 11:23:20,768 | INFO | Episode 80/5000 | Avg Reward: 8.48 | Avg Length: 210.30 | Avg Loss: 4.0217 | Avg Found Sources: 0.80 | Avg Reward Components: conc=6.23, found=8.00, collision=-5.65, battery=-0.10, done=0.00
2026-02-20 11:23:27,554 | INFO | Episode 90/5000 | Avg Reward: 13.72 | Avg Length: 207.00 | Avg Loss: 2.9656 | Avg Found Sources: 0.80 | Avg Reward Components: conc=9.02, found=8.00, collision=-3.20, battery=-0.10, done=0.00
2026-02-20 11:23:34,303 | INFO | Episode 100/5000 | Avg Reward: 10.20 | Avg Length: 206.00 | Avg Loss: 2.0182 | Avg Found Sources: 0.40 | Avg Reward Components: conc=8.80, found=4.00, collision=-2.50, battery=-0.10, done=0.00
2026-02-20 11:23:41,113 | INFO | Episode 110/5000 | Avg Reward: 5.64 | Avg Length: 208.50 | Avg Loss: 1.6728 | Avg Found Sources: 0.20 | Avg Reward Components: conc=7.99, found=2.00, collision=-4.25, battery=-0.10, done=0.00
2026-02-20 11:23:49,974 | INFO | Episode 120/5000 | Avg Reward: -71.14 | Avg Length: 279.70 | Avg Loss: 13.9299 | Avg Found Sources: 0.50 | Avg Reward Components: conc=20.16, found=5.00, collision=-96.20, battery=-0.10, done=0.00
2026-02-20 11:23:56,925 | INFO | Episode 130/5000 | Avg Reward: 8.71 | Avg Length: 206.10 | Avg Loss: 2.0684 | Avg Found Sources: 0.70 | Avg Reward Components: conc=4.41, found=7.00, collision=-2.60, battery=-0.10, done=0.00
2026-02-20 11:24:04,151 | INFO | Episode 140/5000 | Avg Reward: 17.24 | Avg Length: 209.80 | Avg Loss: 5.9916 | Avg Found Sources: 1.30 | Avg Reward Components: conc=9.59, found=13.00, collision=-5.25, battery=-0.10, done=0.00
2026-02-20 11:24:11,067 | INFO | Episode 150/5000 | Avg Reward: 27.24 | Avg Length: 205.30 | Avg Loss: 6.2814 | Avg Found Sources: 0.90 | Avg Reward Components: conc=19.89, found=9.00, collision=-1.55, battery=-0.10, done=0.00
2026-02-20 11:24:17,877 | INFO | Episode 160/5000 | Avg Reward: 13.64 | Avg Length: 207.50 | Avg Loss: 2.7940 | Avg Found Sources: 0.70 | Avg Reward Components: conc=9.69, found=7.00, collision=-2.95, battery=-0.10, done=0.00
2026-02-20 11:24:24,606 | INFO | Episode 170/5000 | Avg Reward: 10.06 | Avg Length: 206.00 | Avg Loss: 1.9897 | Avg Found Sources: 0.50 | Avg Reward Components: conc=7.61, found=5.00, collision=-2.45, battery=-0.10, done=0.00
2026-02-20 11:24:31,295 | INFO | Episode 180/5000 | Avg Reward: 13.86 | Avg Length: 204.50 | Avg Loss: 2.0741 | Avg Found Sources: 0.70 | Avg Reward Components: conc=8.76, found=7.00, collision=-1.80, battery=-0.10, done=0.00
2026-02-20 11:24:38,086 | INFO | Episode 190/5000 | Avg Reward: 15.74 | Avg Length: 206.30 | Avg Loss: 2.9492 | Avg Found Sources: 0.30 | Avg Reward Components: conc=15.54, found=3.00, collision=-2.70, battery=-0.10, done=0.00
2026-02-20 11:24:44,783 | INFO | Episode 200/5000 | Avg Reward: 6.72 | Avg Length: 204.80 | Avg Loss: 1.0956 | Avg Found Sources: 0.30 | Avg Reward Components: conc=5.37, found=3.00, collision=-1.55, battery=-0.10, done=0.00
2026-02-20 11:24:53,803 | INFO | Episode 210/5000 | Avg Reward: -88.59 | Avg Length: 280.90 | Avg Loss: 15.4643 | Avg Found Sources: 0.30 | Avg Reward Components: conc=6.16, found=3.00, collision=-97.65, battery=-0.10, done=0.00
2026-02-20 11:25:00,418 | INFO | Episode 220/5000 | Avg Reward: 15.20 | Avg Length: 203.40 | Avg Loss: 3.7983 | Avg Found Sources: 0.90 | Avg Reward Components: conc=6.95, found=9.00, collision=-0.65, battery=-0.10, done=0.00
2026-02-20 11:25:07,131 | INFO | Episode 230/5000 | Avg Reward: 21.61 | Avg Length: 204.60 | Avg Loss: 3.7363 | Avg Found Sources: 0.80 | Avg Reward Components: conc=15.11, found=8.00, collision=-1.40, battery=-0.10, done=0.00
2026-02-20 11:25:16,047 | INFO | Episode 240/5000 | Avg Reward: -87.13 | Avg Length: 278.50 | Avg Loss: 15.1601 | Avg Found Sources: 0.40 | Avg Reward Components: conc=4.62, found=4.00, collision=-95.65, battery=-0.10, done=0.00
2026-02-20 11:25:22,769 | INFO | Episode 250/5000 | Avg Reward: 6.95 | Avg Length: 205.40 | Avg Loss: 1.4897 | Avg Found Sources: 0.60 | Avg Reward Components: conc=3.65, found=6.00, collision=-2.60, battery=-0.10, done=0.00
2026-02-20 11:25:29,450 | INFO | Episode 260/5000 | Avg Reward: 14.99 | Avg Length: 204.20 | Avg Loss: 3.3088 | Avg Found Sources: 0.80 | Avg Reward Components: conc=8.24, found=8.00, collision=-1.15, battery=-0.10, done=0.00
2026-02-20 11:25:36,462 | INFO | Episode 270/5000 | Avg Reward: 6.56 | Avg Length: 204.50 | Avg Loss: 1.0664 | Avg Found Sources: 0.70 | Avg Reward Components: conc=1.01, found=7.00, collision=-1.35, battery=-0.10, done=0.00
2026-02-20 11:25:43,520 | INFO | Episode 280/5000 | Avg Reward: 5.68 | Avg Length: 205.90 | Avg Loss: 1.8518 | Avg Found Sources: 0.10 | Avg Reward Components: conc=7.58, found=1.00, collision=-2.80, battery=-0.10, done=0.00
2026-02-20 11:25:54,584 | INFO | Episode 290/5000 | Avg Reward: -156.88 | Avg Length: 353.00 | Avg Loss: 28.3537 | Avg Found Sources: 0.80 | Avg Reward Components: conc=21.72, found=8.00, collision=-186.50, battery=-0.10, done=0.00
2026-02-20 11:26:01,376 | INFO | Episode 300/5000 | Avg Reward: 5.71 | Avg Length: 208.50 | Avg Loss: 1.6786 | Avg Found Sources: 0.40 | Avg Reward Components: conc=6.06, found=4.00, collision=-4.25, battery=-0.10, done=0.00
2026-02-20 11:26:10,252 | INFO | Episode 310/5000 | Avg Reward: -64.59 | Avg Length: 276.70 | Avg Loss: 13.8118 | Avg Found Sources: 0.60 | Avg Reward Components: conc=21.51, found=6.00, collision=-92.00, battery=-0.10, done=0.00
2026-02-20 11:26:17,051 | INFO | Episode 320/5000 | Avg Reward: 5.30 | Avg Length: 208.00 | Avg Loss: 2.9723 | Avg Found Sources: 0.80 | Avg Reward Components: conc=1.60, found=8.00, collision=-4.20, battery=-0.10, done=0.00
2026-02-20 11:26:23,719 | INFO | Episode 330/5000 | Avg Reward: 18.80 | Avg Length: 204.90 | Avg Loss: 3.7284 | Avg Found Sources: 1.00 | Avg Reward Components: conc=10.25, found=10.00, collision=-1.35, battery=-0.10, done=0.00
2026-02-20 11:26:34,956 | INFO | Episode 340/5000 | Avg Reward: -167.04 | Avg Length: 354.60 | Avg Loss: 27.0139 | Avg Found Sources: 0.70 | Avg Reward Components: conc=13.61, found=7.00, collision=-187.55, battery=-0.10, done=0.00
2026-02-20 11:26:41,637 | INFO | Episode 350/5000 | Avg Reward: 8.86 | Avg Length: 206.00 | Avg Loss: 3.6325 | Avg Found Sources: 0.70 | Avg Reward Components: conc=4.66, found=7.00, collision=-2.70, battery=-0.10, done=0.00
2026-02-20 11:26:50,613 | INFO | Episode 360/5000 | Avg Reward: -84.85 | Avg Length: 278.80 | Avg Loss: 15.5428 | Avg Found Sources: 0.40 | Avg Reward Components: conc=4.85, found=4.00, collision=-93.60, battery=-0.10, done=0.00
2026-02-20 11:26:59,734 | INFO | Episode 370/5000 | Avg Reward: -86.18 | Avg Length: 283.60 | Avg Loss: 17.0390 | Avg Found Sources: 0.50 | Avg Reward Components: conc=8.17, found=5.00, collision=-99.25, battery=-0.10, done=0.00
2026-02-20 11:27:06,389 | INFO | Episode 380/5000 | Avg Reward: 8.42 | Avg Length: 205.00 | Avg Loss: 1.5496 | Avg Found Sources: 0.40 | Avg Reward Components: conc=6.72, found=4.00, collision=-2.20, battery=-0.10, done=0.00
2026-02-20 11:27:13,139 | INFO | Episode 390/5000 | Avg Reward: 14.96 | Avg Length: 203.40 | Avg Loss: 2.8642 | Avg Found Sources: 0.50 | Avg Reward Components: conc=10.71, found=5.00, collision=-0.65, battery=-0.10, done=0.00
2026-02-20 11:27:19,849 | INFO | Episode 400/5000 | Avg Reward: 13.15 | Avg Length: 206.40 | Avg Loss: 3.7272 | Avg Found Sources: 0.50 | Avg Reward Components: conc=11.40, found=5.00, collision=-3.15, battery=-0.10, done=0.00
2026-02-20 11:27:26,642 | INFO | Episode 410/5000 | Avg Reward: 29.79 | Avg Length: 206.40 | Avg Loss: 5.8361 | Avg Found Sources: 0.90 | Avg Reward Components: conc=23.24, found=9.00, collision=-2.35, battery=-0.10, done=0.00
2026-02-20 11:27:33,432 | INFO | Episode 420/5000 | Avg Reward: 5.29 | Avg Length: 207.50 | Avg Loss: 2.1053 | Avg Found Sources: 0.20 | Avg Reward Components: conc=6.44, found=2.00, collision=-3.05, battery=-0.10, done=0.00
2026-02-20 11:27:40,210 | INFO | Episode 430/5000 | Avg Reward: 6.03 | Avg Length: 208.20 | Avg Loss: 1.2200 | Avg Found Sources: 0.30 | Avg Reward Components: conc=7.08, found=3.00, collision=-3.95, battery=-0.10, done=0.00
2026-02-20 11:27:46,931 | INFO | Episode 440/5000 | Avg Reward: 15.68 | Avg Length: 207.00 | Avg Loss: 2.9066 | Avg Found Sources: 0.60 | Avg Reward Components: conc=12.63, found=6.00, collision=-2.85, battery=-0.10, done=0.00
2026-02-20 11:27:55,878 | INFO | Episode 450/5000 | Avg Reward: -86.38 | Avg Length: 280.30 | Avg Loss: 15.6855 | Avg Found Sources: 0.50 | Avg Reward Components: conc=5.42, found=5.00, collision=-96.70, battery=-0.10, done=0.00
2026-02-20 11:28:02,518 | INFO | Episode 460/5000 | Avg Reward: 8.64 | Avg Length: 205.50 | Avg Loss: 1.8183 | Avg Found Sources: 0.40 | Avg Reward Components: conc=8.24, found=4.00, collision=-3.50, battery=-0.10, done=0.00
2026-02-20 11:28:09,241 | INFO | Episode 470/5000 | Avg Reward: 7.80 | Avg Length: 206.90 | Avg Loss: 2.2901 | Avg Found Sources: 0.50 | Avg Reward Components: conc=5.60, found=5.00, collision=-2.70, battery=-0.10, done=0.00
2026-02-20 11:28:15,916 | INFO | Episode 480/5000 | Avg Reward: 12.52 | Avg Length: 204.00 | Avg Loss: 1.4500 | Avg Found Sources: 0.60 | Avg Reward Components: conc=8.47, found=6.00, collision=-1.85, battery=-0.10, done=0.00
2026-02-20 11:28:22,711 | INFO | Episode 490/5000 | Avg Reward: 12.96 | Avg Length: 206.80 | Avg Loss: 2.8459 | Avg Found Sources: 0.40 | Avg Reward Components: conc=12.16, found=4.00, collision=-3.10, battery=-0.10, done=0.00
2026-02-20 11:28:29,519 | INFO | Episode 500/5000 | Avg Reward: 8.73 | Avg Length: 206.60 | Avg Loss: 1.7735 | Avg Found Sources: 0.20 | Avg Reward Components: conc=9.13, found=2.00, collision=-2.30, battery=-0.10, done=0.00
2026-02-20 11:28:36,250 | INFO | Episode 510/5000 | Avg Reward: 13.48 | Avg Length: 205.70 | Avg Loss: 2.3729 | Avg Found Sources: 0.50 | Avg Reward Components: conc=10.93, found=5.00, collision=-2.35, battery=-0.10, done=0.00
2026-02-20 11:28:45,012 | INFO | Episode 520/5000 | Avg Reward: -78.01 | Avg Length: 274.60 | Avg Loss: 16.1530 | Avg Found Sources: 0.70 | Avg Reward Components: conc=4.54, found=7.00, collision=-89.45, battery=-0.10, done=0.00
2026-02-20 11:28:51,899 | INFO | Episode 530/5000 | Avg Reward: 11.78 | Avg Length: 206.50 | Avg Loss: 2.1470 | Avg Found Sources: 0.50 | Avg Reward Components: conc=9.98, found=5.00, collision=-3.10, battery=-0.10, done=0.00
2026-02-20 11:28:58,605 | INFO | Episode 540/5000 | Avg Reward: 9.02 | Avg Length: 204.70 | Avg Loss: 1.7307 | Avg Found Sources: 0.40 | Avg Reward Components: conc=7.22, found=4.00, collision=-2.10, battery=-0.10, done=0.00
2026-02-20 11:29:08,034 | INFO | Episode 550/5000 | Avg Reward: -84.99 | Avg Length: 284.20 | Avg Loss: 15.9975 | Avg Found Sources: 0.40 | Avg Reward Components: conc=10.81, found=4.00, collision=-99.70, battery=-0.10, done=0.00
2026-02-20 11:29:14,789 | INFO | Episode 560/5000 | Avg Reward: 16.42 | Avg Length: 204.40 | Avg Loss: 3.7637 | Avg Found Sources: 0.90 | Avg Reward Components: conc=8.72, found=9.00, collision=-1.20, battery=-0.10, done=0.00
2026-02-20 11:29:21,613 | INFO | Episode 570/5000 | Avg Reward: 6.65 | Avg Length: 203.90 | Avg Loss: 1.1995 | Avg Found Sources: 0.30 | Avg Reward Components: conc=4.70, found=3.00, collision=-0.95, battery=-0.10, done=0.00
2026-02-20 11:29:28,292 | INFO | Episode 580/5000 | Avg Reward: 9.37 | Avg Length: 203.30 | Avg Loss: 2.7201 | Avg Found Sources: 0.60 | Avg Reward Components: conc=4.17, found=6.00, collision=-0.70, battery=-0.10, done=0.00
2026-02-20 11:29:35,272 | INFO | Episode 590/5000 | Avg Reward: 13.07 | Avg Length: 211.10 | Avg Loss: 4.9002 | Avg Found Sources: 0.90 | Avg Reward Components: conc=10.52, found=9.00, collision=-6.35, battery=-0.10, done=0.00
2026-02-20 11:29:44,107 | INFO | Episode 600/5000 | Avg Reward: -81.91 | Avg Length: 279.10 | Avg Loss: 16.0235 | Avg Found Sources: 0.70 | Avg Reward Components: conc=5.29, found=7.00, collision=-94.10, battery=-0.10, done=0.00
2026-02-20 11:29:50,902 | INFO | Episode 610/5000 | Avg Reward: 4.75 | Avg Length: 206.40 | Avg Loss: 0.9569 | Avg Found Sources: 0.20 | Avg Reward Components: conc=5.20, found=2.00, collision=-2.35, battery=-0.10, done=0.00
2026-02-20 11:29:57,683 | INFO | Episode 620/5000 | Avg Reward: 12.06 | Avg Length: 204.90 | Avg Loss: 3.0030 | Avg Found Sources: 0.70 | Avg Reward Components: conc=6.76, found=7.00, collision=-1.60, battery=-0.10, done=0.00
2026-02-20 11:30:04,356 | INFO | Episode 630/5000 | Avg Reward: 10.53 | Avg Length: 204.60 | Avg Loss: 2.5007 | Avg Found Sources: 0.90 | Avg Reward Components: conc=3.18, found=9.00, collision=-1.55, battery=-0.10, done=0.00
2026-02-20 11:30:11,083 | INFO | Episode 640/5000 | Avg Reward: 8.39 | Avg Length: 204.80 | Avg Loss: 1.5889 | Avg Found Sources: 0.50 | Avg Reward Components: conc=5.04, found=5.00, collision=-1.55, battery=-0.10, done=0.00
2026-02-20 11:30:17,969 | INFO | Episode 650/5000 | Avg Reward: 8.46 | Avg Length: 208.00 | Avg Loss: 2.1917 | Avg Found Sources: 0.60 | Avg Reward Components: conc=6.21, found=6.00, collision=-3.65, battery=-0.10, done=0.00
2026-02-20 11:30:24,722 | INFO | Episode 660/5000 | Avg Reward: 15.01 | Avg Length: 204.60 | Avg Loss: 2.6294 | Avg Found Sources: 0.80 | Avg Reward Components: conc=8.71, found=8.00, collision=-1.60, battery=-0.10, done=0.00
2026-02-20 11:30:31,428 | INFO | Episode 670/5000 | Avg Reward: 1.24 | Avg Length: 205.90 | Avg Loss: 0.5541 | Avg Found Sources: 0.00 | Avg Reward Components: conc=3.74, found=0.00, collision=-2.40, battery=-0.10, done=0.00
2026-02-20 11:30:40,456 | INFO | Episode 680/5000 | Avg Reward: -77.47 | Avg Length: 283.00 | Avg Loss: 12.1351 | Avg Found Sources: 0.30 | Avg Reward Components: conc=19.08, found=3.00, collision=-99.45, battery=-0.10, done=0.00
2026-02-20 11:30:46,998 | INFO | Episode 690/5000 | Avg Reward: 11.00 | Avg Length: 202.00 | Avg Loss: 2.1832 | Avg Found Sources: 0.70 | Avg Reward Components: conc=4.10, found=7.00, collision=0.00, battery=-0.10, done=0.00
2026-02-20 11:30:56,076 | INFO | Episode 700/5000 | Avg Reward: -88.29 | Avg Length: 284.50 | Avg Loss: 15.7024 | Avg Found Sources: 0.50 | Avg Reward Components: conc=4.76, found=5.00, collision=-97.95, battery=-0.10, done=0.00
2026-02-20 11:31:02,800 | INFO | Episode 710/5000 | Avg Reward: 9.71 | Avg Length: 205.20 | Avg Loss: 2.4111 | Avg Found Sources: 0.60 | Avg Reward Components: conc=6.71, found=6.00, collision=-2.90, battery=-0.10, done=0.00
2026-02-20 11:31:09,507 | INFO | Episode 720/5000 | Avg Reward: 13.78 | Avg Length: 207.00 | Avg Loss: 3.6653 | Avg Found Sources: 0.90 | Avg Reward Components: conc=7.68, found=9.00, collision=-2.80, battery=-0.10, done=0.00
2026-02-20 11:31:16,117 | INFO | Episode 730/5000 | Avg Reward: 5.77 | Avg Length: 204.40 | Avg Loss: 0.5268 | Avg Found Sources: 0.10 | Avg Reward Components: conc=5.92, found=1.00, collision=-1.05, battery=-0.10, done=0.00
2026-02-20 11:31:22,778 | INFO | Episode 740/5000 | Avg Reward: 5.44 | Avg Length: 205.20 | Avg Loss: 1.2589 | Avg Found Sources: 0.20 | Avg Reward Components: conc=5.39, found=2.00, collision=-1.85, battery=-0.10, done=0.00
2026-02-20 11:31:29,585 | INFO | Episode 750/5000 | Avg Reward: 13.12 | Avg Length: 207.90 | Avg Loss: 3.1355 | Avg Found Sources: 0.50 | Avg Reward Components: conc=11.57, found=5.00, collision=-3.35, battery=-0.10, done=0.00
2026-02-20 11:31:36,323 | INFO | Episode 760/5000 | Avg Reward: 4.62 | Avg Length: 206.60 | Avg Loss: 1.3170 | Avg Found Sources: 0.30 | Avg Reward Components: conc=4.52, found=3.00, collision=-2.80, battery=-0.10, done=0.00
2026-02-20 11:31:45,409 | INFO | Episode 770/5000 | Avg Reward: -90.71 | Avg Length: 284.70 | Avg Loss: 15.4971 | Avg Found Sources: 0.30 | Avg Reward Components: conc=6.44, found=3.00, collision=-100.05, battery=-0.10, done=0.00
2026-02-20 11:31:52,136 | INFO | Episode 780/5000 | Avg Reward: 6.30 | Avg Length: 206.30 | Avg Loss: 1.8735 | Avg Found Sources: 0.30 | Avg Reward Components: conc=7.05, found=3.00, collision=-3.65, battery=-0.10, done=0.00
2026-02-20 11:32:01,174 | INFO | Episode 790/5000 | Avg Reward: -71.73 | Avg Length: 280.60 | Avg Loss: 15.0077 | Avg Found Sources: 0.60 | Avg Reward Components: conc=19.92, found=6.00, collision=-97.55, battery=-0.10, done=0.00
2026-02-20 11:32:07,911 | INFO | Episode 800/5000 | Avg Reward: 19.98 | Avg Length: 203.10 | Avg Loss: 4.1180 | Avg Found Sources: 0.80 | Avg Reward Components: conc=12.68, found=8.00, collision=-0.60, battery=-0.10, done=0.00
2026-02-20 11:32:14,650 | INFO | Episode 810/5000 | Avg Reward: 7.14 | Avg Length: 206.60 | Avg Loss: 1.7958 | Avg Found Sources: 0.30 | Avg Reward Components: conc=7.19, found=3.00, collision=-2.95, battery=-0.10, done=0.00
2026-02-20 11:32:23,922 | INFO | Episode 820/5000 | Avg Reward: -91.16 | Avg Length: 282.80 | Avg Loss: 14.3835 | Avg Found Sources: 0.20 | Avg Reward Components: conc=5.44, found=2.00, collision=-98.50, battery=-0.10, done=0.00
2026-02-20 11:32:30,901 | INFO | Episode 830/5000 | Avg Reward: 7.20 | Avg Length: 209.40 | Avg Loss: 1.6718 | Avg Found Sources: 0.30 | Avg Reward Components: conc=9.05, found=3.00, collision=-4.75, battery=-0.10, done=0.00
2026-02-20 11:32:37,778 | INFO | Episode 840/5000 | Avg Reward: 6.03 | Avg Length: 205.80 | Avg Loss: 2.1068 | Avg Found Sources: 0.20 | Avg Reward Components: conc=7.53, found=2.00, collision=-3.40, battery=-0.10, done=0.00
2026-02-20 11:32:44,460 | INFO | Episode 850/5000 | Avg Reward: 11.59 | Avg Length: 203.40 | Avg Loss: 1.3043 | Avg Found Sources: 0.40 | Avg Reward Components: conc=8.34, found=4.00, collision=-0.65, battery=-0.10, done=0.00
2026-02-20 11:32:51,226 | INFO | Episode 860/5000 | Avg Reward: 13.55 | Avg Length: 204.70 | Avg Loss: 2.3162 | Avg Found Sources: 0.70 | Avg Reward Components: conc=8.10, found=7.00, collision=-1.45, battery=-0.10, done=0.00
2026-02-20 11:33:00,216 | INFO | Episode 870/5000 | Avg Reward: -71.66 | Avg Length: 282.10 | Avg Loss: 12.7225 | Avg Found Sources: 0.20 | Avg Reward Components: conc=25.64, found=2.00, collision=-99.20, battery=-0.10, done=0.00
2026-02-20 11:33:06,982 | INFO | Episode 880/5000 | Avg Reward: 7.41 | Avg Length: 207.80 | Avg Loss: 1.5730 | Avg Found Sources: 0.30 | Avg Reward Components: conc=7.66, found=3.00, collision=-3.15, battery=-0.10, done=0.00
2026-02-20 11:33:13,632 | INFO | Episode 890/5000 | Avg Reward: 11.41 | Avg Length: 206.30 | Avg Loss: 2.7785 | Avg Found Sources: 0.50 | Avg Reward Components: conc=8.91, found=5.00, collision=-2.40, battery=-0.10, done=0.00
2026-02-20 11:33:20,362 | INFO | Episode 900/5000 | Avg Reward: 10.34 | Avg Length: 204.50 | Avg Loss: 1.9993 | Avg Found Sources: 0.70 | Avg Reward Components: conc=4.74, found=7.00, collision=-1.30, battery=-0.10, done=0.00
2026-02-20 11:33:29,432 | INFO | Episode 910/5000 | Avg Reward: -76.04 | Avg Length: 283.30 | Avg Loss: 13.2392 | Avg Found Sources: 0.80 | Avg Reward Components: conc=14.51, found=8.00, collision=-98.45, battery=-0.10, done=0.00
2026-02-20 11:33:38,595 | INFO | Episode 920/5000 | Avg Reward: -84.77 | Avg Length: 282.40 | Avg Loss: 16.0716 | Avg Found Sources: 0.60 | Avg Reward Components: conc=7.48, found=6.00, collision=-98.15, battery=-0.10, done=0.00
2026-02-20 11:33:45,484 | INFO | Episode 930/5000 | Avg Reward: 5.08 | Avg Length: 205.90 | Avg Loss: 1.2425 | Avg Found Sources: 0.30 | Avg Reward Components: conc=4.28, found=3.00, collision=-2.10, battery=-0.10, done=0.00
2026-02-20 11:33:52,372 | INFO | Episode 940/5000 | Avg Reward: 12.04 | Avg Length: 206.50 | Avg Loss: 2.6604 | Avg Found Sources: 0.40 | Avg Reward Components: conc=10.49, found=4.00, collision=-2.35, battery=-0.10, done=0.00
2026-02-20 11:33:59,159 | INFO | Episode 950/5000 | Avg Reward: 11.00 | Avg Length: 208.60 | Avg Loss: 5.4856 | Avg Found Sources: 1.00 | Avg Reward Components: conc=6.20, found=10.00, collision=-5.10, battery=-0.10, done=0.00
2026-02-20 11:34:05,970 | INFO | Episode 960/5000 | Avg Reward: 12.07 | Avg Length: 204.60 | Avg Loss: 1.4757 | Avg Found Sources: 0.50 | Avg Reward Components: conc=8.47, found=5.00, collision=-1.30, battery=-0.10, done=0.00
2026-02-20 11:34:12,873 | INFO | Episode 970/5000 | Avg Reward: 9.38 | Avg Length: 208.90 | Avg Loss: 2.9190 | Avg Found Sources: 0.70 | Avg Reward Components: conc=6.68, found=7.00, collision=-4.20, battery=-0.10, done=0.00
2026-02-20 11:34:19,740 | INFO | Episode 980/5000 | Avg Reward: 8.55 | Avg Length: 207.30 | Avg Loss: 2.4746 | Avg Found Sources: 0.60 | Avg Reward Components: conc=5.45, found=6.00, collision=-2.80, battery=-0.10, done=0.00
2026-02-20 11:34:26,606 | INFO | Episode 990/5000 | Avg Reward: 15.45 | Avg Length: 205.50 | Avg Loss: 3.2516 | Avg Found Sources: 0.60 | Avg Reward Components: conc=12.50, found=6.00, collision=-2.95, battery=-0.10, done=0.00
2026-02-20 11:34:33,390 | INFO | Episode 1000/5000 | Avg Reward: 14.00 | Avg Length: 206.00 | Avg Loss: 2.9685 | Avg Found Sources: 0.40 | Avg Reward Components: conc=12.20, found=4.00, collision=-2.10, battery=-0.10, done=0.00
2026-02-20 11:34:42,419 | INFO | Episode 1010/5000 | Avg Reward: -89.10 | Avg Length: 283.30 | Avg Loss: 15.8541 | Avg Found Sources: 0.30 | Avg Reward Components: conc=6.55, found=3.00, collision=-98.55, battery=-0.10, done=0.00
2026-02-20 11:34:53,549 | INFO | Episode 1020/5000 | Avg Reward: -182.22 | Avg Length: 355.40 | Avg Loss: 29.2602 | Avg Found Sources: 0.40 | Avg Reward Components: conc=3.23, found=4.00, collision=-189.35, battery=-0.10, done=0.00
2026-02-20 11:35:00,330 | INFO | Episode 1030/5000 | Avg Reward: 9.21 | Avg Length: 205.90 | Avg Loss: 1.6315 | Avg Found Sources: 0.40 | Avg Reward Components: conc=7.36, found=4.00, collision=-2.05, battery=-0.10, done=0.00
2026-02-20 11:35:07,215 | INFO | Episode 1040/5000 | Avg Reward: 8.25 | Avg Length: 209.30 | Avg Loss: 3.0139 | Avg Found Sources: 0.30 | Avg Reward Components: conc=9.55, found=3.00, collision=-4.20, battery=-0.10, done=0.00
2026-02-20 11:35:13,929 | INFO | Episode 1050/5000 | Avg Reward: 15.11 | Avg Length: 205.20 | Avg Loss: 2.0956 | Avg Found Sources: 0.60 | Avg Reward Components: conc=11.61, found=6.00, collision=-2.40, battery=-0.10, done=0.00
2026-02-20 11:35:22,855 | INFO | Episode 1060/5000 | Avg Reward: -67.55 | Avg Length: 277.30 | Avg Loss: 13.0460 | Avg Found Sources: 0.70 | Avg Reward Components: conc=18.60, found=7.00, collision=-93.05, battery=-0.10, done=0.00
2026-02-20 11:35:29,534 | INFO | Episode 1070/5000 | Avg Reward: 17.54 | Avg Length: 204.10 | Avg Loss: 3.1642 | Avg Found Sources: 0.50 | Avg Reward Components: conc=14.39, found=5.00, collision=-1.75, battery=-0.10, done=0.00
2026-02-20 11:35:36,449 | INFO | Episode 1080/5000 | Avg Reward: 18.61 | Avg Length: 209.50 | Avg Loss: 6.4234 | Avg Found Sources: 0.80 | Avg Reward Components: conc=15.36, found=8.00, collision=-4.65, battery=-0.10, done=0.00
2026-02-20 11:35:43,225 | INFO | Episode 1090/5000 | Avg Reward: 6.29 | Avg Length: 206.20 | Avg Loss: 1.5936 | Avg Found Sources: 0.60 | Avg Reward Components: conc=3.94, found=6.00, collision=-3.55, battery=-0.10, done=0.00
2026-02-20 11:35:49,865 | INFO | Episode 1100/5000 | Avg Reward: 7.97 | Avg Length: 203.50 | Avg Loss: 1.6285 | Avg Found Sources: 0.40 | Avg Reward Components: conc=5.37, found=4.00, collision=-1.30, battery=-0.10, done=0.00
2026-02-20 11:35:58,766 | INFO | Episode 1110/5000 | Avg Reward: -71.74 | Avg Length: 277.40 | Avg Loss: 18.4673 | Avg Found Sources: 0.80 | Avg Reward Components: conc=13.36, found=8.00, collision=-93.00, battery=-0.10, done=0.00
2026-02-20 11:36:05,451 | INFO | Episode 1120/5000 | Avg Reward: 12.77 | Avg Length: 204.00 | Avg Loss: 2.2326 | Avg Found Sources: 0.30 | Avg Reward Components: conc=10.87, found=3.00, collision=-1.00, battery=-0.10, done=0.00
2026-02-20 11:36:12,234 | INFO | Episode 1130/5000 | Avg Reward: 3.66 | Avg Length: 208.30 | Avg Loss: 0.9014 | Avg Found Sources: 0.40 | Avg Reward Components: conc=3.01, found=4.00, collision=-3.25, battery=-0.10, done=0.00
2026-02-20 11:36:19,044 | INFO | Episode 1140/5000 | Avg Reward: 13.75 | Avg Length: 206.90 | Avg Loss: 2.0913 | Avg Found Sources: 0.40 | Avg Reward Components: conc=12.25, found=4.00, collision=-2.40, battery=-0.10, done=0.00
2026-02-20 11:36:28,097 | INFO | Episode 1150/5000 | Avg Reward: -78.91 | Avg Length: 282.70 | Avg Loss: 12.3561 | Avg Found Sources: 0.60 | Avg Reward Components: conc=12.59, found=6.00, collision=-97.40, battery=-0.10, done=0.00
2026-02-20 11:36:35,097 | INFO | Episode 1160/5000 | Avg Reward: 5.35 | Avg Length: 211.60 | Avg Loss: 2.0567 | Avg Found Sources: 0.50 | Avg Reward Components: conc=5.90, found=5.00, collision=-5.45, battery=-0.10, done=0.00
2026-02-20 11:36:41,918 | INFO | Episode 1170/5000 | Avg Reward: 8.40 | Avg Length: 209.80 | Avg Loss: 4.6784 | Avg Found Sources: 0.70 | Avg Reward Components: conc=7.70, found=7.00, collision=-6.20, battery=-0.10, done=0.00
2026-02-20 11:36:53,014 | INFO | Episode 1180/5000 | Avg Reward: -172.87 | Avg Length: 353.10 | Avg Loss: 31.2759 | Avg Found Sources: 0.60 | Avg Reward Components: conc=8.18, found=6.00, collision=-186.95, battery=-0.10, done=0.00
2026-02-20 11:36:59,759 | INFO | Episode 1190/5000 | Avg Reward: 15.59 | Avg Length: 207.60 | Avg Loss: 4.1864 | Avg Found Sources: 0.70 | Avg Reward Components: conc=12.34, found=7.00, collision=-3.65, battery=-0.10, done=0.00
2026-02-20 11:37:06,517 | INFO | Episode 1200/5000 | Avg Reward: 20.33 | Avg Length: 205.40 | Avg Loss: 5.0321 | Avg Found Sources: 1.30 | Avg Reward Components: conc=9.33, found=13.00, collision=-1.90, battery=-0.10, done=0.00
2026-02-20 11:37:13,376 | INFO | Episode 1210/5000 | Avg Reward: 9.49 | Avg Length: 207.20 | Avg Loss: 1.0218 | Avg Found Sources: 0.00 | Avg Reward Components: conc=12.54, found=0.00, collision=-2.95, battery=-0.10, done=0.00
2026-02-20 11:37:20,140 | INFO | Episode 1220/5000 | Avg Reward: 7.33 | Avg Length: 207.10 | Avg Loss: 2.2544 | Avg Found Sources: 0.50 | Avg Reward Components: conc=5.98, found=5.00, collision=-3.55, battery=-0.10, done=0.00
2026-02-20 11:37:26,808 | INFO | Episode 1230/5000 | Avg Reward: 17.81 | Avg Length: 204.10 | Avg Loss: 3.4495 | Avg Found Sources: 0.90 | Avg Reward Components: conc=9.96, found=9.00, collision=-1.05, battery=-0.10, done=0.00
2026-02-20 11:37:33,576 | INFO | Episode 1240/5000 | Avg Reward: 5.02 | Avg Length: 207.50 | Avg Loss: 1.5715 | Avg Found Sources: 0.40 | Avg Reward Components: conc=4.82, found=4.00, collision=-3.70, battery=-0.10, done=0.00
2026-02-20 11:37:40,444 | INFO | Episode 1250/5000 | Avg Reward: 9.05 | Avg Length: 207.10 | Avg Loss: 2.0408 | Avg Found Sources: 0.50 | Avg Reward Components: conc=6.95, found=5.00, collision=-2.80, battery=-0.10, done=0.00
2026-02-20 11:37:47,298 | INFO | Episode 1260/5000 | Avg Reward: 12.65 | Avg Length: 210.40 | Avg Loss: 3.8745 | Avg Found Sources: 0.60 | Avg Reward Components: conc=12.55, found=6.00, collision=-5.80, battery=-0.10, done=0.00
2026-02-20 11:37:54,458 | INFO | Episode 1270/5000 | Avg Reward: 10.73 | Avg Length: 205.20 | Avg Loss: 2.1784 | Avg Found Sources: 0.30 | Avg Reward Components: conc=9.53, found=3.00, collision=-1.70, battery=-0.10, done=0.00
2026-02-20 11:38:01,645 | INFO | Episode 1280/5000 | Avg Reward: 16.03 | Avg Length: 204.10 | Avg Loss: 2.5911 | Avg Found Sources: 0.80 | Avg Reward Components: conc=9.58, found=8.00, collision=-1.45, battery=-0.10, done=0.00
2026-02-20 11:38:08,720 | INFO | Episode 1290/5000 | Avg Reward: 5.61 | Avg Length: 204.10 | Avg Loss: 0.6013 | Avg Found Sources: 0.20 | Avg Reward Components: conc=4.71, found=2.00, collision=-1.00, battery=-0.10, done=0.00
2026-02-20 11:38:15,778 | INFO | Episode 1300/5000 | Avg Reward: 10.55 | Avg Length: 203.80 | Avg Loss: 1.3500 | Avg Found Sources: 0.50 | Avg Reward Components: conc=6.60, found=5.00, collision=-0.95, battery=-0.10, done=0.00
2026-02-20 11:38:22,633 | INFO | Episode 1310/5000 | Avg Reward: 6.06 | Avg Length: 207.50 | Avg Loss: 1.2382 | Avg Found Sources: 0.40 | Avg Reward Components: conc=5.06, found=4.00, collision=-2.90, battery=-0.10, done=0.00
2026-02-20 11:38:29,326 | INFO | Episode 1320/5000 | Avg Reward: 27.66 | Avg Length: 204.30 | Avg Loss: 6.6774 | Avg Found Sources: 0.90 | Avg Reward Components: conc=19.96, found=9.00, collision=-1.20, battery=-0.10, done=0.00
2026-02-20 11:38:36,131 | INFO | Episode 1330/5000 | Avg Reward: 13.70 | Avg Length: 206.20 | Avg Loss: 2.0062 | Avg Found Sources: 0.70 | Avg Reward Components: conc=8.95, found=7.00, collision=-2.15, battery=-0.10, done=0.00
2026-02-20 11:38:43,130 | INFO | Episode 1340/5000 | Avg Reward: 18.95 | Avg Length: 205.30 | Avg Loss: 2.8380 | Avg Found Sources: 0.40 | Avg Reward Components: conc=17.25, found=4.00, collision=-2.20, battery=-0.10, done=0.00
2026-02-20 11:38:49,869 | INFO | Episode 1350/5000 | Avg Reward: 15.75 | Avg Length: 204.10 | Avg Loss: 2.0255 | Avg Found Sources: 0.30 | Avg Reward Components: conc=14.40, found=3.00, collision=-1.55, battery=-0.10, done=0.00
2026-02-20 11:38:56,756 | INFO | Episode 1360/5000 | Avg Reward: 18.06 | Avg Length: 210.20 | Avg Loss: 5.3517 | Avg Found Sources: 1.10 | Avg Reward Components: conc=12.81, found=11.00, collision=-5.65, battery=-0.10, done=0.00
2026-02-20 11:39:03,567 | INFO | Episode 1370/5000 | Avg Reward: 2.35 | Avg Length: 208.50 | Avg Loss: 2.0407 | Avg Found Sources: 0.30 | Avg Reward Components: conc=4.95, found=3.00, collision=-5.50, battery=-0.10, done=0.00
2026-02-20 11:39:10,393 | INFO | Episode 1380/5000 | Avg Reward: 4.78 | Avg Length: 208.80 | Avg Loss: 2.6862 | Avg Found Sources: 0.60 | Avg Reward Components: conc=3.78, found=6.00, collision=-4.90, battery=-0.10, done=0.00
2026-02-20 11:39:17,132 | INFO | Episode 1390/5000 | Avg Reward: 13.34 | Avg Length: 205.90 | Avg Loss: 2.7629 | Avg Found Sources: 0.60 | Avg Reward Components: conc=9.64, found=6.00, collision=-2.20, battery=-0.10, done=0.00
2026-02-20 11:39:26,168 | INFO | Episode 1400/5000 | Avg Reward: -74.13 | Avg Length: 284.10 | Avg Loss: 13.4253 | Avg Found Sources: 0.60 | Avg Reward Components: conc=16.72, found=6.00, collision=-96.75, battery=-0.10, done=0.00
2026-02-20 11:39:32,966 | INFO | Episode 1410/5000 | Avg Reward: 15.88 | Avg Length: 208.70 | Avg Loss: 3.8124 | Avg Found Sources: 0.90 | Avg Reward Components: conc=11.03, found=9.00, collision=-4.05, battery=-0.10, done=0.00
2026-02-20 11:39:39,583 | INFO | Episode 1420/5000 | Avg Reward: 17.29 | Avg Length: 203.60 | Avg Loss: 3.0047 | Avg Found Sources: 0.80 | Avg Reward Components: conc=10.29, found=8.00, collision=-0.90, battery=-0.10, done=0.00
2026-02-20 11:39:46,389 | INFO | Episode 1430/5000 | Avg Reward: 12.13 | Avg Length: 208.80 | Avg Loss: 2.5646 | Avg Found Sources: 0.60 | Avg Reward Components: conc=10.93, found=6.00, collision=-4.70, battery=-0.10, done=0.00
2026-02-20 11:39:53,067 | INFO | Episode 1440/5000 | Avg Reward: 8.73 | Avg Length: 203.40 | Avg Loss: 1.2092 | Avg Found Sources: 0.20 | Avg Reward Components: conc=7.48, found=2.00, collision=-0.65, battery=-0.10, done=0.00
2026-02-20 11:40:02,173 | INFO | Episode 1450/5000 | Avg Reward: -83.07 | Avg Length: 284.30 | Avg Loss: 16.7284 | Avg Found Sources: 0.30 | Avg Reward Components: conc=13.18, found=3.00, collision=-99.15, battery=-0.10, done=0.00
2026-02-20 11:40:08,916 | INFO | Episode 1460/5000 | Avg Reward: 11.85 | Avg Length: 203.80 | Avg Loss: 1.6789 | Avg Found Sources: 0.20 | Avg Reward Components: conc=10.85, found=2.00, collision=-0.90, battery=-0.10, done=0.00
2026-02-20 11:40:15,850 | INFO | Episode 1470/5000 | Avg Reward: 11.09 | Avg Length: 209.90 | Avg Loss: 4.3616 | Avg Found Sources: 0.60 | Avg Reward Components: conc=11.89, found=6.00, collision=-6.70, battery=-0.10, done=0.00
2026-02-20 11:40:22,858 | INFO | Episode 1480/5000 | Avg Reward: 10.56 | Avg Length: 211.80 | Avg Loss: 2.7390 | Avg Found Sources: 0.40 | Avg Reward Components: conc=12.01, found=4.00, collision=-5.35, battery=-0.10, done=0.00
2026-02-20 11:40:29,610 | INFO | Episode 1490/5000 | Avg Reward: 14.59 | Avg Length: 208.80 | Avg Loss: 4.5069 | Avg Found Sources: 0.80 | Avg Reward Components: conc=10.49, found=8.00, collision=-3.80, battery=-0.10, done=0.00
2026-02-20 11:40:36,537 | INFO | Episode 1500/5000 | Avg Reward: 8.49 | Avg Length: 211.10 | Avg Loss: 3.4899 | Avg Found Sources: 0.80 | Avg Reward Components: conc=5.99, found=8.00, collision=-5.40, battery=-0.10, done=0.00
2026-02-20 11:40:43,332 | INFO | Episode 1510/5000 | Avg Reward: 1.86 | Avg Length: 207.90 | Avg Loss: 1.2875 | Avg Found Sources: 0.20 | Avg Reward Components: conc=3.61, found=2.00, collision=-3.65, battery=-0.10, done=0.00
2026-02-20 11:40:50,078 | INFO | Episode 1520/5000 | Avg Reward: 10.85 | Avg Length: 206.10 | Avg Loss: 2.7875 | Avg Found Sources: 0.80 | Avg Reward Components: conc=5.25, found=8.00, collision=-2.30, battery=-0.10, done=0.00
2026-02-20 11:40:59,138 | INFO | Episode 1530/5000 | Avg Reward: -90.37 | Avg Length: 283.00 | Avg Loss: 15.4958 | Avg Found Sources: 0.30 | Avg Reward Components: conc=4.58, found=3.00, collision=-97.85, battery=-0.10, done=0.00
2026-02-20 11:41:05,951 | INFO | Episode 1540/5000 | Avg Reward: 13.99 | Avg Length: 205.30 | Avg Loss: 2.1169 | Avg Found Sources: 0.50 | Avg Reward Components: conc=10.69, found=5.00, collision=-1.60, battery=-0.10, done=0.00
2026-02-20 11:41:12,757 | INFO | Episode 1550/5000 | Avg Reward: 13.71 | Avg Length: 206.30 | Avg Loss: 3.1206 | Avg Found Sources: 0.70 | Avg Reward Components: conc=9.01, found=7.00, collision=-2.20, battery=-0.10, done=0.00
2026-02-20 11:41:19,487 | INFO | Episode 1560/5000 | Avg Reward: 11.77 | Avg Length: 205.10 | Avg Loss: 1.7612 | Avg Found Sources: 0.50 | Avg Reward Components: conc=8.77, found=5.00, collision=-1.90, battery=-0.10, done=0.00
2026-02-20 11:41:26,199 | INFO | Episode 1570/5000 | Avg Reward: 13.15 | Avg Length: 205.60 | Avg Loss: 4.4703 | Avg Found Sources: 1.00 | Avg Reward Components: conc=6.10, found=10.00, collision=-2.85, battery=-0.10, done=0.00
2026-02-20 11:41:32,849 | INFO | Episode 1580/5000 | Avg Reward: 19.84 | Avg Length: 204.70 | Avg Loss: 2.8510 | Avg Found Sources: 0.50 | Avg Reward Components: conc=16.39, found=5.00, collision=-1.45, battery=-0.10, done=0.00
2026-02-20 11:41:39,606 | INFO | Episode 1590/5000 | Avg Reward: 9.49 | Avg Length: 204.70 | Avg Loss: 2.0617 | Avg Found Sources: 0.40 | Avg Reward Components: conc=6.99, found=4.00, collision=-1.40, battery=-0.10, done=0.00
2026-02-20 11:41:46,292 | INFO | Episode 1600/5000 | Avg Reward: 12.57 | Avg Length: 206.50 | Avg Loss: 3.2059 | Avg Found Sources: 0.70 | Avg Reward Components: conc=8.02, found=7.00, collision=-2.35, battery=-0.10, done=0.00
2026-02-20 11:41:52,965 | INFO | Episode 1610/5000 | Avg Reward: 23.96 | Avg Length: 203.70 | Avg Loss: 5.4027 | Avg Found Sources: 0.60 | Avg Reward Components: conc=19.01, found=6.00, collision=-0.95, battery=-0.10, done=0.00
2026-02-20 11:41:59,595 | INFO | Episode 1620/5000 | Avg Reward: 8.19 | Avg Length: 202.70 | Avg Loss: 1.3908 | Avg Found Sources: 0.40 | Avg Reward Components: conc=4.79, found=4.00, collision=-0.50, battery=-0.10, done=0.00
2026-02-20 11:42:06,581 | INFO | Episode 1630/5000 | Avg Reward: 5.11 | Avg Length: 204.10 | Avg Loss: 1.5146 | Avg Found Sources: 0.40 | Avg Reward Components: conc=2.31, found=4.00, collision=-1.10, battery=-0.10, done=0.00
2026-02-20 11:42:13,843 | INFO | Episode 1640/5000 | Avg Reward: 8.10 | Avg Length: 207.30 | Avg Loss: 2.1847 | Avg Found Sources: 0.50 | Avg Reward Components: conc=6.60, found=5.00, collision=-3.40, battery=-0.10, done=0.00
2026-02-20 11:42:20,832 | INFO | Episode 1650/5000 | Avg Reward: 4.59 | Avg Length: 205.10 | Avg Loss: 1.6290 | Avg Found Sources: 0.40 | Avg Reward Components: conc=3.14, found=4.00, collision=-2.45, battery=-0.10, done=0.00
2026-02-20 11:42:27,482 | INFO | Episode 1660/5000 | Avg Reward: 20.33 | Avg Length: 203.80 | Avg Loss: 4.9571 | Avg Found Sources: 0.90 | Avg Reward Components: conc=12.43, found=9.00, collision=-1.00, battery=-0.10, done=0.00
2026-02-20 11:42:34,212 | INFO | Episode 1670/5000 | Avg Reward: 10.48 | Avg Length: 204.80 | Avg Loss: 0.8719 | Avg Found Sources: 0.10 | Avg Reward Components: conc=11.08, found=1.00, collision=-1.50, battery=-0.10, done=0.00
2026-02-20 11:42:41,122 | INFO | Episode 1680/5000 | Avg Reward: 0.99 | Avg Length: 210.70 | Avg Loss: 2.8509 | Avg Found Sources: 0.40 | Avg Reward Components: conc=1.74, found=4.00, collision=-4.65, battery=-0.10, done=0.00
2026-02-20 11:42:47,846 | INFO | Episode 1690/5000 | Avg Reward: 8.39 | Avg Length: 203.40 | Avg Loss: 0.8908 | Avg Found Sources: 0.20 | Avg Reward Components: conc=7.24, found=2.00, collision=-0.75, battery=-0.10, done=0.00
2026-02-20 11:42:54,690 | INFO | Episode 1700/5000 | Avg Reward: 8.07 | Avg Length: 210.10 | Avg Loss: 1.9500 | Avg Found Sources: 0.30 | Avg Reward Components: conc=9.72, found=3.00, collision=-4.55, battery=-0.10, done=0.00
2026-02-20 11:43:01,369 | INFO | Episode 1710/5000 | Avg Reward: 22.81 | Avg Length: 203.20 | Avg Loss: 4.0226 | Avg Found Sources: 0.80 | Avg Reward Components: conc=16.21, found=8.00, collision=-1.30, battery=-0.10, done=0.00
2026-02-20 11:43:08,072 | INFO | Episode 1720/5000 | Avg Reward: 24.78 | Avg Length: 203.70 | Avg Loss: 3.8034 | Avg Found Sources: 0.80 | Avg Reward Components: conc=17.73, found=8.00, collision=-0.85, battery=-0.10, done=0.00
2026-02-20 11:43:14,988 | INFO | Episode 1730/5000 | Avg Reward: 10.50 | Avg Length: 211.10 | Avg Loss: 3.7980 | Avg Found Sources: 0.80 | Avg Reward Components: conc=8.80, found=8.00, collision=-6.20, battery=-0.10, done=0.00
2026-02-20 11:43:21,655 | INFO | Episode 1740/5000 | Avg Reward: 6.91 | Avg Length: 206.20 | Avg Loss: 2.7053 | Avg Found Sources: 0.40 | Avg Reward Components: conc=6.66, found=4.00, collision=-3.65, battery=-0.10, done=0.00
2026-02-20 11:43:28,412 | INFO | Episode 1750/5000 | Avg Reward: 13.18 | Avg Length: 206.60 | Avg Loss: 3.0970 | Avg Found Sources: 0.50 | Avg Reward Components: conc=10.73, found=5.00, collision=-2.45, battery=-0.10, done=0.00
2026-02-20 11:43:35,275 | INFO | Episode 1760/5000 | Avg Reward: 9.20 | Avg Length: 207.80 | Avg Loss: 2.5818 | Avg Found Sources: 0.30 | Avg Reward Components: conc=10.05, found=3.00, collision=-3.75, battery=-0.10, done=0.00
2026-02-20 11:43:42,281 | INFO | Episode 1770/5000 | Avg Reward: 7.51 | Avg Length: 208.10 | Avg Loss: 2.3382 | Avg Found Sources: 0.60 | Avg Reward Components: conc=4.91, found=6.00, collision=-3.30, battery=-0.10, done=0.00
2026-02-20 11:43:48,995 | INFO | Episode 1780/5000 | Avg Reward: 12.26 | Avg Length: 205.70 | Avg Loss: 2.4135 | Avg Found Sources: 1.00 | Avg Reward Components: conc=4.56, found=10.00, collision=-2.20, battery=-0.10, done=0.00
2026-02-20 11:43:55,711 | INFO | Episode 1790/5000 | Avg Reward: 5.89 | Avg Length: 206.00 | Avg Loss: 1.5837 | Avg Found Sources: 0.20 | Avg Reward Components: conc=6.24, found=2.00, collision=-2.25, battery=-0.10, done=0.00
2026-02-20 11:44:02,402 | INFO | Episode 1800/5000 | Avg Reward: 7.75 | Avg Length: 203.40 | Avg Loss: 1.2056 | Avg Found Sources: 0.30 | Avg Reward Components: conc=5.50, found=3.00, collision=-0.65, battery=-0.10, done=0.00
2026-02-20 11:44:09,227 | INFO | Episode 1810/5000 | Avg Reward: 4.26 | Avg Length: 208.50 | Avg Loss: 2.3249 | Avg Found Sources: 0.60 | Avg Reward Components: conc=2.21, found=6.00, collision=-3.85, battery=-0.10, done=0.00
2026-02-20 11:44:16,047 | INFO | Episode 1820/5000 | Avg Reward: 10.55 | Avg Length: 208.40 | Avg Loss: 2.6280 | Avg Found Sources: 0.70 | Avg Reward Components: conc=7.30, found=7.00, collision=-3.65, battery=-0.10, done=0.00
2026-02-20 11:44:22,648 | INFO | Episode 1830/5000 | Avg Reward: 12.70 | Avg Length: 202.10 | Avg Loss: 2.7261 | Avg Found Sources: 0.70 | Avg Reward Components: conc=5.85, found=7.00, collision=-0.05, battery=-0.10, done=0.00
2026-02-20 11:44:29,406 | INFO | Episode 1840/5000 | Avg Reward: 8.33 | Avg Length: 207.40 | Avg Loss: 1.8432 | Avg Found Sources: 0.50 | Avg Reward Components: conc=7.18, found=5.00, collision=-3.75, battery=-0.10, done=0.00
2026-02-20 11:44:36,117 | INFO | Episode 1850/5000 | Avg Reward: 8.57 | Avg Length: 205.40 | Avg Loss: 1.1575 | Avg Found Sources: 0.30 | Avg Reward Components: conc=7.62, found=3.00, collision=-1.95, battery=-0.10, done=0.00
2026-02-20 11:44:43,043 | INFO | Episode 1860/5000 | Avg Reward: 10.52 | Avg Length: 205.70 | Avg Loss: 1.7516 | Avg Found Sources: 0.50 | Avg Reward Components: conc=8.32, found=5.00, collision=-2.70, battery=-0.10, done=0.00
2026-02-20 11:44:50,231 | INFO | Episode 1870/5000 | Avg Reward: 19.14 | Avg Length: 202.70 | Avg Loss: 2.6502 | Avg Found Sources: 0.20 | Avg Reward Components: conc=17.64, found=2.00, collision=-0.40, battery=-0.10, done=0.00
2026-02-20 11:44:57,078 | INFO | Episode 1880/5000 | Avg Reward: 7.78 | Avg Length: 208.10 | Avg Loss: 2.5779 | Avg Found Sources: 0.60 | Avg Reward Components: conc=5.13, found=6.00, collision=-3.25, battery=-0.10, done=0.00
2026-02-20 11:45:03,862 | INFO | Episode 1890/5000 | Avg Reward: 10.62 | Avg Length: 203.50 | Avg Loss: 1.2155 | Avg Found Sources: 0.20 | Avg Reward Components: conc=10.42, found=2.00, collision=-1.70, battery=-0.10, done=0.00
2026-02-20 11:45:11,267 | INFO | Episode 1900/5000 | Avg Reward: 15.20 | Avg Length: 205.80 | Avg Loss: 3.1920 | Avg Found Sources: 0.50 | Avg Reward Components: conc=13.20, found=5.00, collision=-2.90, battery=-0.10, done=0.00
2026-02-20 11:45:18,213 | INFO | Episode 1910/5000 | Avg Reward: 17.01 | Avg Length: 204.70 | Avg Loss: 3.7772 | Avg Found Sources: 0.90 | Avg Reward Components: conc=10.31, found=9.00, collision=-2.20, battery=-0.10, done=0.00
2026-02-20 11:45:25,003 | INFO | Episode 1920/5000 | Avg Reward: 14.07 | Avg Length: 206.60 | Avg Loss: 2.3569 | Avg Found Sources: 0.50 | Avg Reward Components: conc=11.62, found=5.00, collision=-2.45, battery=-0.10, done=0.00
2026-02-20 11:45:31,616 | INFO | Episode 1930/5000 | Avg Reward: 18.49 | Avg Length: 203.50 | Avg Loss: 2.6197 | Avg Found Sources: 0.50 | Avg Reward Components: conc=14.44, found=5.00, collision=-0.85, battery=-0.10, done=0.00
2026-02-20 11:45:38,664 | INFO | Episode 1940/5000 | Avg Reward: 8.33 | Avg Length: 204.60 | Avg Loss: 0.7640 | Avg Found Sources: 0.30 | Avg Reward Components: conc=7.13, found=3.00, collision=-1.70, battery=-0.10, done=0.00
2026-02-20 11:45:45,637 | INFO | Episode 1950/5000 | Avg Reward: 6.57 | Avg Length: 207.00 | Avg Loss: 2.3400 | Avg Found Sources: 0.60 | Avg Reward Components: conc=3.62, found=6.00, collision=-2.95, battery=-0.10, done=0.00
2026-02-20 11:45:54,812 | INFO | Episode 1960/5000 | Avg Reward: -76.31 | Avg Length: 279.50 | Avg Loss: 17.2332 | Avg Found Sources: 0.70 | Avg Reward Components: conc=10.59, found=7.00, collision=-93.80, battery=-0.10, done=0.00
2026-02-20 11:46:01,562 | INFO | Episode 1970/5000 | Avg Reward: 7.24 | Avg Length: 205.80 | Avg Loss: 1.5320 | Avg Found Sources: 0.40 | Avg Reward Components: conc=5.74, found=4.00, collision=-2.40, battery=-0.10, done=0.00
2026-02-20 11:46:08,604 | INFO | Episode 1980/5000 | Avg Reward: 4.27 | Avg Length: 214.70 | Avg Loss: 2.5965 | Avg Found Sources: 0.60 | Avg Reward Components: conc=7.52, found=6.00, collision=-9.15, battery=-0.10, done=0.00
2026-02-20 11:46:15,401 | INFO | Episode 1990/5000 | Avg Reward: 16.58 | Avg Length: 205.30 | Avg Loss: 4.4461 | Avg Found Sources: 0.90 | Avg Reward Components: conc=10.43, found=9.00, collision=-2.75, battery=-0.10, done=0.00
2026-02-20 11:46:22,186 | INFO | Episode 2000/5000 | Avg Reward: 12.48 | Avg Length: 205.80 | Avg Loss: 3.0255 | Avg Found Sources: 0.60 | Avg Reward Components: conc=9.23, found=6.00, collision=-2.65, battery=-0.10, done=0.00
2026-02-20 11:46:29,018 | INFO | Episode 2010/5000 | Avg Reward: 10.75 | Avg Length: 205.60 | Avg Loss: 1.8012 | Avg Found Sources: 0.80 | Avg Reward Components: conc=4.60, found=8.00, collision=-1.75, battery=-0.10, done=0.00
2026-02-20 11:46:35,804 | INFO | Episode 2020/5000 | Avg Reward: 5.09 | Avg Length: 207.40 | Avg Loss: 1.9409 | Avg Found Sources: 0.60 | Avg Reward Components: conc=3.04, found=6.00, collision=-3.85, battery=-0.10, done=0.00
2026-02-20 11:46:42,616 | INFO | Episode 2030/5000 | Avg Reward: 10.48 | Avg Length: 205.10 | Avg Loss: 1.1579 | Avg Found Sources: 0.30 | Avg Reward Components: conc=9.73, found=3.00, collision=-2.15, battery=-0.10, done=0.00
2026-02-20 11:46:49,311 | INFO | Episode 2040/5000 | Avg Reward: 6.72 | Avg Length: 203.80 | Avg Loss: 2.3084 | Avg Found Sources: 0.50 | Avg Reward Components: conc=2.72, found=5.00, collision=-0.90, battery=-0.10, done=0.00
2026-02-20 11:46:56,072 | INFO | Episode 2050/5000 | Avg Reward: 13.56 | Avg Length: 205.10 | Avg Loss: 2.7990 | Avg Found Sources: 0.70 | Avg Reward Components: conc=8.26, found=7.00, collision=-1.60, battery=-0.10, done=0.00
2026-02-20 11:47:05,467 | INFO | Episode 2060/5000 | Avg Reward: -61.63 | Avg Length: 273.70 | Avg Loss: 19.3310 | Avg Found Sources: 0.80 | Avg Reward Components: conc=19.42, found=8.00, collision=-88.95, battery=-0.10, done=0.00
2026-02-20 11:47:12,140 | INFO | Episode 2070/5000 | Avg Reward: 20.96 | Avg Length: 203.00 | Avg Loss: 3.5217 | Avg Found Sources: 0.70 | Avg Reward Components: conc=14.56, found=7.00, collision=-0.50, battery=-0.10, done=0.00
2026-02-20 11:47:19,052 | INFO | Episode 2080/5000 | Avg Reward: 20.68 | Avg Length: 208.00 | Avg Loss: 4.1153 | Avg Found Sources: 0.70 | Avg Reward Components: conc=17.68, found=7.00, collision=-3.90, battery=-0.10, done=0.00
2026-02-20 11:47:25,920 | INFO | Episode 2090/5000 | Avg Reward: 13.48 | Avg Length: 206.80 | Avg Loss: 3.2664 | Avg Found Sources: 0.60 | Avg Reward Components: conc=10.28, found=6.00, collision=-2.70, battery=-0.10, done=0.00
2026-02-20 11:47:32,834 | INFO | Episode 2100/5000 | Avg Reward: 10.78 | Avg Length: 205.90 | Avg Loss: 1.2561 | Avg Found Sources: 0.50 | Avg Reward Components: conc=7.88, found=5.00, collision=-2.00, battery=-0.10, done=0.00
2026-02-20 11:47:41,903 | INFO | Episode 2110/5000 | Avg Reward: -80.77 | Avg Length: 278.80 | Avg Loss: 17.7717 | Avg Found Sources: 0.80 | Avg Reward Components: conc=4.83, found=8.00, collision=-93.50, battery=-0.10, done=0.00
2026-02-20 11:47:48,746 | INFO | Episode 2120/5000 | Avg Reward: 13.41 | Avg Length: 206.20 | Avg Loss: 2.5546 | Avg Found Sources: 0.50 | Avg Reward Components: conc=10.61, found=5.00, collision=-2.10, battery=-0.10, done=0.00
2026-02-20 11:47:55,455 | INFO | Episode 2130/5000 | Avg Reward: 9.53 | Avg Length: 205.10 | Avg Loss: 1.5698 | Avg Found Sources: 0.30 | Avg Reward Components: conc=9.08, found=3.00, collision=-2.45, battery=-0.10, done=0.00
2026-02-20 11:48:02,321 | INFO | Episode 2140/5000 | Avg Reward: 5.35 | Avg Length: 209.00 | Avg Loss: 2.0981 | Avg Found Sources: 0.60 | Avg Reward Components: conc=4.25, found=6.00, collision=-4.80, battery=-0.10, done=0.00
2026-02-20 11:48:09,049 | INFO | Episode 2150/5000 | Avg Reward: 4.81 | Avg Length: 207.20 | Avg Loss: 1.9019 | Avg Found Sources: 0.50 | Avg Reward Components: conc=3.01, found=5.00, collision=-3.10, battery=-0.10, done=0.00
2026-02-20 11:48:15,892 | INFO | Episode 2160/5000 | Avg Reward: 5.24 | Avg Length: 206.60 | Avg Loss: 1.3506 | Avg Found Sources: 0.30 | Avg Reward Components: conc=4.74, found=3.00, collision=-2.40, battery=-0.10, done=0.00
2026-02-20 11:48:22,617 | INFO | Episode 2170/5000 | Avg Reward: 13.23 | Avg Length: 204.60 | Avg Loss: 1.3422 | Avg Found Sources: 0.70 | Avg Reward Components: conc=7.73, found=7.00, collision=-1.40, battery=-0.10, done=0.00
2026-02-20 11:48:29,469 | INFO | Episode 2180/5000 | Avg Reward: 11.02 | Avg Length: 206.60 | Avg Loss: 3.7734 | Avg Found Sources: 0.70 | Avg Reward Components: conc=6.62, found=7.00, collision=-2.50, battery=-0.10, done=0.00
2026-02-20 11:48:37,250 | INFO | Episode 2190/5000 | Avg Reward: 10.08 | Avg Length: 204.50 | Avg Loss: 1.7534 | Avg Found Sources: 0.30 | Avg Reward Components: conc=8.53, found=3.00, collision=-1.35, battery=-0.10, done=0.00
2026-02-20 11:48:44,372 | INFO | Episode 2200/5000 | Avg Reward: 10.12 | Avg Length: 203.60 | Avg Loss: 2.2616 | Avg Found Sources: 0.70 | Avg Reward Components: conc=4.12, found=7.00, collision=-0.90, battery=-0.10, done=0.00
2026-02-20 11:48:53,795 | INFO | Episode 2210/5000 | Avg Reward: -80.21 | Avg Length: 279.30 | Avg Loss: 15.3531 | Avg Found Sources: 0.30 | Avg Reward Components: conc=11.74, found=3.00, collision=-94.85, battery=-0.10, done=0.00
2026-02-20 11:49:00,962 | INFO | Episode 2220/5000 | Avg Reward: 12.76 | Avg Length: 205.00 | Avg Loss: 3.3259 | Avg Found Sources: 0.40 | Avg Reward Components: conc=10.46, found=4.00, collision=-1.60, battery=-0.10, done=0.00
2026-02-20 11:49:07,980 | INFO | Episode 2230/5000 | Avg Reward: 3.99 | Avg Length: 207.70 | Avg Loss: 2.0384 | Avg Found Sources: 0.30 | Avg Reward Components: conc=5.49, found=3.00, collision=-4.40, battery=-0.10, done=0.00
2026-02-20 12:02:58,534 | INFO | Episode 10/5000 | Avg Reward: 12.43 | Avg Length: 287.20 | Avg Loss: 5.9690 | Avg Found Sources: 1.00 | Avg Reward Components: conc=10.53, found=10.00, collision=-8.00, battery=-0.10, done=0.00
2026-02-20 12:03:07,892 | INFO | Episode 20/5000 | Avg Reward: 18.53 | Avg Length: 291.10 | Avg Loss: 4.3607 | Avg Found Sources: 1.30 | Avg Reward Components: conc=9.13, found=13.00, collision=-3.50, battery=-0.10, done=0.00
2026-02-20 12:03:15,574 | INFO | Episode 30/5000 | Avg Reward: -3.79 | Avg Length: 226.70 | Avg Loss: 6.5053 | Avg Found Sources: 0.60 | Avg Reward Components: conc=6.26, found=6.00, collision=-15.95, battery=-0.10, done=0.00
2026-02-20 12:03:22,352 | INFO | Episode 40/5000 | Avg Reward: 14.20 | Avg Length: 202.40 | Avg Loss: 2.8252 | Avg Found Sources: 0.70 | Avg Reward Components: conc=7.55, found=7.00, collision=-0.25, battery=-0.10, done=0.00
2026-02-20 12:03:29,063 | INFO | Episode 50/5000 | Avg Reward: 8.94 | Avg Length: 202.40 | Avg Loss: 4.9593 | Avg Found Sources: 0.70 | Avg Reward Components: conc=6.59, found=7.00, collision=-4.55, battery=-0.10, done=0.00
2026-02-20 12:03:35,783 | INFO | Episode 60/5000 | Avg Reward: -2.31 | Avg Length: 202.20 | Avg Loss: 15.1032 | Avg Found Sources: 0.60 | Avg Reward Components: conc=11.59, found=6.00, collision=-19.80, battery=-0.10, done=0.00
2026-02-20 12:03:42,460 | INFO | Episode 70/5000 | Avg Reward: -5.62 | Avg Length: 202.00 | Avg Loss: 6.5530 | Avg Found Sources: 0.00 | Avg Reward Components: conc=4.83, found=0.00, collision=-10.35, battery=-0.10, done=0.00
2026-02-20 12:03:49,164 | INFO | Episode 80/5000 | Avg Reward: 18.29 | Avg Length: 202.00 | Avg Loss: 4.6623 | Avg Found Sources: 0.80 | Avg Reward Components: conc=10.54, found=8.00, collision=-0.15, battery=-0.10, done=0.00
2026-02-20 12:03:55,969 | INFO | Episode 90/5000 | Avg Reward: 11.75 | Avg Length: 202.00 | Avg Loss: 2.0263 | Avg Found Sources: 0.40 | Avg Reward Components: conc=8.55, found=4.00, collision=-0.70, battery=-0.10, done=0.00
2026-02-20 12:04:02,912 | INFO | Episode 100/5000 | Avg Reward: 1.55 | Avg Length: 202.00 | Avg Loss: 13.2305 | Avg Found Sources: 0.20 | Avg Reward Components: conc=19.25, found=2.00, collision=-19.60, battery=-0.10, done=0.00
2026-02-20 12:04:09,641 | INFO | Episode 110/5000 | Avg Reward: 9.83 | Avg Length: 202.00 | Avg Loss: 1.2055 | Avg Found Sources: 0.30 | Avg Reward Components: conc=7.08, found=3.00, collision=-0.15, battery=-0.10, done=0.00
2026-02-20 12:04:16,498 | INFO | Episode 120/5000 | Avg Reward: 9.82 | Avg Length: 202.10 | Avg Loss: 1.1087 | Avg Found Sources: 0.20 | Avg Reward Components: conc=8.22, found=2.00, collision=-0.30, battery=-0.10, done=0.00
2026-02-20 12:04:23,139 | INFO | Episode 130/5000 | Avg Reward: 8.98 | Avg Length: 202.10 | Avg Loss: 0.5627 | Avg Found Sources: 0.10 | Avg Reward Components: conc=8.28, found=1.00, collision=-0.20, battery=-0.10, done=0.00
2026-02-20 12:04:29,888 | INFO | Episode 140/5000 | Avg Reward: 9.46 | Avg Length: 202.00 | Avg Loss: 0.9722 | Avg Found Sources: 0.30 | Avg Reward Components: conc=6.86, found=3.00, collision=-0.30, battery=-0.10, done=0.00
2026-02-20 12:04:36,637 | INFO | Episode 150/5000 | Avg Reward: 4.73 | Avg Length: 202.00 | Avg Loss: 7.9082 | Avg Found Sources: 0.20 | Avg Reward Components: conc=12.53, found=2.00, collision=-9.70, battery=-0.10, done=0.00
2026-02-20 12:04:43,319 | INFO | Episode 160/5000 | Avg Reward: 27.39 | Avg Length: 202.00 | Avg Loss: 4.4042 | Avg Found Sources: 0.60 | Avg Reward Components: conc=21.84, found=6.00, collision=-0.35, battery=-0.10, done=0.00
2026-02-20 12:04:50,013 | INFO | Episode 170/5000 | Avg Reward: 4.24 | Avg Length: 202.00 | Avg Loss: 8.3438 | Avg Found Sources: 0.50 | Avg Reward Components: conc=9.84, found=5.00, collision=-10.50, battery=-0.10, done=0.00
2026-02-20 12:04:56,659 | INFO | Episode 180/5000 | Avg Reward: 1.45 | Avg Length: 202.00 | Avg Loss: 8.1384 | Avg Found Sources: 0.50 | Avg Reward Components: conc=6.45, found=5.00, collision=-9.90, battery=-0.10, done=0.00
2026-02-20 12:05:03,412 | INFO | Episode 190/5000 | Avg Reward: 20.66 | Avg Length: 202.00 | Avg Loss: 4.9001 | Avg Found Sources: 0.50 | Avg Reward Components: conc=16.06, found=5.00, collision=-0.30, battery=-0.10, done=0.00
2026-02-20 12:05:10,079 | INFO | Episode 200/5000 | Avg Reward: 14.68 | Avg Length: 202.00 | Avg Loss: 2.4238 | Avg Found Sources: 0.40 | Avg Reward Components: conc=11.38, found=4.00, collision=-0.60, battery=-0.10, done=0.00
2026-02-20 12:05:16,732 | INFO | Episode 210/5000 | Avg Reward: 8.82 | Avg Length: 202.00 | Avg Loss: 10.8027 | Avg Found Sources: 0.50 | Avg Reward Components: conc=13.92, found=5.00, collision=-10.00, battery=-0.10, done=0.00
2026-02-20 12:05:23,420 | INFO | Episode 220/5000 | Avg Reward: 14.80 | Avg Length: 202.00 | Avg Loss: 3.1471 | Avg Found Sources: 0.40 | Avg Reward Components: conc=11.20, found=4.00, collision=-0.30, battery=-0.10, done=0.00
2026-02-20 12:05:30,149 | INFO | Episode 230/5000 | Avg Reward: 12.29 | Avg Length: 202.00 | Avg Loss: 1.8102 | Avg Found Sources: 0.40 | Avg Reward Components: conc=8.69, found=4.00, collision=-0.30, battery=-0.10, done=0.00
2026-02-20 12:05:36,884 | INFO | Episode 240/5000 | Avg Reward: 13.28 | Avg Length: 202.10 | Avg Loss: 2.5334 | Avg Found Sources: 0.70 | Avg Reward Components: conc=6.63, found=7.00, collision=-0.25, battery=-0.10, done=0.00
2026-02-20 12:05:43,603 | INFO | Episode 250/5000 | Avg Reward: 14.21 | Avg Length: 202.00 | Avg Loss: 4.5939 | Avg Found Sources: 0.60 | Avg Reward Components: conc=17.81, found=6.00, collision=-9.50, battery=-0.10, done=0.00
2026-02-20 12:05:50,236 | INFO | Episode 260/5000 | Avg Reward: 17.08 | Avg Length: 202.00 | Avg Loss: 1.9103 | Avg Found Sources: 0.50 | Avg Reward Components: conc=12.28, found=5.00, collision=-0.10, battery=-0.10, done=0.00
2026-02-20 12:05:56,961 | INFO | Episode 270/5000 | Avg Reward: 15.61 | Avg Length: 202.00 | Avg Loss: 2.1842 | Avg Found Sources: 0.60 | Avg Reward Components: conc=10.11, found=6.00, collision=-0.40, battery=-0.10, done=0.00
2026-02-20 12:06:03,614 | INFO | Episode 280/5000 | Avg Reward: 14.97 | Avg Length: 202.00 | Avg Loss: 3.2049 | Avg Found Sources: 0.30 | Avg Reward Components: conc=12.47, found=3.00, collision=-0.40, battery=-0.10, done=0.00
2026-02-20 12:06:10,297 | INFO | Episode 290/5000 | Avg Reward: 7.23 | Avg Length: 202.00 | Avg Loss: 8.6659 | Avg Found Sources: 0.80 | Avg Reward Components: conc=9.38, found=8.00, collision=-10.05, battery=-0.10, done=0.00
2026-02-20 12:06:17,047 | INFO | Episode 300/5000 | Avg Reward: 24.82 | Avg Length: 202.00 | Avg Loss: 4.0812 | Avg Found Sources: 0.40 | Avg Reward Components: conc=21.32, found=4.00, collision=-0.40, battery=-0.10, done=0.00
2026-02-20 12:06:23,725 | INFO | Episode 310/5000 | Avg Reward: 23.38 | Avg Length: 202.00 | Avg Loss: 3.6700 | Avg Found Sources: 0.40 | Avg Reward Components: conc=19.73, found=4.00, collision=-0.25, battery=-0.10, done=0.00
2026-02-20 12:06:30,439 | INFO | Episode 320/5000 | Avg Reward: 12.55 | Avg Length: 202.00 | Avg Loss: 2.5988 | Avg Found Sources: 0.60 | Avg Reward Components: conc=6.90, found=6.00, collision=-0.25, battery=-0.10, done=0.00
2026-02-20 12:06:37,130 | INFO | Episode 330/5000 | Avg Reward: 27.85 | Avg Length: 202.00 | Avg Loss: 6.7197 | Avg Found Sources: 1.00 | Avg Reward Components: conc=18.40, found=10.00, collision=-0.45, battery=-0.10, done=0.00
2026-02-20 12:06:43,873 | INFO | Episode 340/5000 | Avg Reward: 14.03 | Avg Length: 202.00 | Avg Loss: 15.1775 | Avg Found Sources: 0.50 | Avg Reward Components: conc=18.78, found=5.00, collision=-9.65, battery=-0.10, done=0.00
2026-02-20 12:06:50,525 | INFO | Episode 350/5000 | Avg Reward: -0.29 | Avg Length: 202.00 | Avg Loss: 7.6808 | Avg Found Sources: 0.10 | Avg Reward Components: conc=8.66, found=1.00, collision=-9.85, battery=-0.10, done=0.00
2026-02-20 12:06:57,319 | INFO | Episode 360/5000 | Avg Reward: 1.15 | Avg Length: 202.00 | Avg Loss: 8.2019 | Avg Found Sources: 0.50 | Avg Reward Components: conc=6.50, found=5.00, collision=-10.25, battery=-0.10, done=0.00
2026-02-20 12:07:03,994 | INFO | Episode 370/5000 | Avg Reward: 18.49 | Avg Length: 202.40 | Avg Loss: 3.4155 | Avg Found Sources: 0.70 | Avg Reward Components: conc=11.94, found=7.00, collision=-0.35, battery=-0.10, done=0.00
2026-02-20 12:07:10,665 | INFO | Episode 380/5000 | Avg Reward: -2.61 | Avg Length: 202.80 | Avg Loss: 7.1309 | Avg Found Sources: 0.20 | Avg Reward Components: conc=5.99, found=2.00, collision=-10.50, battery=-0.10, done=0.00
2026-02-20 12:07:17,678 | INFO | Episode 390/5000 | Avg Reward: -4.90 | Avg Length: 202.30 | Avg Loss: 16.3210 | Avg Found Sources: 0.60 | Avg Reward Components: conc=8.25, found=6.00, collision=-19.05, battery=-0.10, done=0.00
2026-02-20 12:07:24,735 | INFO | Episode 400/5000 | Avg Reward: 1.52 | Avg Length: 202.20 | Avg Loss: 7.6786 | Avg Found Sources: 0.40 | Avg Reward Components: conc=8.12, found=4.00, collision=-10.50, battery=-0.10, done=0.00
2026-02-20 12:07:31,431 | INFO | Episode 410/5000 | Avg Reward: 16.88 | Avg Length: 202.00 | Avg Loss: 3.0701 | Avg Found Sources: 0.50 | Avg Reward Components: conc=12.28, found=5.00, collision=-0.30, battery=-0.10, done=0.00
2026-02-20 12:07:38,167 | INFO | Episode 420/5000 | Avg Reward: 12.80 | Avg Length: 202.00 | Avg Loss: 1.9536 | Avg Found Sources: 0.40 | Avg Reward Components: conc=9.10, found=4.00, collision=-0.20, battery=-0.10, done=0.00
2026-02-20 12:07:44,901 | INFO | Episode 430/5000 | Avg Reward: 16.32 | Avg Length: 202.00 | Avg Loss: 3.8826 | Avg Found Sources: 0.80 | Avg Reward Components: conc=8.87, found=8.00, collision=-0.45, battery=-0.10, done=0.00
2026-02-20 12:07:51,554 | INFO | Episode 440/5000 | Avg Reward: 4.60 | Avg Length: 202.00 | Avg Loss: 7.1709 | Avg Found Sources: 0.30 | Avg Reward Components: conc=11.65, found=3.00, collision=-9.95, battery=-0.10, done=0.00
2026-02-20 12:07:58,242 | INFO | Episode 450/5000 | Avg Reward: 14.72 | Avg Length: 202.00 | Avg Loss: 2.3077 | Avg Found Sources: 0.60 | Avg Reward Components: conc=8.92, found=6.00, collision=-0.10, battery=-0.10, done=0.00
2026-02-20 12:08:04,993 | INFO | Episode 460/5000 | Avg Reward: 12.95 | Avg Length: 202.00 | Avg Loss: 1.5690 | Avg Found Sources: 0.40 | Avg Reward Components: conc=9.75, found=4.00, collision=-0.70, battery=-0.10, done=0.00
2026-02-20 12:08:11,578 | INFO | Episode 470/5000 | Avg Reward: 11.11 | Avg Length: 202.00 | Avg Loss: 2.1393 | Avg Found Sources: 0.30 | Avg Reward Components: conc=8.46, found=3.00, collision=-0.25, battery=-0.10, done=0.00
2026-02-20 12:08:18,277 | INFO | Episode 480/5000 | Avg Reward: 20.87 | Avg Length: 202.00 | Avg Loss: 2.6281 | Avg Found Sources: 0.50 | Avg Reward Components: conc=16.22, found=5.00, collision=-0.25, battery=-0.10, done=0.00
2026-02-20 12:08:24,884 | INFO | Episode 490/5000 | Avg Reward: 15.94 | Avg Length: 202.00 | Avg Loss: 1.6455 | Avg Found Sources: 0.20 | Avg Reward Components: conc=14.14, found=2.00, collision=-0.10, battery=-0.10, done=0.00
2026-02-20 12:08:31,536 | INFO | Episode 500/5000 | Avg Reward: 9.28 | Avg Length: 202.00 | Avg Loss: 1.2578 | Avg Found Sources: 0.40 | Avg Reward Components: conc=6.03, found=4.00, collision=-0.65, battery=-0.10, done=0.00
2026-02-20 12:08:38,231 | INFO | Episode 510/5000 | Avg Reward: 6.80 | Avg Length: 202.00 | Avg Loss: 7.6690 | Avg Found Sources: 0.50 | Avg Reward Components: conc=12.20, found=5.00, collision=-10.30, battery=-0.10, done=0.00
2026-02-20 12:08:44,872 | INFO | Episode 520/5000 | Avg Reward: 1.55 | Avg Length: 202.00 | Avg Loss: 8.3884 | Avg Found Sources: 0.50 | Avg Reward Components: conc=6.80, found=5.00, collision=-10.15, battery=-0.10, done=0.00
2026-02-20 12:08:51,645 | INFO | Episode 530/5000 | Avg Reward: 21.91 | Avg Length: 202.10 | Avg Loss: 4.4939 | Avg Found Sources: 0.40 | Avg Reward Components: conc=18.41, found=4.00, collision=-0.40, battery=-0.10, done=0.00
2026-02-20 12:08:58,291 | INFO | Episode 540/5000 | Avg Reward: 6.53 | Avg Length: 202.00 | Avg Loss: 3.3963 | Avg Found Sources: 0.40 | Avg Reward Components: conc=12.78, found=4.00, collision=-10.15, battery=-0.10, done=0.00
2026-02-20 12:09:05,030 | INFO | Episode 550/5000 | Avg Reward: 11.60 | Avg Length: 202.50 | Avg Loss: 4.7312 | Avg Found Sources: 0.90 | Avg Reward Components: conc=10.30, found=9.00, collision=-7.60, battery=-0.10, done=0.00
2026-02-20 12:09:11,747 | INFO | Episode 560/5000 | Avg Reward: 15.27 | Avg Length: 202.00 | Avg Loss: 1.9303 | Avg Found Sources: 0.40 | Avg Reward Components: conc=11.67, found=4.00, collision=-0.30, battery=-0.10, done=0.00
2026-02-20 12:09:18,424 | INFO | Episode 570/5000 | Avg Reward: 13.71 | Avg Length: 202.00 | Avg Loss: 11.3411 | Avg Found Sources: 0.80 | Avg Reward Components: conc=15.36, found=8.00, collision=-9.55, battery=-0.10, done=0.00
2026-02-20 12:09:25,088 | INFO | Episode 580/5000 | Avg Reward: 13.74 | Avg Length: 202.00 | Avg Loss: 1.9877 | Avg Found Sources: 0.40 | Avg Reward Components: conc=10.24, found=4.00, collision=-0.40, battery=-0.10, done=0.00
2026-02-20 12:09:31,779 | INFO | Episode 590/5000 | Avg Reward: 16.28 | Avg Length: 202.00 | Avg Loss: 3.1447 | Avg Found Sources: 0.50 | Avg Reward Components: conc=11.58, found=5.00, collision=-0.20, battery=-0.10, done=0.00
2026-02-20 12:09:38,433 | INFO | Episode 600/5000 | Avg Reward: 7.01 | Avg Length: 202.00 | Avg Loss: 9.9971 | Avg Found Sources: 0.50 | Avg Reward Components: conc=11.46, found=5.00, collision=-9.35, battery=-0.10, done=0.00
2026-02-20 12:09:45,090 | INFO | Episode 610/5000 | Avg Reward: 11.69 | Avg Length: 202.00 | Avg Loss: 2.4400 | Avg Found Sources: 0.50 | Avg Reward Components: conc=7.24, found=5.00, collision=-0.45, battery=-0.10, done=0.00
2026-02-20 12:09:51,764 | INFO | Episode 620/5000 | Avg Reward: 11.72 | Avg Length: 202.00 | Avg Loss: 1.1884 | Avg Found Sources: 0.20 | Avg Reward Components: conc=10.27, found=2.00, collision=-0.45, battery=-0.10, done=0.00
2026-02-20 12:09:58,430 | INFO | Episode 630/5000 | Avg Reward: 8.07 | Avg Length: 202.00 | Avg Loss: 0.3948 | Avg Found Sources: 0.20 | Avg Reward Components: conc=6.32, found=2.00, collision=-0.15, battery=-0.10, done=0.00
2026-02-20 12:10:05,038 | INFO | Episode 640/5000 | Avg Reward: 4.84 | Avg Length: 202.00 | Avg Loss: 8.1334 | Avg Found Sources: 0.60 | Avg Reward Components: conc=9.19, found=6.00, collision=-10.25, battery=-0.10, done=0.00
2026-02-20 12:10:11,709 | INFO | Episode 650/5000 | Avg Reward: 16.53 | Avg Length: 202.00 | Avg Loss: 3.6997 | Avg Found Sources: 0.80 | Avg Reward Components: conc=8.73, found=8.00, collision=-0.10, battery=-0.10, done=0.00
2026-02-20 12:10:18,383 | INFO | Episode 660/5000 | Avg Reward: 10.92 | Avg Length: 202.00 | Avg Loss: 2.2424 | Avg Found Sources: 0.50 | Avg Reward Components: conc=6.57, found=5.00, collision=-0.55, battery=-0.10, done=0.00
2026-02-20 12:10:25,040 | INFO | Episode 670/5000 | Avg Reward: 5.70 | Avg Length: 202.00 | Avg Loss: 0.6736 | Avg Found Sources: 0.10 | Avg Reward Components: conc=5.20, found=1.00, collision=-0.40, battery=-0.10, done=0.00
2026-02-20 12:10:31,913 | INFO | Episode 680/5000 | Avg Reward: 21.58 | Avg Length: 202.00 | Avg Loss: 4.9829 | Avg Found Sources: 0.50 | Avg Reward Components: conc=17.18, found=5.00, collision=-0.50, battery=-0.10, done=0.00
2026-02-20 12:10:38,676 | INFO | Episode 690/5000 | Avg Reward: 16.93 | Avg Length: 202.00 | Avg Loss: 2.6484 | Avg Found Sources: 0.80 | Avg Reward Components: conc=9.03, found=8.00, collision=0.00, battery=-0.10, done=0.00
2026-02-20 12:10:45,448 | INFO | Episode 700/5000 | Avg Reward: 20.18 | Avg Length: 202.00 | Avg Loss: 5.0393 | Avg Found Sources: 0.50 | Avg Reward Components: conc=16.13, found=5.00, collision=-0.85, battery=-0.10, done=0.00
2026-02-20 12:10:52,120 | INFO | Episode 710/5000 | Avg Reward: 4.49 | Avg Length: 202.00 | Avg Loss: 9.8073 | Avg Found Sources: 0.20 | Avg Reward Components: conc=12.49, found=2.00, collision=-9.90, battery=-0.10, done=0.00
2026-02-20 12:10:58,780 | INFO | Episode 720/5000 | Avg Reward: 11.29 | Avg Length: 202.00 | Avg Loss: 1.5201 | Avg Found Sources: 0.30 | Avg Reward Components: conc=8.84, found=3.00, collision=-0.45, battery=-0.10, done=0.00
2026-02-20 12:11:05,455 | INFO | Episode 730/5000 | Avg Reward: 18.13 | Avg Length: 202.00 | Avg Loss: 3.4769 | Avg Found Sources: 0.70 | Avg Reward Components: conc=11.43, found=7.00, collision=-0.20, battery=-0.10, done=0.00
2026-02-20 12:11:12,172 | INFO | Episode 740/5000 | Avg Reward: 7.89 | Avg Length: 202.00 | Avg Loss: 10.5656 | Avg Found Sources: 0.50 | Avg Reward Components: conc=13.44, found=5.00, collision=-10.45, battery=-0.10, done=0.00
2026-02-20 12:11:18,837 | INFO | Episode 750/5000 | Avg Reward: 8.20 | Avg Length: 202.10 | Avg Loss: 0.9634 | Avg Found Sources: 0.30 | Avg Reward Components: conc=5.80, found=3.00, collision=-0.50, battery=-0.10, done=0.00
2026-02-20 12:11:25,569 | INFO | Episode 760/5000 | Avg Reward: 12.22 | Avg Length: 202.00 | Avg Loss: 1.6768 | Avg Found Sources: 0.40 | Avg Reward Components: conc=8.77, found=4.00, collision=-0.45, battery=-0.10, done=0.00
2026-02-20 12:11:32,229 | INFO | Episode 770/5000 | Avg Reward: 2.25 | Avg Length: 202.00 | Avg Loss: 7.7894 | Avg Found Sources: 0.30 | Avg Reward Components: conc=8.65, found=3.00, collision=-9.30, battery=-0.10, done=0.00
2026-02-20 12:11:38,939 | INFO | Episode 780/5000 | Avg Reward: 10.51 | Avg Length: 202.00 | Avg Loss: 2.0465 | Avg Found Sources: 0.40 | Avg Reward Components: conc=6.66, found=4.00, collision=-0.05, battery=-0.10, done=0.00
2026-02-20 12:11:45,617 | INFO | Episode 790/5000 | Avg Reward: 5.91 | Avg Length: 202.00 | Avg Loss: 6.2152 | Avg Found Sources: 0.60 | Avg Reward Components: conc=9.76, found=6.00, collision=-9.75, battery=-0.10, done=0.00
2026-02-20 12:11:52,277 | INFO | Episode 800/5000 | Avg Reward: 14.47 | Avg Length: 202.00 | Avg Loss: 1.8031 | Avg Found Sources: 0.30 | Avg Reward Components: conc=11.87, found=3.00, collision=-0.30, battery=-0.10, done=0.00
2026-02-20 12:11:58,872 | INFO | Episode 810/5000 | Avg Reward: 4.08 | Avg Length: 202.10 | Avg Loss: 9.0272 | Avg Found Sources: 0.60 | Avg Reward Components: conc=8.48, found=6.00, collision=-10.30, battery=-0.10, done=0.00
2026-02-20 12:12:05,590 | INFO | Episode 820/5000 | Avg Reward: 3.55 | Avg Length: 202.00 | Avg Loss: 3.2383 | Avg Found Sources: 0.30 | Avg Reward Components: conc=11.10, found=3.00, collision=-10.45, battery=-0.10, done=0.00
2026-02-20 12:12:12,302 | INFO | Episode 830/5000 | Avg Reward: 7.95 | Avg Length: 202.00 | Avg Loss: 4.6831 | Avg Found Sources: 0.40 | Avg Reward Components: conc=13.65, found=4.00, collision=-9.60, battery=-0.10, done=0.00
2026-02-20 12:12:18,937 | INFO | Episode 840/5000 | Avg Reward: 7.64 | Avg Length: 202.00 | Avg Loss: 2.3737 | Avg Found Sources: 0.30 | Avg Reward Components: conc=14.64, found=3.00, collision=-9.90, battery=-0.10, done=0.00
2026-02-20 12:12:25,718 | INFO | Episode 850/5000 | Avg Reward: 15.59 | Avg Length: 202.00 | Avg Loss: 3.6855 | Avg Found Sources: 0.60 | Avg Reward Components: conc=9.74, found=6.00, collision=-0.05, battery=-0.10, done=0.00
2026-02-20 12:12:32,307 | INFO | Episode 860/5000 | Avg Reward: 6.37 | Avg Length: 202.10 | Avg Loss: 0.6224 | Avg Found Sources: 0.20 | Avg Reward Components: conc=5.12, found=2.00, collision=-0.65, battery=-0.10, done=0.00
2026-02-20 12:12:38,841 | INFO | Episode 870/5000 | Avg Reward: 14.73 | Avg Length: 202.00 | Avg Loss: 1.2873 | Avg Found Sources: 0.20 | Avg Reward Components: conc=12.98, found=2.00, collision=-0.15, battery=-0.10, done=0.00
2026-02-20 12:12:45,428 | INFO | Episode 880/5000 | Avg Reward: 12.59 | Avg Length: 202.00 | Avg Loss: 1.0430 | Avg Found Sources: 0.20 | Avg Reward Components: conc=10.89, found=2.00, collision=-0.20, battery=-0.10, done=0.00
2026-02-20 12:12:52,093 | INFO | Episode 890/5000 | Avg Reward: 13.68 | Avg Length: 202.00 | Avg Loss: 10.9514 | Avg Found Sources: 0.80 | Avg Reward Components: conc=15.73, found=8.00, collision=-9.95, battery=-0.10, done=0.00
2026-02-20 12:12:58,673 | INFO | Episode 900/5000 | Avg Reward: 21.50 | Avg Length: 202.00 | Avg Loss: 3.6731 | Avg Found Sources: 0.40 | Avg Reward Components: conc=17.80, found=4.00, collision=-0.20, battery=-0.10, done=0.00
2026-02-20 12:13:05,354 | INFO | Episode 910/5000 | Avg Reward: 4.03 | Avg Length: 202.00 | Avg Loss: 9.3702 | Avg Found Sources: 0.80 | Avg Reward Components: conc=5.53, found=8.00, collision=-9.40, battery=-0.10, done=0.00
2026-02-20 12:13:12,003 | INFO | Episode 920/5000 | Avg Reward: 8.85 | Avg Length: 202.00 | Avg Loss: 0.4194 | Avg Found Sources: 0.30 | Avg Reward Components: conc=6.25, found=3.00, collision=-0.30, battery=-0.10, done=0.00
2026-02-20 12:13:18,572 | INFO | Episode 930/5000 | Avg Reward: 9.62 | Avg Length: 202.00 | Avg Loss: 2.6648 | Avg Found Sources: 0.40 | Avg Reward Components: conc=6.07, found=4.00, collision=-0.35, battery=-0.10, done=0.00
2026-02-20 12:13:25,109 | INFO | Episode 940/5000 | Avg Reward: 21.04 | Avg Length: 202.00 | Avg Loss: 3.2063 | Avg Found Sources: 0.40 | Avg Reward Components: conc=17.34, found=4.00, collision=-0.20, battery=-0.10, done=0.00
2026-02-20 12:13:31,784 | INFO | Episode 950/5000 | Avg Reward: 8.43 | Avg Length: 202.00 | Avg Loss: 1.2869 | Avg Found Sources: 0.40 | Avg Reward Components: conc=4.98, found=4.00, collision=-0.45, battery=-0.10, done=0.00
2026-02-20 12:13:38,472 | INFO | Episode 960/5000 | Avg Reward: 15.66 | Avg Length: 202.00 | Avg Loss: 2.6512 | Avg Found Sources: 0.60 | Avg Reward Components: conc=9.91, found=6.00, collision=-0.15, battery=-0.10, done=0.00
2026-02-20 12:13:45,058 | INFO | Episode 970/5000 | Avg Reward: 8.80 | Avg Length: 202.00 | Avg Loss: 3.2417 | Avg Found Sources: 0.30 | Avg Reward Components: conc=16.10, found=3.00, collision=-10.20, battery=-0.10, done=0.00
2026-02-20 12:13:51,722 | INFO | Episode 980/5000 | Avg Reward: 14.86 | Avg Length: 202.00 | Avg Loss: 2.5566 | Avg Found Sources: 0.70 | Avg Reward Components: conc=8.11, found=7.00, collision=-0.15, battery=-0.10, done=0.00
2026-02-20 12:13:58,322 | INFO | Episode 990/5000 | Avg Reward: -1.46 | Avg Length: 202.00 | Avg Loss: 7.3455 | Avg Found Sources: 0.20 | Avg Reward Components: conc=6.84, found=2.00, collision=-10.20, battery=-0.10, done=0.00
2026-02-20 12:14:04,997 | INFO | Episode 1000/5000 | Avg Reward: 19.91 | Avg Length: 202.00 | Avg Loss: 6.8546 | Avg Found Sources: 0.70 | Avg Reward Components: conc=13.16, found=7.00, collision=-0.15, battery=-0.10, done=0.00
2026-02-20 12:14:11,621 | INFO | Episode 1010/5000 | Avg Reward: 2.39 | Avg Length: 202.00 | Avg Loss: 8.2534 | Avg Found Sources: 0.40 | Avg Reward Components: conc=8.29, found=4.00, collision=-9.80, battery=-0.10, done=0.00
2026-02-20 12:14:18,273 | INFO | Episode 1020/5000 | Avg Reward: 18.57 | Avg Length: 202.00 | Avg Loss: 2.6959 | Avg Found Sources: 0.50 | Avg Reward Components: conc=13.87, found=5.00, collision=-0.20, battery=-0.10, done=0.00
2026-02-20 12:14:24,949 | INFO | Episode 1030/5000 | Avg Reward: 18.95 | Avg Length: 202.00 | Avg Loss: 2.4986 | Avg Found Sources: 0.60 | Avg Reward Components: conc=13.05, found=6.00, collision=0.00, battery=-0.10, done=0.00
2026-02-20 12:14:31,657 | INFO | Episode 1040/5000 | Avg Reward: 18.83 | Avg Length: 202.00 | Avg Loss: 3.7836 | Avg Found Sources: 0.70 | Avg Reward Components: conc=12.13, found=7.00, collision=-0.20, battery=-0.10, done=0.00
2026-02-20 12:14:38,396 | INFO | Episode 1050/5000 | Avg Reward: 12.42 | Avg Length: 202.00 | Avg Loss: 1.4423 | Avg Found Sources: 0.30 | Avg Reward Components: conc=9.82, found=3.00, collision=-0.30, battery=-0.10, done=0.00
2026-02-20 12:14:45,100 | INFO | Episode 1060/5000 | Avg Reward: -9.20 | Avg Length: 202.00 | Avg Loss: 12.4813 | Avg Found Sources: 0.20 | Avg Reward Components: conc=8.00, found=2.00, collision=-19.10, battery=-0.10, done=0.00
2026-02-20 12:14:51,711 | INFO | Episode 1070/5000 | Avg Reward: 19.21 | Avg Length: 202.00 | Avg Loss: 2.3158 | Avg Found Sources: 0.30 | Avg Reward Components: conc=16.71, found=3.00, collision=-0.40, battery=-0.10, done=0.00
2026-02-20 12:14:58,372 | INFO | Episode 1080/5000 | Avg Reward: 17.93 | Avg Length: 202.00 | Avg Loss: 4.0001 | Avg Found Sources: 0.50 | Avg Reward Components: conc=13.33, found=5.00, collision=-0.30, battery=-0.10, done=0.00
2026-02-20 12:15:05,014 | INFO | Episode 1090/5000 | Avg Reward: 12.88 | Avg Length: 202.00 | Avg Loss: 1.5028 | Avg Found Sources: 0.60 | Avg Reward Components: conc=7.08, found=6.00, collision=-0.10, battery=-0.10, done=0.00
2026-02-20 12:15:11,728 | INFO | Episode 1100/5000 | Avg Reward: -12.54 | Avg Length: 202.00 | Avg Loss: 12.8847 | Avg Found Sources: 0.00 | Avg Reward Components: conc=6.76, found=0.00, collision=-19.20, battery=-0.10, done=0.00
2026-02-20 12:15:18,393 | INFO | Episode 1110/5000 | Avg Reward: 15.51 | Avg Length: 202.00 | Avg Loss: 2.1467 | Avg Found Sources: 0.60 | Avg Reward Components: conc=9.81, found=6.00, collision=-0.20, battery=-0.10, done=0.00
2026-02-20 12:15:25,018 | INFO | Episode 1120/5000 | Avg Reward: 9.39 | Avg Length: 202.00 | Avg Loss: 1.4109 | Avg Found Sources: 0.20 | Avg Reward Components: conc=7.64, found=2.00, collision=-0.15, battery=-0.10, done=0.00
2026-02-20 12:15:31,627 | INFO | Episode 1130/5000 | Avg Reward: 17.46 | Avg Length: 202.00 | Avg Loss: 2.7828 | Avg Found Sources: 0.70 | Avg Reward Components: conc=11.11, found=7.00, collision=-0.55, battery=-0.10, done=0.00
2026-02-20 12:15:38,280 | INFO | Episode 1140/5000 | Avg Reward: 11.15 | Avg Length: 202.00 | Avg Loss: 2.0271 | Avg Found Sources: 0.40 | Avg Reward Components: conc=7.55, found=4.00, collision=-0.30, battery=-0.10, done=0.00
2026-02-20 12:15:44,945 | INFO | Episode 1150/5000 | Avg Reward: -3.20 | Avg Length: 202.00 | Avg Loss: 13.8866 | Avg Found Sources: 0.60 | Avg Reward Components: conc=9.80, found=6.00, collision=-18.90, battery=-0.10, done=0.00
2026-02-20 12:15:51,536 | INFO | Episode 1160/5000 | Avg Reward: 3.69 | Avg Length: 202.00 | Avg Loss: 9.6291 | Avg Found Sources: 0.10 | Avg Reward Components: conc=12.79, found=1.00, collision=-10.00, battery=-0.10, done=0.00
2026-02-20 12:15:58,228 | INFO | Episode 1170/5000 | Avg Reward: 9.29 | Avg Length: 202.00 | Avg Loss: 0.9856 | Avg Found Sources: 0.20 | Avg Reward Components: conc=7.74, found=2.00, collision=-0.35, battery=-0.10, done=0.00
2026-02-20 12:16:04,842 | INFO | Episode 1180/5000 | Avg Reward: 22.53 | Avg Length: 202.00 | Avg Loss: 3.9287 | Avg Found Sources: 0.60 | Avg Reward Components: conc=16.83, found=6.00, collision=-0.20, battery=-0.10, done=0.00
2026-02-20 12:16:11,403 | INFO | Episode 1190/5000 | Avg Reward: 12.54 | Avg Length: 202.00 | Avg Loss: 1.2485 | Avg Found Sources: 0.40 | Avg Reward Components: conc=8.79, found=4.00, collision=-0.15, battery=-0.10, done=0.00
2026-02-20 12:16:17,903 | INFO | Episode 1200/5000 | Avg Reward: 22.68 | Avg Length: 202.00 | Avg Loss: 3.6008 | Avg Found Sources: 0.60 | Avg Reward Components: conc=17.13, found=6.00, collision=-0.35, battery=-0.10, done=0.00
2026-02-20 12:16:24,507 | INFO | Episode 1210/5000 | Avg Reward: 23.25 | Avg Length: 202.00 | Avg Loss: 6.2133 | Avg Found Sources: 0.30 | Avg Reward Components: conc=20.55, found=3.00, collision=-0.20, battery=-0.10, done=0.00
2026-02-20 12:16:31,146 | INFO | Episode 1220/5000 | Avg Reward: 11.12 | Avg Length: 202.00 | Avg Loss: 1.3886 | Avg Found Sources: 0.40 | Avg Reward Components: conc=7.87, found=4.00, collision=-0.65, battery=-0.10, done=0.00
2026-02-20 12:16:37,702 | INFO | Episode 1230/5000 | Avg Reward: -11.54 | Avg Length: 202.00 | Avg Loss: 11.7154 | Avg Found Sources: 0.10 | Avg Reward Components: conc=7.46, found=1.00, collision=-19.90, battery=-0.10, done=0.00
2026-02-20 12:16:44,404 | INFO | Episode 1240/5000 | Avg Reward: -5.08 | Avg Length: 202.00 | Avg Loss: 15.3109 | Avg Found Sources: 0.50 | Avg Reward Components: conc=8.87, found=5.00, collision=-18.85, battery=-0.10, done=0.00
2026-02-20 12:16:51,018 | INFO | Episode 1250/5000 | Avg Reward: 10.21 | Avg Length: 202.00 | Avg Loss: 1.0554 | Avg Found Sources: 0.20 | Avg Reward Components: conc=8.61, found=2.00, collision=-0.30, battery=-0.10, done=0.00
2026-02-20 12:16:57,577 | INFO | Episode 1260/5000 | Avg Reward: 12.67 | Avg Length: 202.00 | Avg Loss: 2.2483 | Avg Found Sources: 0.70 | Avg Reward Components: conc=5.97, found=7.00, collision=-0.20, battery=-0.10, done=0.00
2026-02-20 12:17:04,156 | INFO | Episode 1270/5000 | Avg Reward: 22.54 | Avg Length: 202.00 | Avg Loss: 4.8743 | Avg Found Sources: 0.70 | Avg Reward Components: conc=15.94, found=7.00, collision=-0.30, battery=-0.10, done=0.00
2026-02-20 12:17:10,731 | INFO | Episode 1280/5000 | Avg Reward: 11.14 | Avg Length: 202.00 | Avg Loss: 1.3438 | Avg Found Sources: 0.40 | Avg Reward Components: conc=7.89, found=4.00, collision=-0.65, battery=-0.10, done=0.00
2026-02-20 12:17:17,374 | INFO | Episode 1290/5000 | Avg Reward: 13.01 | Avg Length: 202.00 | Avg Loss: 1.9263 | Avg Found Sources: 0.40 | Avg Reward Components: conc=9.51, found=4.00, collision=-0.40, battery=-0.10, done=0.00
2026-02-20 12:17:23,952 | INFO | Episode 1300/5000 | Avg Reward: 10.52 | Avg Length: 202.00 | Avg Loss: 0.6671 | Avg Found Sources: 0.30 | Avg Reward Components: conc=8.52, found=3.00, collision=-0.90, battery=-0.10, done=0.00
2026-02-20 12:17:30,603 | INFO | Episode 1310/5000 | Avg Reward: 16.48 | Avg Length: 202.00 | Avg Loss: 2.3708 | Avg Found Sources: 0.30 | Avg Reward Components: conc=13.68, found=3.00, collision=-0.10, battery=-0.10, done=0.00
2026-02-20 12:17:37,126 | INFO | Episode 1320/5000 | Avg Reward: 3.20 | Avg Length: 202.10 | Avg Loss: 0.2600 | Avg Found Sources: 0.10 | Avg Reward Components: conc=2.85, found=1.00, collision=-0.55, battery=-0.10, done=0.00
2026-02-20 12:17:43,843 | INFO | Episode 1330/5000 | Avg Reward: 3.17 | Avg Length: 202.00 | Avg Loss: 6.2091 | Avg Found Sources: 0.40 | Avg Reward Components: conc=9.32, found=4.00, collision=-10.05, battery=-0.10, done=0.00
2026-02-20 12:17:50,464 | INFO | Episode 1340/5000 | Avg Reward: 13.31 | Avg Length: 202.00 | Avg Loss: 1.6518 | Avg Found Sources: 0.30 | Avg Reward Components: conc=10.41, found=3.00, collision=0.00, battery=-0.10, done=0.00
2026-02-20 12:17:57,032 | INFO | Episode 1350/5000 | Avg Reward: 14.50 | Avg Length: 202.00 | Avg Loss: 1.6772 | Avg Found Sources: 0.40 | Avg Reward Components: conc=10.60, found=4.00, collision=0.00, battery=-0.10, done=0.00
2026-02-20 12:18:03,641 | INFO | Episode 1360/5000 | Avg Reward: 33.63 | Avg Length: 202.00 | Avg Loss: 9.3930 | Avg Found Sources: 1.20 | Avg Reward Components: conc=22.38, found=12.00, collision=-0.65, battery=-0.10, done=0.00
2026-02-20 12:18:10,198 | INFO | Episode 1370/5000 | Avg Reward: -1.15 | Avg Length: 202.00 | Avg Loss: 7.5410 | Avg Found Sources: 0.30 | Avg Reward Components: conc=6.10, found=3.00, collision=-10.15, battery=-0.10, done=0.00
2026-02-20 12:18:16,770 | INFO | Episode 1380/5000 | Avg Reward: 15.36 | Avg Length: 202.00 | Avg Loss: 2.8064 | Avg Found Sources: 0.30 | Avg Reward Components: conc=12.51, found=3.00, collision=-0.05, battery=-0.10, done=0.00
2026-02-20 12:18:23,352 | INFO | Episode 1390/5000 | Avg Reward: 5.78 | Avg Length: 202.00 | Avg Loss: 10.4252 | Avg Found Sources: 0.70 | Avg Reward Components: conc=9.38, found=7.00, collision=-10.50, battery=-0.10, done=0.00
2026-02-20 12:18:30,026 | INFO | Episode 1400/5000 | Avg Reward: 20.08 | Avg Length: 202.00 | Avg Loss: 4.2121 | Avg Found Sources: 0.70 | Avg Reward Components: conc=13.33, found=7.00, collision=-0.15, battery=-0.10, done=0.00
2026-02-20 12:18:36,702 | INFO | Episode 1410/5000 | Avg Reward: 3.01 | Avg Length: 202.00 | Avg Loss: 2.3677 | Avg Found Sources: 0.40 | Avg Reward Components: conc=9.11, found=4.00, collision=-10.00, battery=-0.10, done=0.00
2026-02-20 12:18:43,306 | INFO | Episode 1420/5000 | Avg Reward: 7.25 | Avg Length: 202.00 | Avg Loss: 8.4485 | Avg Found Sources: 0.70 | Avg Reward Components: conc=9.70, found=7.00, collision=-9.35, battery=-0.10, done=0.00
2026-02-20 12:18:49,976 | INFO | Episode 1430/5000 | Avg Reward: 9.18 | Avg Length: 202.00 | Avg Loss: 1.0003 | Avg Found Sources: 0.10 | Avg Reward Components: conc=8.58, found=1.00, collision=-0.30, battery=-0.10, done=0.00
2026-02-20 12:18:56,525 | INFO | Episode 1440/5000 | Avg Reward: 2.57 | Avg Length: 202.00 | Avg Loss: 8.8622 | Avg Found Sources: 0.50 | Avg Reward Components: conc=7.57, found=5.00, collision=-9.90, battery=-0.10, done=0.00
2026-02-20 12:19:03,126 | INFO | Episode 1450/5000 | Avg Reward: 14.23 | Avg Length: 202.00 | Avg Loss: 8.0898 | Avg Found Sources: 0.80 | Avg Reward Components: conc=15.88, found=8.00, collision=-9.55, battery=-0.10, done=0.00
2026-02-20 12:19:09,745 | INFO | Episode 1460/5000 | Avg Reward: 0.49 | Avg Length: 202.00 | Avg Loss: 17.2516 | Avg Found Sources: 0.10 | Avg Reward Components: conc=18.99, found=1.00, collision=-19.40, battery=-0.10, done=0.00
2026-02-20 12:19:16,350 | INFO | Episode 1470/5000 | Avg Reward: 6.21 | Avg Length: 202.00 | Avg Loss: 8.0585 | Avg Found Sources: 0.40 | Avg Reward Components: conc=12.21, found=4.00, collision=-9.90, battery=-0.10, done=0.00
2026-02-20 12:19:22,976 | INFO | Episode 1480/5000 | Avg Reward: 4.16 | Avg Length: 202.00 | Avg Loss: 5.9330 | Avg Found Sources: 0.70 | Avg Reward Components: conc=6.81, found=7.00, collision=-9.55, battery=-0.10, done=0.00
2026-02-20 12:19:29,579 | INFO | Episode 1490/5000 | Avg Reward: 11.74 | Avg Length: 202.00 | Avg Loss: 1.3553 | Avg Found Sources: 0.30 | Avg Reward Components: conc=9.34, found=3.00, collision=-0.50, battery=-0.10, done=0.00
2026-02-20 12:19:36,172 | INFO | Episode 1500/5000 | Avg Reward: 16.19 | Avg Length: 202.00 | Avg Loss: 3.4754 | Avg Found Sources: 0.80 | Avg Reward Components: conc=8.54, found=8.00, collision=-0.25, battery=-0.10, done=0.00
2026-02-20 12:19:42,870 | INFO | Episode 1510/5000 | Avg Reward: 7.39 | Avg Length: 202.00 | Avg Loss: 0.6032 | Avg Found Sources: 0.10 | Avg Reward Components: conc=6.74, found=1.00, collision=-0.25, battery=-0.10, done=0.00
2026-02-20 12:19:49,500 | INFO | Episode 1520/5000 | Avg Reward: 12.94 | Avg Length: 202.00 | Avg Loss: 2.0866 | Avg Found Sources: 0.70 | Avg Reward Components: conc=6.24, found=7.00, collision=-0.20, battery=-0.10, done=0.00
2026-02-20 12:19:56,074 | INFO | Episode 1530/5000 | Avg Reward: -1.73 | Avg Length: 202.00 | Avg Loss: 9.9011 | Avg Found Sources: 0.50 | Avg Reward Components: conc=12.02, found=5.00, collision=-18.65, battery=-0.10, done=0.00
2026-02-20 12:20:02,736 | INFO | Episode 1540/5000 | Avg Reward: 14.46 | Avg Length: 202.00 | Avg Loss: 1.5261 | Avg Found Sources: 0.50 | Avg Reward Components: conc=10.11, found=5.00, collision=-0.55, battery=-0.10, done=0.00
2026-02-20 12:20:09,394 | INFO | Episode 1550/5000 | Avg Reward: 10.88 | Avg Length: 202.00 | Avg Loss: 1.3150 | Avg Found Sources: 0.40 | Avg Reward Components: conc=7.13, found=4.00, collision=-0.15, battery=-0.10, done=0.00
2026-02-20 12:20:16,028 | INFO | Episode 1560/5000 | Avg Reward: 20.76 | Avg Length: 202.00 | Avg Loss: 2.7099 | Avg Found Sources: 0.80 | Avg Reward Components: conc=13.16, found=8.00, collision=-0.30, battery=-0.10, done=0.00
2026-02-20 12:20:22,743 | INFO | Episode 1570/5000 | Avg Reward: 9.10 | Avg Length: 202.00 | Avg Loss: 2.6909 | Avg Found Sources: 0.50 | Avg Reward Components: conc=4.35, found=5.00, collision=-0.15, battery=-0.10, done=0.00
2026-02-20 12:20:29,430 | INFO | Episode 1580/5000 | Avg Reward: -11.25 | Avg Length: 202.00 | Avg Loss: 11.7686 | Avg Found Sources: 0.20 | Avg Reward Components: conc=6.35, found=2.00, collision=-19.50, battery=-0.10, done=0.00
2026-02-20 12:20:36,096 | INFO | Episode 1590/5000 | Avg Reward: 0.12 | Avg Length: 202.00 | Avg Loss: 7.6266 | Avg Found Sources: 0.50 | Avg Reward Components: conc=5.57, found=5.00, collision=-10.35, battery=-0.10, done=0.00
2026-02-20 12:20:42,770 | INFO | Episode 1600/5000 | Avg Reward: 17.29 | Avg Length: 202.00 | Avg Loss: 2.5028 | Avg Found Sources: 0.60 | Avg Reward Components: conc=11.79, found=6.00, collision=-0.40, battery=-0.10, done=0.00
2026-02-20 12:20:49,534 | INFO | Episode 1610/5000 | Avg Reward: 4.40 | Avg Length: 202.00 | Avg Loss: 8.2190 | Avg Found Sources: 0.40 | Avg Reward Components: conc=10.30, found=4.00, collision=-9.80, battery=-0.10, done=0.00
2026-02-20 12:20:56,182 | INFO | Episode 1620/5000 | Avg Reward: 10.75 | Avg Length: 202.00 | Avg Loss: 2.4141 | Avg Found Sources: 0.40 | Avg Reward Components: conc=7.20, found=4.00, collision=-0.35, battery=-0.10, done=0.00
2026-02-20 12:21:02,834 | INFO | Episode 1630/5000 | Avg Reward: 10.31 | Avg Length: 202.00 | Avg Loss: 1.3121 | Avg Found Sources: 0.30 | Avg Reward Components: conc=7.46, found=3.00, collision=-0.05, battery=-0.10, done=0.00
2026-02-20 12:21:09,494 | INFO | Episode 1640/5000 | Avg Reward: 11.77 | Avg Length: 202.00 | Avg Loss: 2.1417 | Avg Found Sources: 0.30 | Avg Reward Components: conc=9.07, found=3.00, collision=-0.20, battery=-0.10, done=0.00
2026-02-20 12:21:16,186 | INFO | Episode 1650/5000 | Avg Reward: 5.73 | Avg Length: 202.00 | Avg Loss: 9.4686 | Avg Found Sources: 0.40 | Avg Reward Components: conc=12.18, found=4.00, collision=-10.35, battery=-0.10, done=0.00
2026-02-20 12:21:22,863 | INFO | Episode 1660/5000 | Avg Reward: -2.80 | Avg Length: 202.00 | Avg Loss: 6.6482 | Avg Found Sources: 0.20 | Avg Reward Components: conc=4.60, found=2.00, collision=-9.30, battery=-0.10, done=0.00
2026-02-20 12:21:29,449 | INFO | Episode 1670/5000 | Avg Reward: 7.17 | Avg Length: 202.00 | Avg Loss: 9.1233 | Avg Found Sources: 0.60 | Avg Reward Components: conc=11.47, found=6.00, collision=-10.20, battery=-0.10, done=0.00
2026-02-20 12:21:36,069 | INFO | Episode 1680/5000 | Avg Reward: 12.83 | Avg Length: 202.00 | Avg Loss: 3.9690 | Avg Found Sources: 0.70 | Avg Reward Components: conc=6.18, found=7.00, collision=-0.25, battery=-0.10, done=0.00
2026-02-20 12:21:42,731 | INFO | Episode 1690/5000 | Avg Reward: 2.25 | Avg Length: 202.00 | Avg Loss: 7.0664 | Avg Found Sources: 0.60 | Avg Reward Components: conc=5.85, found=6.00, collision=-9.50, battery=-0.10, done=0.00
2026-02-20 12:21:49,427 | INFO | Episode 1700/5000 | Avg Reward: 0.48 | Avg Length: 202.00 | Avg Loss: 4.1362 | Avg Found Sources: 0.20 | Avg Reward Components: conc=8.48, found=2.00, collision=-9.90, battery=-0.10, done=0.00
2026-02-20 12:21:56,095 | INFO | Episode 1710/5000 | Avg Reward: 11.24 | Avg Length: 202.00 | Avg Loss: 1.7549 | Avg Found Sources: 0.50 | Avg Reward Components: conc=6.44, found=5.00, collision=-0.10, battery=-0.10, done=0.00
2026-02-20 12:22:02,727 | INFO | Episode 1720/5000 | Avg Reward: 13.56 | Avg Length: 202.00 | Avg Loss: 1.8380 | Avg Found Sources: 0.30 | Avg Reward Components: conc=10.66, found=3.00, collision=0.00, battery=-0.10, done=0.00
2026-02-20 12:22:09,358 | INFO | Episode 1730/5000 | Avg Reward: 5.81 | Avg Length: 202.00 | Avg Loss: 0.5573 | Avg Found Sources: 0.10 | Avg Reward Components: conc=5.31, found=1.00, collision=-0.40, battery=-0.10, done=0.00
2026-02-20 12:22:15,985 | INFO | Episode 1740/5000 | Avg Reward: 3.64 | Avg Length: 202.00 | Avg Loss: 7.4367 | Avg Found Sources: 0.30 | Avg Reward Components: conc=10.09, found=3.00, collision=-9.35, battery=-0.10, done=0.00
2026-02-20 12:22:22,605 | INFO | Episode 1750/5000 | Avg Reward: 8.03 | Avg Length: 202.00 | Avg Loss: 0.7682 | Avg Found Sources: 0.10 | Avg Reward Components: conc=7.73, found=1.00, collision=-0.60, battery=-0.10, done=0.00
2026-02-20 12:22:29,226 | INFO | Episode 1760/5000 | Avg Reward: 17.74 | Avg Length: 202.00 | Avg Loss: 3.2527 | Avg Found Sources: 0.30 | Avg Reward Components: conc=15.24, found=3.00, collision=-0.40, battery=-0.10, done=0.00
2026-02-20 12:22:35,889 | INFO | Episode 1770/5000 | Avg Reward: 8.42 | Avg Length: 202.00 | Avg Loss: 1.1667 | Avg Found Sources: 0.20 | Avg Reward Components: conc=6.67, found=2.00, collision=-0.15, battery=-0.10, done=0.00
2026-02-20 12:22:42,496 | INFO | Episode 1780/5000 | Avg Reward: 18.58 | Avg Length: 202.00 | Avg Loss: 3.3062 | Avg Found Sources: 0.70 | Avg Reward Components: conc=12.33, found=7.00, collision=-0.65, battery=-0.10, done=0.00
2026-02-20 12:22:49,181 | INFO | Episode 1790/5000 | Avg Reward: 10.92 | Avg Length: 202.00 | Avg Loss: 2.1266 | Avg Found Sources: 0.30 | Avg Reward Components: conc=8.02, found=3.00, collision=0.00, battery=-0.10, done=0.00
2026-02-20 12:22:55,822 | INFO | Episode 1800/5000 | Avg Reward: 20.43 | Avg Length: 202.00 | Avg Loss: 4.5830 | Avg Found Sources: 0.80 | Avg Reward Components: conc=12.63, found=8.00, collision=-0.10, battery=-0.10, done=0.00
2026-02-20 12:23:02,433 | INFO | Episode 1810/5000 | Avg Reward: -0.95 | Avg Length: 202.00 | Avg Loss: 12.6304 | Avg Found Sources: 0.60 | Avg Reward Components: conc=13.10, found=6.00, collision=-19.95, battery=-0.10, done=0.00
2026-02-20 12:23:09,085 | INFO | Episode 1820/5000 | Avg Reward: 9.02 | Avg Length: 202.00 | Avg Loss: 2.3038 | Avg Found Sources: 0.60 | Avg Reward Components: conc=12.47, found=6.00, collision=-9.35, battery=-0.10, done=0.00
2026-02-20 12:23:15,706 | INFO | Episode 1830/5000 | Avg Reward: -0.90 | Avg Length: 202.00 | Avg Loss: 7.4958 | Avg Found Sources: 0.20 | Avg Reward Components: conc=6.75, found=2.00, collision=-9.55, battery=-0.10, done=0.00
2026-02-20 12:23:22,351 | INFO | Episode 1840/5000 | Avg Reward: 2.78 | Avg Length: 202.00 | Avg Loss: 7.0734 | Avg Found Sources: 0.30 | Avg Reward Components: conc=9.68, found=3.00, collision=-9.80, battery=-0.10, done=0.00
2026-02-20 12:23:28,976 | INFO | Episode 1850/5000 | Avg Reward: -3.07 | Avg Length: 202.00 | Avg Loss: 15.8665 | Avg Found Sources: 0.70 | Avg Reward Components: conc=9.48, found=7.00, collision=-19.45, battery=-0.10, done=0.00
2026-02-20 12:23:35,544 | INFO | Episode 1860/5000 | Avg Reward: 12.22 | Avg Length: 202.00 | Avg Loss: 1.1404 | Avg Found Sources: 0.50 | Avg Reward Components: conc=7.32, found=5.00, collision=0.00, battery=-0.10, done=0.00
2026-02-20 12:23:42,234 | INFO | Episode 1870/5000 | Avg Reward: 10.83 | Avg Length: 202.00 | Avg Loss: 8.0026 | Avg Found Sources: 0.10 | Avg Reward Components: conc=20.03, found=1.00, collision=-10.10, battery=-0.10, done=0.00
2026-02-20 12:23:48,859 | INFO | Episode 1880/5000 | Avg Reward: 9.37 | Avg Length: 202.00 | Avg Loss: 1.2464 | Avg Found Sources: 0.30 | Avg Reward Components: conc=6.57, found=3.00, collision=-0.10, battery=-0.10, done=0.00
2026-02-20 12:23:55,512 | INFO | Episode 1890/5000 | Avg Reward: -6.12 | Avg Length: 202.00 | Avg Loss: 7.0506 | Avg Found Sources: 0.20 | Avg Reward Components: conc=2.48, found=2.00, collision=-10.50, battery=-0.10, done=0.00
2026-02-20 12:24:02,208 | INFO | Episode 1900/5000 | Avg Reward: 2.34 | Avg Length: 202.00 | Avg Loss: 6.9064 | Avg Found Sources: 0.50 | Avg Reward Components: conc=7.34, found=5.00, collision=-9.90, battery=-0.10, done=0.00
2026-02-20 12:24:08,856 | INFO | Episode 1910/5000 | Avg Reward: 9.44 | Avg Length: 202.00 | Avg Loss: 1.3422 | Avg Found Sources: 0.30 | Avg Reward Components: conc=6.74, found=3.00, collision=-0.20, battery=-0.10, done=0.00
2026-02-20 12:24:15,519 | INFO | Episode 1920/5000 | Avg Reward: 27.74 | Avg Length: 202.00 | Avg Loss: 6.3224 | Avg Found Sources: 0.70 | Avg Reward Components: conc=21.29, found=7.00, collision=-0.45, battery=-0.10, done=0.00
2026-02-20 12:24:22,156 | INFO | Episode 1930/5000 | Avg Reward: 0.30 | Avg Length: 202.00 | Avg Loss: 7.8628 | Avg Found Sources: 0.30 | Avg Reward Components: conc=7.20, found=3.00, collision=-9.80, battery=-0.10, done=0.00
2026-02-20 12:24:28,792 | INFO | Episode 1940/5000 | Avg Reward: 7.86 | Avg Length: 202.00 | Avg Loss: 9.7239 | Avg Found Sources: 0.70 | Avg Reward Components: conc=10.56, found=7.00, collision=-9.60, battery=-0.10, done=0.00
2026-02-20 12:24:35,377 | INFO | Episode 1950/5000 | Avg Reward: 10.27 | Avg Length: 202.00 | Avg Loss: 1.4835 | Avg Found Sources: 0.40 | Avg Reward Components: conc=6.77, found=4.00, collision=-0.40, battery=-0.10, done=0.00
2026-02-20 12:24:42,035 | INFO | Episode 1960/5000 | Avg Reward: 14.58 | Avg Length: 202.00 | Avg Loss: 1.6746 | Avg Found Sources: 0.40 | Avg Reward Components: conc=10.78, found=4.00, collision=-0.10, battery=-0.10, done=0.00
2026-02-20 12:24:48,668 | INFO | Episode 1970/5000 | Avg Reward: -1.97 | Avg Length: 202.00 | Avg Loss: 7.1144 | Avg Found Sources: 0.40 | Avg Reward Components: conc=3.68, found=4.00, collision=-9.55, battery=-0.10, done=0.00
2026-02-20 12:24:54,802 | INFO | Episode 1980/5000 | Avg Reward: 8.40 | Avg Length: 182.70 | Avg Loss: 39.9715 | Avg Found Sources: 1.10 | Avg Reward Components: conc=7.64, found=11.00, collision=-10.15, battery=-0.09, done=0.00
2026-02-20 12:25:01,406 | INFO | Episode 1990/5000 | Avg Reward: 10.31 | Avg Length: 202.00 | Avg Loss: 2.0182 | Avg Found Sources: 0.40 | Avg Reward Components: conc=6.56, found=4.00, collision=-0.15, battery=-0.10, done=0.00
2026-02-20 12:25:07,983 | INFO | Episode 2000/5000 | Avg Reward: 17.41 | Avg Length: 202.00 | Avg Loss: 2.1536 | Avg Found Sources: 0.40 | Avg Reward Components: conc=14.71, found=4.00, collision=-1.20, battery=-0.10, done=0.00
2026-02-20 12:25:14,621 | INFO | Episode 2010/5000 | Avg Reward: 8.82 | Avg Length: 202.00 | Avg Loss: 0.8931 | Avg Found Sources: 0.20 | Avg Reward Components: conc=7.17, found=2.00, collision=-0.25, battery=-0.10, done=0.00
2026-02-20 12:25:21,225 | INFO | Episode 2020/5000 | Avg Reward: 27.37 | Avg Length: 202.00 | Avg Loss: 5.5509 | Avg Found Sources: 0.60 | Avg Reward Components: conc=21.77, found=6.00, collision=-0.30, battery=-0.10, done=0.00
2026-02-20 12:25:27,874 | INFO | Episode 2030/5000 | Avg Reward: 12.64 | Avg Length: 202.00 | Avg Loss: 2.7098 | Avg Found Sources: 0.50 | Avg Reward Components: conc=8.54, found=5.00, collision=-0.80, battery=-0.10, done=0.00
2026-02-20 12:25:34,536 | INFO | Episode 2040/5000 | Avg Reward: 5.18 | Avg Length: 202.00 | Avg Loss: 0.6105 | Avg Found Sources: 0.20 | Avg Reward Components: conc=3.73, found=2.00, collision=-0.45, battery=-0.10, done=0.00
2026-02-20 12:25:41,228 | INFO | Episode 2050/5000 | Avg Reward: 10.13 | Avg Length: 202.00 | Avg Loss: 1.1651 | Avg Found Sources: 0.30 | Avg Reward Components: conc=7.63, found=3.00, collision=-0.40, battery=-0.10, done=0.00
2026-02-20 12:25:47,892 | INFO | Episode 2060/5000 | Avg Reward: 9.22 | Avg Length: 202.00 | Avg Loss: 1.1433 | Avg Found Sources: 0.40 | Avg Reward Components: conc=5.82, found=4.00, collision=-0.50, battery=-0.10, done=0.00
2026-02-20 12:25:54,509 | INFO | Episode 2070/5000 | Avg Reward: 12.60 | Avg Length: 202.00 | Avg Loss: 2.1492 | Avg Found Sources: 0.50 | Avg Reward Components: conc=8.00, found=5.00, collision=-0.30, battery=-0.10, done=0.00
2026-02-20 12:26:01,234 | INFO | Episode 2080/5000 | Avg Reward: -1.82 | Avg Length: 202.00 | Avg Loss: 4.5589 | Avg Found Sources: 0.20 | Avg Reward Components: conc=6.53, found=2.00, collision=-10.25, battery=-0.10, done=0.00
2026-02-20 12:26:07,886 | INFO | Episode 2090/5000 | Avg Reward: 1.70 | Avg Length: 202.00 | Avg Loss: 8.5628 | Avg Found Sources: 0.60 | Avg Reward Components: conc=5.90, found=6.00, collision=-10.10, battery=-0.10, done=0.00
2026-02-20 12:26:14,569 | INFO | Episode 2100/5000 | Avg Reward: 11.96 | Avg Length: 202.00 | Avg Loss: 1.2883 | Avg Found Sources: 0.40 | Avg Reward Components: conc=8.26, found=4.00, collision=-0.20, battery=-0.10, done=0.00
2026-02-20 12:26:21,218 | INFO | Episode 2110/5000 | Avg Reward: -8.68 | Avg Length: 202.00 | Avg Loss: 13.5329 | Avg Found Sources: 0.50 | Avg Reward Components: conc=5.72, found=5.00, collision=-19.30, battery=-0.10, done=0.00
2026-02-20 12:26:27,821 | INFO | Episode 2120/5000 | Avg Reward: 11.87 | Avg Length: 202.00 | Avg Loss: 2.2058 | Avg Found Sources: 0.60 | Avg Reward Components: conc=6.42, found=6.00, collision=-0.45, battery=-0.10, done=0.00
2026-02-20 12:26:34,454 | INFO | Episode 2130/5000 | Avg Reward: 14.57 | Avg Length: 202.00 | Avg Loss: 2.2749 | Avg Found Sources: 0.50 | Avg Reward Components: conc=10.02, found=5.00, collision=-0.35, battery=-0.10, done=0.00
2026-02-20 12:26:41,062 | INFO | Episode 2140/5000 | Avg Reward: -1.65 | Avg Length: 202.00 | Avg Loss: 6.9486 | Avg Found Sources: 0.40 | Avg Reward Components: conc=4.50, found=4.00, collision=-10.05, battery=-0.10, done=0.00
2026-02-20 12:26:47,665 | INFO | Episode 2150/5000 | Avg Reward: 29.17 | Avg Length: 202.00 | Avg Loss: 4.9091 | Avg Found Sources: 0.90 | Avg Reward Components: conc=20.42, found=9.00, collision=-0.15, battery=-0.10, done=0.00
2026-02-20 12:26:54,332 | INFO | Episode 2160/5000 | Avg Reward: 17.48 | Avg Length: 202.00 | Avg Loss: 3.4341 | Avg Found Sources: 1.00 | Avg Reward Components: conc=8.03, found=10.00, collision=-0.45, battery=-0.10, done=0.00
2026-02-20 12:27:00,979 | INFO | Episode 2170/5000 | Avg Reward: 11.17 | Avg Length: 202.00 | Avg Loss: 0.9468 | Avg Found Sources: 0.40 | Avg Reward Components: conc=7.72, found=4.00, collision=-0.45, battery=-0.10, done=0.00
2026-02-20 12:27:07,664 | INFO | Episode 2180/5000 | Avg Reward: 18.13 | Avg Length: 202.00 | Avg Loss: 2.6194 | Avg Found Sources: 0.50 | Avg Reward Components: conc=13.58, found=5.00, collision=-0.35, battery=-0.10, done=0.00
2026-02-20 12:27:14,361 | INFO | Episode 2190/5000 | Avg Reward: 4.21 | Avg Length: 202.00 | Avg Loss: 1.8260 | Avg Found Sources: 0.20 | Avg Reward Components: conc=2.46, found=2.00, collision=-0.15, battery=-0.10, done=0.00
2026-02-20 12:27:20,903 | INFO | Episode 2200/5000 | Avg Reward: 16.86 | Avg Length: 202.10 | Avg Loss: 2.2451 | Avg Found Sources: 0.60 | Avg Reward Components: conc=11.51, found=6.00, collision=-0.55, battery=-0.10, done=0.00
2026-02-20 12:27:27,568 | INFO | Episode 2210/5000 | Avg Reward: 7.70 | Avg Length: 202.00 | Avg Loss: 10.0052 | Avg Found Sources: 0.10 | Avg Reward Components: conc=16.60, found=1.00, collision=-9.80, battery=-0.10, done=0.00
2026-02-20 12:27:34,242 | INFO | Episode 2220/5000 | Avg Reward: 2.04 | Avg Length: 202.00 | Avg Loss: 7.3228 | Avg Found Sources: 0.30 | Avg Reward Components: conc=9.49, found=3.00, collision=-10.35, battery=-0.10, done=0.00
2026-02-20 12:27:40,887 | INFO | Episode 2230/5000 | Avg Reward: 12.26 | Avg Length: 202.00 | Avg Loss: 10.3283 | Avg Found Sources: 0.50 | Avg Reward Components: conc=16.86, found=5.00, collision=-9.50, battery=-0.10, done=0.00
2026-02-20 12:27:47,548 | INFO | Episode 2240/5000 | Avg Reward: 6.89 | Avg Length: 202.00 | Avg Loss: 0.6095 | Avg Found Sources: 0.30 | Avg Reward Components: conc=4.19, found=3.00, collision=-0.20, battery=-0.10, done=0.00
2026-02-20 12:27:54,169 | INFO | Episode 2250/5000 | Avg Reward: 13.10 | Avg Length: 202.00 | Avg Loss: 2.2263 | Avg Found Sources: 0.40 | Avg Reward Components: conc=9.55, found=4.00, collision=-0.35, battery=-0.10, done=0.00
2026-02-20 12:28:00,814 | INFO | Episode 2260/5000 | Avg Reward: 4.01 | Avg Length: 202.00 | Avg Loss: 6.8502 | Avg Found Sources: 0.30 | Avg Reward Components: conc=11.01, found=3.00, collision=-9.90, battery=-0.10, done=0.00
2026-02-20 12:28:07,511 | INFO | Episode 2270/5000 | Avg Reward: 4.32 | Avg Length: 202.00 | Avg Loss: 8.4721 | Avg Found Sources: 0.60 | Avg Reward Components: conc=8.32, found=6.00, collision=-9.90, battery=-0.10, done=0.00
2026-02-20 12:28:14,130 | INFO | Episode 2280/5000 | Avg Reward: 17.53 | Avg Length: 202.00 | Avg Loss: 10.5338 | Avg Found Sources: 0.90 | Avg Reward Components: conc=18.88, found=9.00, collision=-10.25, battery=-0.10, done=0.00
2026-02-20 12:28:20,767 | INFO | Episode 2290/5000 | Avg Reward: 15.87 | Avg Length: 202.00 | Avg Loss: 2.3726 | Avg Found Sources: 0.60 | Avg Reward Components: conc=10.27, found=6.00, collision=-0.30, battery=-0.10, done=0.00
2026-02-20 12:28:27,436 | INFO | Episode 2300/5000 | Avg Reward: 9.01 | Avg Length: 202.00 | Avg Loss: 1.0452 | Avg Found Sources: 0.50 | Avg Reward Components: conc=4.46, found=5.00, collision=-0.35, battery=-0.10, done=0.00
2026-02-20 12:28:34,207 | INFO | Episode 2310/5000 | Avg Reward: 12.59 | Avg Length: 202.00 | Avg Loss: 2.4060 | Avg Found Sources: 0.70 | Avg Reward Components: conc=5.94, found=7.00, collision=-0.25, battery=-0.10, done=0.00
2026-02-20 12:28:40,879 | INFO | Episode 2320/5000 | Avg Reward: 3.92 | Avg Length: 202.00 | Avg Loss: 4.2346 | Avg Found Sources: 0.30 | Avg Reward Components: conc=10.52, found=3.00, collision=-9.50, battery=-0.10, done=0.00
2026-02-20 12:28:47,579 | INFO | Episode 2330/5000 | Avg Reward: 10.48 | Avg Length: 202.00 | Avg Loss: 1.6002 | Avg Found Sources: 0.50 | Avg Reward Components: conc=5.58, found=5.00, collision=0.00, battery=-0.10, done=0.00
2026-02-20 12:28:54,221 | INFO | Episode 2340/5000 | Avg Reward: 15.59 | Avg Length: 202.00 | Avg Loss: 2.1569 | Avg Found Sources: 0.60 | Avg Reward Components: conc=9.94, found=6.00, collision=-0.25, battery=-0.10, done=0.00
2026-02-20 12:29:00,889 | INFO | Episode 2350/5000 | Avg Reward: 11.81 | Avg Length: 202.00 | Avg Loss: 1.5668 | Avg Found Sources: 0.30 | Avg Reward Components: conc=9.06, found=3.00, collision=-0.15, battery=-0.10, done=0.00
2026-02-20 12:29:07,612 | INFO | Episode 2360/5000 | Avg Reward: 10.10 | Avg Length: 202.00 | Avg Loss: 1.5212 | Avg Found Sources: 0.30 | Avg Reward Components: conc=7.40, found=3.00, collision=-0.20, battery=-0.10, done=0.00
2026-02-20 12:29:14,118 | INFO | Episode 2370/5000 | Avg Reward: 8.98 | Avg Length: 202.00 | Avg Loss: 1.2634 | Avg Found Sources: 0.30 | Avg Reward Components: conc=6.53, found=3.00, collision=-0.45, battery=-0.10, done=0.00
2026-02-20 12:29:20,759 | INFO | Episode 2380/5000 | Avg Reward: 16.62 | Avg Length: 202.00 | Avg Loss: 2.5800 | Avg Found Sources: 0.70 | Avg Reward Components: conc=9.87, found=7.00, collision=-0.15, battery=-0.10, done=0.00
2026-02-20 12:29:27,424 | INFO | Episode 2390/5000 | Avg Reward: 7.41 | Avg Length: 202.00 | Avg Loss: 0.4803 | Avg Found Sources: 0.10 | Avg Reward Components: conc=6.91, found=1.00, collision=-0.40, battery=-0.10, done=0.00
2026-02-20 12:29:34,233 | INFO | Episode 2400/5000 | Avg Reward: 17.98 | Avg Length: 202.00 | Avg Loss: 4.2934 | Avg Found Sources: 0.40 | Avg Reward Components: conc=14.18, found=4.00, collision=-0.10, battery=-0.10, done=0.00
2026-02-20 12:29:40,905 | INFO | Episode 2410/5000 | Avg Reward: 8.79 | Avg Length: 202.00 | Avg Loss: 7.8617 | Avg Found Sources: 0.60 | Avg Reward Components: conc=12.44, found=6.00, collision=-9.55, battery=-0.10, done=0.00
2026-02-20 12:29:47,520 | INFO | Episode 2420/5000 | Avg Reward: 9.02 | Avg Length: 202.00 | Avg Loss: 7.8338 | Avg Found Sources: 0.80 | Avg Reward Components: conc=11.27, found=8.00, collision=-10.15, battery=-0.10, done=0.00
2026-02-20 12:29:54,209 | INFO | Episode 2430/5000 | Avg Reward: 10.35 | Avg Length: 202.00 | Avg Loss: 1.3148 | Avg Found Sources: 0.40 | Avg Reward Components: conc=6.80, found=4.00, collision=-0.35, battery=-0.10, done=0.00
2026-02-20 12:30:00,890 | INFO | Episode 2440/5000 | Avg Reward: 3.24 | Avg Length: 202.00 | Avg Loss: 6.7583 | Avg Found Sources: 0.10 | Avg Reward Components: conc=12.14, found=1.00, collision=-9.80, battery=-0.10, done=0.00
2026-02-20 12:30:07,527 | INFO | Episode 2450/5000 | Avg Reward: 2.08 | Avg Length: 202.00 | Avg Loss: 7.6927 | Avg Found Sources: 0.10 | Avg Reward Components: conc=10.93, found=1.00, collision=-9.75, battery=-0.10, done=0.00
2026-02-20 12:30:14,251 | INFO | Episode 2460/5000 | Avg Reward: 7.32 | Avg Length: 202.00 | Avg Loss: 0.8733 | Avg Found Sources: 0.10 | Avg Reward Components: conc=6.67, found=1.00, collision=-0.25, battery=-0.10, done=0.00
2026-02-20 12:30:20,910 | INFO | Episode 2470/5000 | Avg Reward: 13.03 | Avg Length: 202.00 | Avg Loss: 2.7749 | Avg Found Sources: 0.40 | Avg Reward Components: conc=9.43, found=4.00, collision=-0.30, battery=-0.10, done=0.00
2026-02-20 12:30:27,640 | INFO | Episode 2480/5000 | Avg Reward: 18.59 | Avg Length: 202.00 | Avg Loss: 3.4258 | Avg Found Sources: 0.80 | Avg Reward Components: conc=11.14, found=8.00, collision=-0.45, battery=-0.10, done=0.00
2026-02-20 12:30:34,396 | INFO | Episode 2490/5000 | Avg Reward: 1.85 | Avg Length: 202.00 | Avg Loss: 8.3922 | Avg Found Sources: 0.80 | Avg Reward Components: conc=3.45, found=8.00, collision=-9.50, battery=-0.10, done=0.00
2026-02-20 12:30:41,145 | INFO | Episode 2500/5000 | Avg Reward: 16.36 | Avg Length: 202.00 | Avg Loss: 2.3817 | Avg Found Sources: 0.30 | Avg Reward Components: conc=13.91, found=3.00, collision=-0.45, battery=-0.10, done=0.00
2026-02-20 12:30:47,758 | INFO | Episode 2510/5000 | Avg Reward: 13.25 | Avg Length: 202.00 | Avg Loss: 1.6424 | Avg Found Sources: 0.30 | Avg Reward Components: conc=10.35, found=3.00, collision=0.00, battery=-0.10, done=0.00
2026-02-20 12:30:54,410 | INFO | Episode 2520/5000 | Avg Reward: -0.82 | Avg Length: 202.00 | Avg Loss: 5.9818 | Avg Found Sources: 0.30 | Avg Reward Components: conc=6.08, found=3.00, collision=-9.80, battery=-0.10, done=0.00
2026-02-20 12:31:01,001 | INFO | Episode 2530/5000 | Avg Reward: 3.07 | Avg Length: 202.00 | Avg Loss: 6.9793 | Avg Found Sources: 0.50 | Avg Reward Components: conc=8.07, found=5.00, collision=-9.90, battery=-0.10, done=0.00
2026-02-20 12:31:07,684 | INFO | Episode 2540/5000 | Avg Reward: 2.30 | Avg Length: 202.00 | Avg Loss: 8.1355 | Avg Found Sources: 0.50 | Avg Reward Components: conc=6.80, found=5.00, collision=-9.40, battery=-0.10, done=0.00
2026-02-20 12:31:14,377 | INFO | Episode 2550/5000 | Avg Reward: 16.90 | Avg Length: 202.00 | Avg Loss: 2.6935 | Avg Found Sources: 0.40 | Avg Reward Components: conc=13.25, found=4.00, collision=-0.25, battery=-0.10, done=0.00
2026-02-20 12:31:20,908 | INFO | Episode 2560/5000 | Avg Reward: 17.52 | Avg Length: 202.00 | Avg Loss: 2.2612 | Avg Found Sources: 0.70 | Avg Reward Components: conc=11.22, found=7.00, collision=-0.60, battery=-0.10, done=0.00
2026-02-20 12:31:27,584 | INFO | Episode 2570/5000 | Avg Reward: 26.88 | Avg Length: 202.00 | Avg Loss: 6.8929 | Avg Found Sources: 0.80 | Avg Reward Components: conc=19.33, found=8.00, collision=-0.35, battery=-0.10, done=0.00
2026-02-20 12:31:34,178 | INFO | Episode 2580/5000 | Avg Reward: 20.25 | Avg Length: 202.00 | Avg Loss: 3.1417 | Avg Found Sources: 0.30 | Avg Reward Components: conc=17.70, found=3.00, collision=-0.35, battery=-0.10, done=0.00
2026-02-20 12:31:40,762 | INFO | Episode 2590/5000 | Avg Reward: 10.44 | Avg Length: 202.00 | Avg Loss: 1.3644 | Avg Found Sources: 0.50 | Avg Reward Components: conc=5.64, found=5.00, collision=-0.10, battery=-0.10, done=0.00
2026-02-20 12:31:47,379 | INFO | Episode 2600/5000 | Avg Reward: 7.28 | Avg Length: 202.00 | Avg Loss: 0.8191 | Avg Found Sources: 0.30 | Avg Reward Components: conc=4.48, found=3.00, collision=-0.10, battery=-0.10, done=0.00
2026-02-20 12:31:54,039 | INFO | Episode 2610/5000 | Avg Reward: 3.93 | Avg Length: 202.00 | Avg Loss: 3.7408 | Avg Found Sources: 0.50 | Avg Reward Components: conc=9.28, found=5.00, collision=-10.25, battery=-0.10, done=0.00
2026-02-20 12:32:00,595 | INFO | Episode 2620/5000 | Avg Reward: 13.80 | Avg Length: 202.00 | Avg Loss: 2.6863 | Avg Found Sources: 0.50 | Avg Reward Components: conc=9.00, found=5.00, collision=-0.10, battery=-0.10, done=0.00
2026-02-20 12:32:07,250 | INFO | Episode 2630/5000 | Avg Reward: -2.57 | Avg Length: 202.00 | Avg Loss: 15.6246 | Avg Found Sources: 0.30 | Avg Reward Components: conc=14.68, found=3.00, collision=-20.15, battery=-0.10, done=0.00
2026-02-20 12:32:13,863 | INFO | Episode 2640/5000 | Avg Reward: 13.94 | Avg Length: 202.00 | Avg Loss: 1.2322 | Avg Found Sources: 0.20 | Avg Reward Components: conc=12.44, found=2.00, collision=-0.40, battery=-0.10, done=0.00
2026-02-20 12:32:20,552 | INFO | Episode 2650/5000 | Avg Reward: 5.24 | Avg Length: 202.00 | Avg Loss: 7.9490 | Avg Found Sources: 0.40 | Avg Reward Components: conc=11.34, found=4.00, collision=-10.00, battery=-0.10, done=0.00
2026-02-20 12:32:27,257 | INFO | Episode 2660/5000 | Avg Reward: 15.78 | Avg Length: 202.00 | Avg Loss: 2.5692 | Avg Found Sources: 0.40 | Avg Reward Components: conc=12.18, found=4.00, collision=-0.30, battery=-0.10, done=0.00
2026-02-20 12:32:33,912 | INFO | Episode 2670/5000 | Avg Reward: 15.07 | Avg Length: 202.00 | Avg Loss: 1.9153 | Avg Found Sources: 0.60 | Avg Reward Components: conc=9.57, found=6.00, collision=-0.40, battery=-0.10, done=0.00
2026-02-20 12:32:40,585 | INFO | Episode 2680/5000 | Avg Reward: 13.79 | Avg Length: 202.00 | Avg Loss: 11.2093 | Avg Found Sources: 0.80 | Avg Reward Components: conc=15.44, found=8.00, collision=-9.55, battery=-0.10, done=0.00
2026-02-20 12:32:47,258 | INFO | Episode 2690/5000 | Avg Reward: 17.33 | Avg Length: 202.00 | Avg Loss: 2.4189 | Avg Found Sources: 0.50 | Avg Reward Components: conc=12.73, found=5.00, collision=-0.30, battery=-0.10, done=0.00
2026-02-20 12:32:53,980 | INFO | Episode 2700/5000 | Avg Reward: 8.86 | Avg Length: 202.00 | Avg Loss: 8.8675 | Avg Found Sources: 0.70 | Avg Reward Components: conc=12.06, found=7.00, collision=-10.10, battery=-0.10, done=0.00
2026-02-20 12:33:00,654 | INFO | Episode 2710/5000 | Avg Reward: 13.92 | Avg Length: 202.00 | Avg Loss: 1.9064 | Avg Found Sources: 0.60 | Avg Reward Components: conc=8.32, found=6.00, collision=-0.30, battery=-0.10, done=0.00
2026-02-20 12:33:07,191 | INFO | Episode 2720/5000 | Avg Reward: 2.82 | Avg Length: 202.00 | Avg Loss: 7.7265 | Avg Found Sources: 0.30 | Avg Reward Components: conc=9.62, found=3.00, collision=-9.70, battery=-0.10, done=0.00
2026-02-20 12:33:13,802 | INFO | Episode 2730/5000 | Avg Reward: 12.91 | Avg Length: 202.00 | Avg Loss: 2.4208 | Avg Found Sources: 0.70 | Avg Reward Components: conc=6.16, found=7.00, collision=-0.15, battery=-0.10, done=0.00
2026-02-20 12:33:20,473 | INFO | Episode 2740/5000 | Avg Reward: 7.39 | Avg Length: 202.00 | Avg Loss: 0.8504 | Avg Found Sources: 0.10 | Avg Reward Components: conc=6.84, found=1.00, collision=-0.35, battery=-0.10, done=0.00
2026-02-20 12:33:27,136 | INFO | Episode 2750/5000 | Avg Reward: 14.02 | Avg Length: 202.00 | Avg Loss: 1.9710 | Avg Found Sources: 0.50 | Avg Reward Components: conc=9.92, found=5.00, collision=-0.80, battery=-0.10, done=0.00
2026-02-20 12:33:33,970 | INFO | Episode 2760/5000 | Avg Reward: 8.14 | Avg Length: 202.00 | Avg Loss: 0.7866 | Avg Found Sources: 0.30 | Avg Reward Components: conc=5.29, found=3.00, collision=-0.05, battery=-0.10, done=0.00
2026-02-20 12:33:40,642 | INFO | Episode 2770/5000 | Avg Reward: 16.15 | Avg Length: 202.00 | Avg Loss: 2.2779 | Avg Found Sources: 0.50 | Avg Reward Components: conc=11.25, found=5.00, collision=0.00, battery=-0.10, done=0.00
2026-02-20 12:33:47,367 | INFO | Episode 2780/5000 | Avg Reward: 22.57 | Avg Length: 202.00 | Avg Loss: 2.8887 | Avg Found Sources: 0.80 | Avg Reward Components: conc=14.92, found=8.00, collision=-0.25, battery=-0.10, done=0.00
2026-02-20 12:33:54,104 | INFO | Episode 2790/5000 | Avg Reward: 7.18 | Avg Length: 202.00 | Avg Loss: 0.8629 | Avg Found Sources: 0.30 | Avg Reward Components: conc=4.53, found=3.00, collision=-0.25, battery=-0.10, done=0.00
2026-02-20 12:34:01,053 | INFO | Episode 2800/5000 | Avg Reward: 17.88 | Avg Length: 202.00 | Avg Loss: 3.0408 | Avg Found Sources: 0.90 | Avg Reward Components: conc=9.33, found=9.00, collision=-0.35, battery=-0.10, done=0.00
2026-02-20 12:34:07,795 | INFO | Episode 2810/5000 | Avg Reward: 13.30 | Avg Length: 202.00 | Avg Loss: 1.4556 | Avg Found Sources: 0.60 | Avg Reward Components: conc=7.90, found=6.00, collision=-0.50, battery=-0.10, done=0.00
2026-02-20 12:34:14,524 | INFO | Episode 2820/5000 | Avg Reward: 3.89 | Avg Length: 202.00 | Avg Loss: 9.5730 | Avg Found Sources: 0.70 | Avg Reward Components: conc=6.69, found=7.00, collision=-9.70, battery=-0.10, done=0.00
2026-02-20 12:34:21,249 | INFO | Episode 2830/5000 | Avg Reward: 12.80 | Avg Length: 202.00 | Avg Loss: 1.3259 | Avg Found Sources: 0.60 | Avg Reward Components: conc=7.35, found=6.00, collision=-0.45, battery=-0.10, done=0.00
2026-02-20 12:34:27,907 | INFO | Episode 2840/5000 | Avg Reward: 3.78 | Avg Length: 202.00 | Avg Loss: 8.9328 | Avg Found Sources: 0.30 | Avg Reward Components: conc=11.43, found=3.00, collision=-10.55, battery=-0.10, done=0.00
2026-02-20 12:34:34,581 | INFO | Episode 2850/5000 | Avg Reward: -1.84 | Avg Length: 202.00 | Avg Loss: 9.4587 | Avg Found Sources: 0.60 | Avg Reward Components: conc=11.61, found=6.00, collision=-19.35, battery=-0.10, done=0.00
2026-02-20 12:34:41,257 | INFO | Episode 2860/5000 | Avg Reward: 10.24 | Avg Length: 202.00 | Avg Loss: 0.8817 | Avg Found Sources: 0.10 | Avg Reward Components: conc=9.79, found=1.00, collision=-0.45, battery=-0.10, done=0.00
2026-02-20 12:34:47,851 | INFO | Episode 2870/5000 | Avg Reward: 15.50 | Avg Length: 202.00 | Avg Loss: 2.1479 | Avg Found Sources: 0.40 | Avg Reward Components: conc=11.70, found=4.00, collision=-0.10, battery=-0.10, done=0.00
2026-02-20 12:34:54,525 | INFO | Episode 2880/5000 | Avg Reward: -4.77 | Avg Length: 202.00 | Avg Loss: 13.9381 | Avg Found Sources: 0.60 | Avg Reward Components: conc=8.13, found=6.00, collision=-18.80, battery=-0.10, done=0.00
2026-02-20 12:35:01,274 | INFO | Episode 2890/5000 | Avg Reward: 12.99 | Avg Length: 202.00 | Avg Loss: 9.5195 | Avg Found Sources: 0.90 | Avg Reward Components: conc=14.44, found=9.00, collision=-10.35, battery=-0.10, done=0.00
2026-02-20 12:35:08,037 | INFO | Episode 2900/5000 | Avg Reward: 15.98 | Avg Length: 202.00 | Avg Loss: 2.7072 | Avg Found Sources: 0.40 | Avg Reward Components: conc=12.28, found=4.00, collision=-0.20, battery=-0.10, done=0.00
2026-02-20 12:35:14,727 | INFO | Episode 2910/5000 | Avg Reward: 16.36 | Avg Length: 202.00 | Avg Loss: 1.9088 | Avg Found Sources: 0.50 | Avg Reward Components: conc=11.71, found=5.00, collision=-0.25, battery=-0.10, done=0.00
2026-02-20 12:35:21,410 | INFO | Episode 2920/5000 | Avg Reward: 8.50 | Avg Length: 202.00 | Avg Loss: 0.8905 | Avg Found Sources: 0.50 | Avg Reward Components: conc=4.25, found=5.00, collision=-0.65, battery=-0.10, done=0.00
2026-02-20 12:35:28,055 | INFO | Episode 2930/5000 | Avg Reward: 12.04 | Avg Length: 202.00 | Avg Loss: 9.1906 | Avg Found Sources: 0.90 | Avg Reward Components: conc=13.24, found=9.00, collision=-10.10, battery=-0.10, done=0.00
2026-02-20 12:35:34,819 | INFO | Episode 2940/5000 | Avg Reward: 6.78 | Avg Length: 202.00 | Avg Loss: 0.5894 | Avg Found Sources: 0.20 | Avg Reward Components: conc=5.28, found=2.00, collision=-0.40, battery=-0.10, done=0.00
2026-02-20 12:35:41,411 | INFO | Episode 2950/5000 | Avg Reward: 7.98 | Avg Length: 202.00 | Avg Loss: 1.5112 | Avg Found Sources: 0.10 | Avg Reward Components: conc=7.08, found=1.00, collision=0.00, battery=-0.10, done=0.00
2026-02-20 12:35:48,009 | INFO | Episode 2960/5000 | Avg Reward: 17.95 | Avg Length: 202.00 | Avg Loss: 3.8883 | Avg Found Sources: 0.50 | Avg Reward Components: conc=13.45, found=5.00, collision=-0.40, battery=-0.10, done=0.00
2026-02-20 12:35:54,705 | INFO | Episode 2970/5000 | Avg Reward: 7.20 | Avg Length: 202.00 | Avg Loss: 8.1883 | Avg Found Sources: 0.50 | Avg Reward Components: conc=11.75, found=5.00, collision=-9.45, battery=-0.10, done=0.00
2026-02-20 12:36:01,408 | INFO | Episode 2980/5000 | Avg Reward: 14.26 | Avg Length: 202.00 | Avg Loss: 1.6735 | Avg Found Sources: 0.50 | Avg Reward Components: conc=10.16, found=5.00, collision=-0.80, battery=-0.10, done=0.00
2026-02-20 12:36:08,106 | INFO | Episode 2990/5000 | Avg Reward: 9.05 | Avg Length: 202.00 | Avg Loss: 1.0912 | Avg Found Sources: 0.30 | Avg Reward Components: conc=6.55, found=3.00, collision=-0.40, battery=-0.10, done=0.00
2026-02-20 12:36:14,741 | INFO | Episode 3000/5000 | Avg Reward: 10.01 | Avg Length: 202.00 | Avg Loss: 1.3182 | Avg Found Sources: 0.30 | Avg Reward Components: conc=7.61, found=3.00, collision=-0.50, battery=-0.10, done=0.00
2026-02-20 12:36:21,389 | INFO | Episode 3010/5000 | Avg Reward: 12.04 | Avg Length: 202.00 | Avg Loss: 10.3551 | Avg Found Sources: 0.90 | Avg Reward Components: conc=12.59, found=9.00, collision=-9.45, battery=-0.10, done=0.00
2026-02-20 12:36:27,987 | INFO | Episode 3020/5000 | Avg Reward: 19.47 | Avg Length: 202.00 | Avg Loss: 5.0931 | Avg Found Sources: 0.50 | Avg Reward Components: conc=15.52, found=5.00, collision=-0.95, battery=-0.10, done=0.00
2026-02-20 12:36:34,618 | INFO | Episode 3030/5000 | Avg Reward: 18.32 | Avg Length: 202.00 | Avg Loss: 3.1161 | Avg Found Sources: 0.70 | Avg Reward Components: conc=11.87, found=7.00, collision=-0.45, battery=-0.10, done=0.00
2026-02-20 12:36:41,381 | INFO | Episode 3040/5000 | Avg Reward: 19.47 | Avg Length: 202.00 | Avg Loss: 4.8377 | Avg Found Sources: 0.80 | Avg Reward Components: conc=11.62, found=8.00, collision=-0.05, battery=-0.10, done=0.00
2026-02-20 12:36:48,016 | INFO | Episode 3050/5000 | Avg Reward: 6.32 | Avg Length: 202.00 | Avg Loss: 0.3436 | Avg Found Sources: 0.10 | Avg Reward Components: conc=5.77, found=1.00, collision=-0.35, battery=-0.10, done=0.00
2026-02-20 12:36:54,734 | INFO | Episode 3060/5000 | Avg Reward: 4.85 | Avg Length: 202.00 | Avg Loss: 0.5650 | Avg Found Sources: 0.30 | Avg Reward Components: conc=2.15, found=3.00, collision=-0.20, battery=-0.10, done=0.00
2026-02-20 12:37:01,380 | INFO | Episode 3070/5000 | Avg Reward: -1.23 | Avg Length: 202.00 | Avg Loss: 6.9283 | Avg Found Sources: 0.20 | Avg Reward Components: conc=6.37, found=2.00, collision=-9.50, battery=-0.10, done=0.00
2026-02-20 12:37:07,985 | INFO | Episode 3080/5000 | Avg Reward: 18.99 | Avg Length: 202.00 | Avg Loss: 3.6433 | Avg Found Sources: 0.50 | Avg Reward Components: conc=14.19, found=5.00, collision=-0.10, battery=-0.10, done=0.00
2026-02-20 12:37:14,608 | INFO | Episode 3090/5000 | Avg Reward: 2.60 | Avg Length: 202.00 | Avg Loss: 4.0179 | Avg Found Sources: 0.50 | Avg Reward Components: conc=7.60, found=5.00, collision=-9.90, battery=-0.10, done=0.00
2026-02-20 12:37:21,298 | INFO | Episode 3100/5000 | Avg Reward: -1.17 | Avg Length: 202.00 | Avg Loss: 15.2355 | Avg Found Sources: 0.80 | Avg Reward Components: conc=10.73, found=8.00, collision=-19.80, battery=-0.10, done=0.00
2026-02-20 12:37:27,975 | INFO | Episode 3110/5000 | Avg Reward: 9.67 | Avg Length: 202.00 | Avg Loss: 1.6809 | Avg Found Sources: 0.20 | Avg Reward Components: conc=8.02, found=2.00, collision=-0.25, battery=-0.10, done=0.00
2026-02-20 12:37:34,601 | INFO | Episode 3120/5000 | Avg Reward: 7.73 | Avg Length: 202.00 | Avg Loss: 0.9810 | Avg Found Sources: 0.40 | Avg Reward Components: conc=4.53, found=4.00, collision=-0.70, battery=-0.10, done=0.00
2026-02-20 12:37:41,271 | INFO | Episode 3130/5000 | Avg Reward: 20.87 | Avg Length: 202.00 | Avg Loss: 3.9350 | Avg Found Sources: 0.70 | Avg Reward Components: conc=14.32, found=7.00, collision=-0.35, battery=-0.10, done=0.00
2026-02-20 12:37:47,853 | INFO | Episode 3140/5000 | Avg Reward: 8.53 | Avg Length: 202.00 | Avg Loss: 1.8291 | Avg Found Sources: 0.40 | Avg Reward Components: conc=4.93, found=4.00, collision=-0.30, battery=-0.10, done=0.00
2026-02-20 12:37:54,535 | INFO | Episode 3150/5000 | Avg Reward: 2.91 | Avg Length: 202.00 | Avg Loss: 2.5992 | Avg Found Sources: 0.40 | Avg Reward Components: conc=8.71, found=4.00, collision=-9.70, battery=-0.10, done=0.00
2026-02-20 12:38:01,262 | INFO | Episode 3160/5000 | Avg Reward: 9.77 | Avg Length: 202.00 | Avg Loss: 1.2504 | Avg Found Sources: 0.20 | Avg Reward Components: conc=8.17, found=2.00, collision=-0.30, battery=-0.10, done=0.00
2026-02-20 12:38:07,911 | INFO | Episode 3170/5000 | Avg Reward: -4.48 | Avg Length: 202.00 | Avg Loss: 7.0998 | Avg Found Sources: 0.20 | Avg Reward Components: conc=3.37, found=2.00, collision=-9.75, battery=-0.10, done=0.00
2026-02-20 12:38:14,598 | INFO | Episode 3180/5000 | Avg Reward: -2.07 | Avg Length: 202.00 | Avg Loss: 5.7394 | Avg Found Sources: 0.20 | Avg Reward Components: conc=5.98, found=2.00, collision=-9.95, battery=-0.10, done=0.00
2026-02-20 12:38:21,187 | INFO | Episode 3190/5000 | Avg Reward: 8.48 | Avg Length: 202.00 | Avg Loss: 9.2514 | Avg Found Sources: 0.70 | Avg Reward Components: conc=11.68, found=7.00, collision=-10.10, battery=-0.10, done=0.00
2026-02-20 12:38:27,811 | INFO | Episode 3200/5000 | Avg Reward: 4.79 | Avg Length: 202.00 | Avg Loss: 7.7743 | Avg Found Sources: 0.40 | Avg Reward Components: conc=10.49, found=4.00, collision=-9.60, battery=-0.10, done=0.00
2026-02-20 12:38:34,525 | INFO | Episode 3210/5000 | Avg Reward: 19.98 | Avg Length: 202.00 | Avg Loss: 3.6719 | Avg Found Sources: 0.50 | Avg Reward Components: conc=15.18, found=5.00, collision=-0.10, battery=-0.10, done=0.00
2026-02-20 12:38:41,184 | INFO | Episode 3220/5000 | Avg Reward: 11.43 | Avg Length: 202.00 | Avg Loss: 2.0337 | Avg Found Sources: 0.60 | Avg Reward Components: conc=5.53, found=6.00, collision=0.00, battery=-0.10, done=0.00
2026-02-20 12:38:47,932 | INFO | Episode 3230/5000 | Avg Reward: 13.00 | Avg Length: 202.00 | Avg Loss: 2.9766 | Avg Found Sources: 0.60 | Avg Reward Components: conc=7.65, found=6.00, collision=-0.55, battery=-0.10, done=0.00
2026-02-20 12:38:54,625 | INFO | Episode 3240/5000 | Avg Reward: 9.18 | Avg Length: 202.00 | Avg Loss: 6.4701 | Avg Found Sources: 0.70 | Avg Reward Components: conc=12.13, found=7.00, collision=-9.85, battery=-0.10, done=0.00
2026-02-20 12:39:01,252 | INFO | Episode 3250/5000 | Avg Reward: 20.30 | Avg Length: 202.00 | Avg Loss: 4.5785 | Avg Found Sources: 0.40 | Avg Reward Components: conc=16.60, found=4.00, collision=-0.20, battery=-0.10, done=0.00
2026-02-20 12:39:07,999 | INFO | Episode 3260/5000 | Avg Reward: 21.82 | Avg Length: 202.00 | Avg Loss: 4.8806 | Avg Found Sources: 0.80 | Avg Reward Components: conc=14.02, found=8.00, collision=-0.10, battery=-0.10, done=0.00
2026-02-20 12:39:14,677 | INFO | Episode 3270/5000 | Avg Reward: 8.54 | Avg Length: 202.00 | Avg Loss: 0.8492 | Avg Found Sources: 0.30 | Avg Reward Components: conc=5.99, found=3.00, collision=-0.35, battery=-0.10, done=0.00
2026-02-20 12:39:21,281 | INFO | Episode 3280/5000 | Avg Reward: -0.72 | Avg Length: 202.00 | Avg Loss: 7.2418 | Avg Found Sources: 0.20 | Avg Reward Components: conc=7.18, found=2.00, collision=-9.80, battery=-0.10, done=0.00
2026-02-20 12:39:27,864 | INFO | Episode 3290/5000 | Avg Reward: 15.86 | Avg Length: 202.00 | Avg Loss: 2.2291 | Avg Found Sources: 0.40 | Avg Reward Components: conc=12.06, found=4.00, collision=-0.10, battery=-0.10, done=0.00
2026-02-20 12:39:34,543 | INFO | Episode 3300/5000 | Avg Reward: 10.84 | Avg Length: 202.00 | Avg Loss: 1.6261 | Avg Found Sources: 0.30 | Avg Reward Components: conc=8.34, found=3.00, collision=-0.40, battery=-0.10, done=0.00
2026-02-20 12:39:41,234 | INFO | Episode 3310/5000 | Avg Reward: 2.36 | Avg Length: 202.00 | Avg Loss: 5.7995 | Avg Found Sources: 0.40 | Avg Reward Components: conc=8.66, found=4.00, collision=-10.20, battery=-0.10, done=0.00
2026-02-20 12:39:47,878 | INFO | Episode 3320/5000 | Avg Reward: 14.82 | Avg Length: 202.00 | Avg Loss: 1.9814 | Avg Found Sources: 0.30 | Avg Reward Components: conc=12.07, found=3.00, collision=-0.15, battery=-0.10, done=0.00
2026-02-20 12:39:54,557 | INFO | Episode 3330/5000 | Avg Reward: 14.83 | Avg Length: 202.00 | Avg Loss: 2.3013 | Avg Found Sources: 0.30 | Avg Reward Components: conc=12.08, found=3.00, collision=-0.15, battery=-0.10, done=0.00
2026-02-20 12:40:01,215 | INFO | Episode 3340/5000 | Avg Reward: 14.32 | Avg Length: 202.00 | Avg Loss: 1.8421 | Avg Found Sources: 0.40 | Avg Reward Components: conc=10.52, found=4.00, collision=-0.10, battery=-0.10, done=0.00
2026-02-20 12:40:07,952 | INFO | Episode 3350/5000 | Avg Reward: 9.62 | Avg Length: 202.00 | Avg Loss: 1.4110 | Avg Found Sources: 0.20 | Avg Reward Components: conc=7.97, found=2.00, collision=-0.25, battery=-0.10, done=0.00
2026-02-20 12:40:14,606 | INFO | Episode 3360/5000 | Avg Reward: 3.96 | Avg Length: 202.00 | Avg Loss: 0.6251 | Avg Found Sources: 0.10 | Avg Reward Components: conc=3.31, found=1.00, collision=-0.25, battery=-0.10, done=0.00
2026-02-20 12:40:21,269 | INFO | Episode 3370/5000 | Avg Reward: 16.58 | Avg Length: 202.00 | Avg Loss: 4.3883 | Avg Found Sources: 0.90 | Avg Reward Components: conc=8.03, found=9.00, collision=-0.35, battery=-0.10, done=0.00
2026-02-20 12:40:27,934 | INFO | Episode 3380/5000 | Avg Reward: 12.16 | Avg Length: 202.00 | Avg Loss: 1.7515 | Avg Found Sources: 0.20 | Avg Reward Components: conc=10.36, found=2.00, collision=-0.10, battery=-0.10, done=0.00
2026-02-20 12:40:34,643 | INFO | Episode 3390/5000 | Avg Reward: 10.75 | Avg Length: 202.00 | Avg Loss: 0.9456 | Avg Found Sources: 0.30 | Avg Reward Components: conc=8.10, found=3.00, collision=-0.25, battery=-0.10, done=0.00
2026-02-20 12:40:41,326 | INFO | Episode 3400/5000 | Avg Reward: 17.06 | Avg Length: 202.00 | Avg Loss: 4.5332 | Avg Found Sources: 0.50 | Avg Reward Components: conc=12.66, found=5.00, collision=-0.50, battery=-0.10, done=0.00
2026-02-20 12:40:47,919 | INFO | Episode 3410/5000 | Avg Reward: 1.05 | Avg Length: 202.00 | Avg Loss: 8.1471 | Avg Found Sources: 0.40 | Avg Reward Components: conc=7.40, found=4.00, collision=-10.25, battery=-0.10, done=0.00
2026-02-20 12:40:54,540 | INFO | Episode 3420/5000 | Avg Reward: 20.90 | Avg Length: 202.00 | Avg Loss: 4.4254 | Avg Found Sources: 0.70 | Avg Reward Components: conc=14.15, found=7.00, collision=-0.15, battery=-0.10, done=0.00
2026-02-20 12:41:01,173 | INFO | Episode 3430/5000 | Avg Reward: 1.34 | Avg Length: 202.00 | Avg Loss: 7.9392 | Avg Found Sources: 0.40 | Avg Reward Components: conc=7.14, found=4.00, collision=-9.70, battery=-0.10, done=0.00
2026-02-20 12:41:07,794 | INFO | Episode 3440/5000 | Avg Reward: 10.93 | Avg Length: 202.00 | Avg Loss: 0.9923 | Avg Found Sources: 0.10 | Avg Reward Components: conc=10.18, found=1.00, collision=-0.15, battery=-0.10, done=0.00
2026-02-20 12:41:14,365 | INFO | Episode 3450/5000 | Avg Reward: 9.29 | Avg Length: 202.00 | Avg Loss: 7.8351 | Avg Found Sources: 0.90 | Avg Reward Components: conc=10.69, found=9.00, collision=-10.30, battery=-0.10, done=0.00
2026-02-20 12:41:20,953 | INFO | Episode 3460/5000 | Avg Reward: 12.67 | Avg Length: 202.00 | Avg Loss: 1.4141 | Avg Found Sources: 0.30 | Avg Reward Components: conc=10.32, found=3.00, collision=-0.55, battery=-0.10, done=0.00
2026-02-20 12:41:27,605 | INFO | Episode 3470/5000 | Avg Reward: 19.01 | Avg Length: 202.00 | Avg Loss: 3.3180 | Avg Found Sources: 0.40 | Avg Reward Components: conc=15.31, found=4.00, collision=-0.20, battery=-0.10, done=0.00
2026-02-20 12:41:34,276 | INFO | Episode 3480/5000 | Avg Reward: 8.19 | Avg Length: 202.00 | Avg Loss: 1.9702 | Avg Found Sources: 0.40 | Avg Reward Components: conc=4.74, found=4.00, collision=-0.45, battery=-0.10, done=0.00
2026-02-20 12:41:40,986 | INFO | Episode 3490/5000 | Avg Reward: 20.38 | Avg Length: 202.00 | Avg Loss: 3.9418 | Avg Found Sources: 0.90 | Avg Reward Components: conc=11.48, found=9.00, collision=0.00, battery=-0.10, done=0.00
2026-02-20 12:41:47,713 | INFO | Episode 3500/5000 | Avg Reward: 16.80 | Avg Length: 202.00 | Avg Loss: 2.6216 | Avg Found Sources: 0.60 | Avg Reward Components: conc=10.95, found=6.00, collision=-0.05, battery=-0.10, done=0.00
2026-02-20 12:41:54,390 | INFO | Episode 3510/5000 | Avg Reward: 18.50 | Avg Length: 202.00 | Avg Loss: 3.6352 | Avg Found Sources: 0.80 | Avg Reward Components: conc=11.40, found=8.00, collision=-0.80, battery=-0.10, done=0.00
2026-02-20 12:42:01,083 | INFO | Episode 3520/5000 | Avg Reward: 18.87 | Avg Length: 202.00 | Avg Loss: 2.9783 | Avg Found Sources: 0.70 | Avg Reward Components: conc=11.97, found=7.00, collision=0.00, battery=-0.10, done=0.00
2026-02-20 12:42:07,755 | INFO | Episode 3530/5000 | Avg Reward: 12.90 | Avg Length: 202.00 | Avg Loss: 2.0980 | Avg Found Sources: 0.50 | Avg Reward Components: conc=8.20, found=5.00, collision=-0.20, battery=-0.10, done=0.00
2026-02-20 12:42:14,428 | INFO | Episode 3540/5000 | Avg Reward: 16.95 | Avg Length: 202.00 | Avg Loss: 2.2074 | Avg Found Sources: 0.60 | Avg Reward Components: conc=11.70, found=6.00, collision=-0.65, battery=-0.10, done=0.00
2026-02-20 12:42:21,023 | INFO | Episode 3550/5000 | Avg Reward: 16.81 | Avg Length: 202.00 | Avg Loss: 2.4345 | Avg Found Sources: 0.80 | Avg Reward Components: conc=9.11, found=8.00, collision=-0.20, battery=-0.10, done=0.00
2026-02-20 12:42:27,816 | INFO | Episode 3560/5000 | Avg Reward: 12.93 | Avg Length: 202.00 | Avg Loss: 2.0911 | Avg Found Sources: 0.30 | Avg Reward Components: conc=10.18, found=3.00, collision=-0.15, battery=-0.10, done=0.00
2026-02-20 12:42:34,572 | INFO | Episode 3570/5000 | Avg Reward: -3.66 | Avg Length: 202.00 | Avg Loss: 6.8232 | Avg Found Sources: 0.20 | Avg Reward Components: conc=3.64, found=2.00, collision=-9.20, battery=-0.10, done=0.00
2026-02-20 12:42:41,502 | INFO | Episode 3580/5000 | Avg Reward: 19.30 | Avg Length: 202.00 | Avg Loss: 4.2613 | Avg Found Sources: 0.90 | Avg Reward Components: conc=10.70, found=9.00, collision=-0.30, battery=-0.10, done=0.00
2026-02-20 12:42:48,323 | INFO | Episode 3590/5000 | Avg Reward: 14.27 | Avg Length: 202.00 | Avg Loss: 1.4751 | Avg Found Sources: 0.30 | Avg Reward Components: conc=11.62, found=3.00, collision=-0.25, battery=-0.10, done=0.00
2026-02-20 12:42:55,010 | INFO | Episode 3600/5000 | Avg Reward: 18.92 | Avg Length: 202.00 | Avg Loss: 3.0346 | Avg Found Sources: 0.70 | Avg Reward Components: conc=12.17, found=7.00, collision=-0.15, battery=-0.10, done=0.00
2026-02-20 12:43:01,817 | INFO | Episode 3610/5000 | Avg Reward: 15.14 | Avg Length: 202.00 | Avg Loss: 2.5508 | Avg Found Sources: 0.10 | Avg Reward Components: conc=14.54, found=1.00, collision=-0.30, battery=-0.10, done=0.00
2026-02-20 12:43:08,405 | INFO | Episode 3620/5000 | Avg Reward: 13.10 | Avg Length: 202.00 | Avg Loss: 2.5474 | Avg Found Sources: 0.60 | Avg Reward Components: conc=8.00, found=6.00, collision=-0.80, battery=-0.10, done=0.00
2026-02-20 12:43:14,978 | INFO | Episode 3630/5000 | Avg Reward: 13.62 | Avg Length: 202.00 | Avg Loss: 2.4905 | Avg Found Sources: 0.20 | Avg Reward Components: conc=11.82, found=2.00, collision=-0.10, battery=-0.10, done=0.00
2026-02-20 12:43:21,572 | INFO | Episode 3640/5000 | Avg Reward: 9.79 | Avg Length: 202.00 | Avg Loss: 7.1423 | Avg Found Sources: 0.80 | Avg Reward Components: conc=11.84, found=8.00, collision=-9.95, battery=-0.10, done=0.00
2026-02-20 12:43:28,261 | INFO | Episode 3650/5000 | Avg Reward: 11.32 | Avg Length: 202.00 | Avg Loss: 1.5195 | Avg Found Sources: 0.50 | Avg Reward Components: conc=7.32, found=5.00, collision=-0.90, battery=-0.10, done=0.00
2026-02-20 12:43:34,857 | INFO | Episode 3660/5000 | Avg Reward: 19.86 | Avg Length: 202.00 | Avg Loss: 3.5400 | Avg Found Sources: 0.60 | Avg Reward Components: conc=14.16, found=6.00, collision=-0.20, battery=-0.10, done=0.00
2026-02-20 12:43:41,741 | INFO | Episode 3670/5000 | Avg Reward: 11.39 | Avg Length: 202.00 | Avg Loss: 2.4929 | Avg Found Sources: 0.50 | Avg Reward Components: conc=6.94, found=5.00, collision=-0.45, battery=-0.10, done=0.00
2026-02-20 12:43:48,506 | INFO | Episode 3680/5000 | Avg Reward: 23.47 | Avg Length: 202.00 | Avg Loss: 3.2980 | Avg Found Sources: 0.40 | Avg Reward Components: conc=20.07, found=4.00, collision=-0.50, battery=-0.10, done=0.00
2026-02-20 12:43:55,157 | INFO | Episode 3690/5000 | Avg Reward: 9.83 | Avg Length: 202.00 | Avg Loss: 1.3816 | Avg Found Sources: 0.40 | Avg Reward Components: conc=6.53, found=4.00, collision=-0.60, battery=-0.10, done=0.00
2026-02-20 12:44:01,913 | INFO | Episode 3700/5000 | Avg Reward: 25.10 | Avg Length: 202.00 | Avg Loss: 5.7002 | Avg Found Sources: 0.70 | Avg Reward Components: conc=18.55, found=7.00, collision=-0.35, battery=-0.10, done=0.00
2026-02-20 12:44:08,651 | INFO | Episode 3710/5000 | Avg Reward: 9.49 | Avg Length: 202.00 | Avg Loss: 7.3522 | Avg Found Sources: 0.50 | Avg Reward Components: conc=14.09, found=5.00, collision=-9.50, battery=-0.10, done=0.00
2026-02-20 12:44:15,320 | INFO | Episode 3720/5000 | Avg Reward: 11.88 | Avg Length: 202.00 | Avg Loss: 2.4919 | Avg Found Sources: 0.70 | Avg Reward Components: conc=5.38, found=7.00, collision=-0.40, battery=-0.10, done=0.00
2026-02-20 12:44:21,980 | INFO | Episode 3730/5000 | Avg Reward: 10.71 | Avg Length: 202.00 | Avg Loss: 1.4159 | Avg Found Sources: 0.50 | Avg Reward Components: conc=6.16, found=5.00, collision=-0.35, battery=-0.10, done=0.00
2026-02-20 12:44:28,609 | INFO | Episode 3740/5000 | Avg Reward: 6.54 | Avg Length: 202.00 | Avg Loss: 8.9191 | Avg Found Sources: 0.80 | Avg Reward Components: conc=8.64, found=8.00, collision=-10.00, battery=-0.10, done=0.00
2026-02-20 12:44:35,240 | INFO | Episode 3750/5000 | Avg Reward: 21.31 | Avg Length: 202.00 | Avg Loss: 3.6904 | Avg Found Sources: 0.60 | Avg Reward Components: conc=15.71, found=6.00, collision=-0.30, battery=-0.10, done=0.00
2026-02-20 12:44:41,973 | INFO | Episode 3760/5000 | Avg Reward: 8.96 | Avg Length: 202.00 | Avg Loss: 0.8715 | Avg Found Sources: 0.20 | Avg Reward Components: conc=7.36, found=2.00, collision=-0.30, battery=-0.10, done=0.00
2026-02-20 12:44:48,585 | INFO | Episode 3770/5000 | Avg Reward: 15.03 | Avg Length: 202.00 | Avg Loss: 3.4657 | Avg Found Sources: 0.60 | Avg Reward Components: conc=9.18, found=6.00, collision=-0.05, battery=-0.10, done=0.00
2026-02-20 12:44:55,301 | INFO | Episode 3780/5000 | Avg Reward: 8.02 | Avg Length: 202.00 | Avg Loss: 1.9563 | Avg Found Sources: 0.30 | Avg Reward Components: conc=5.42, found=3.00, collision=-0.30, battery=-0.10, done=0.00
2026-02-20 12:45:01,955 | INFO | Episode 3790/5000 | Avg Reward: 2.12 | Avg Length: 202.00 | Avg Loss: 7.0690 | Avg Found Sources: 0.30 | Avg Reward Components: conc=9.72, found=3.00, collision=-10.50, battery=-0.10, done=0.00
2026-02-20 12:45:08,526 | INFO | Episode 3800/5000 | Avg Reward: 16.08 | Avg Length: 202.00 | Avg Loss: 2.2170 | Avg Found Sources: 0.20 | Avg Reward Components: conc=14.38, found=2.00, collision=-0.20, battery=-0.10, done=0.00
2026-02-20 12:45:15,187 | INFO | Episode 3810/5000 | Avg Reward: -0.93 | Avg Length: 202.00 | Avg Loss: 8.5540 | Avg Found Sources: 0.40 | Avg Reward Components: conc=5.37, found=4.00, collision=-10.20, battery=-0.10, done=0.00
2026-02-20 12:45:21,883 | INFO | Episode 3820/5000 | Avg Reward: 9.32 | Avg Length: 202.00 | Avg Loss: 4.8172 | Avg Found Sources: 0.40 | Avg Reward Components: conc=15.62, found=4.00, collision=-10.20, battery=-0.10, done=0.00
2026-02-20 12:45:28,521 | INFO | Episode 3830/5000 | Avg Reward: 23.06 | Avg Length: 202.00 | Avg Loss: 6.6561 | Avg Found Sources: 0.50 | Avg Reward Components: conc=18.66, found=5.00, collision=-0.50, battery=-0.10, done=0.00
2026-02-20 12:45:35,250 | INFO | Episode 3840/5000 | Avg Reward: 13.95 | Avg Length: 202.00 | Avg Loss: 2.0965 | Avg Found Sources: 0.50 | Avg Reward Components: conc=9.50, found=5.00, collision=-0.45, battery=-0.10, done=0.00
2026-02-20 12:45:41,959 | INFO | Episode 3850/5000 | Avg Reward: 14.05 | Avg Length: 202.00 | Avg Loss: 2.9832 | Avg Found Sources: 0.50 | Avg Reward Components: conc=9.40, found=5.00, collision=-0.25, battery=-0.10, done=0.00
2026-02-20 12:45:48,601 | INFO | Episode 3860/5000 | Avg Reward: 1.14 | Avg Length: 202.00 | Avg Loss: 7.3861 | Avg Found Sources: 0.10 | Avg Reward Components: conc=9.74, found=1.00, collision=-9.50, battery=-0.10, done=0.00
2026-02-20 12:45:55,244 | INFO | Episode 3870/5000 | Avg Reward: 11.94 | Avg Length: 202.00 | Avg Loss: 11.4697 | Avg Found Sources: 0.30 | Avg Reward Components: conc=19.24, found=3.00, collision=-10.20, battery=-0.10, done=0.00
2026-02-20 12:46:01,908 | INFO | Episode 3880/5000 | Avg Reward: 10.72 | Avg Length: 202.00 | Avg Loss: 2.4133 | Avg Found Sources: 0.10 | Avg Reward Components: conc=10.17, found=1.00, collision=-0.35, battery=-0.10, done=0.00
2026-02-20 12:46:08,523 | INFO | Episode 3890/5000 | Avg Reward: 7.56 | Avg Length: 202.00 | Avg Loss: 0.9774 | Avg Found Sources: 0.30 | Avg Reward Components: conc=4.81, found=3.00, collision=-0.15, battery=-0.10, done=0.00
2026-02-20 12:46:15,287 | INFO | Episode 3900/5000 | Avg Reward: 12.46 | Avg Length: 202.00 | Avg Loss: 2.9728 | Avg Found Sources: 0.60 | Avg Reward Components: conc=6.71, found=6.00, collision=-0.15, battery=-0.10, done=0.00
2026-02-20 12:46:21,987 | INFO | Episode 3910/5000 | Avg Reward: -14.00 | Avg Length: 202.00 | Avg Loss: 13.1100 | Avg Found Sources: 0.20 | Avg Reward Components: conc=3.95, found=2.00, collision=-19.85, battery=-0.10, done=0.00
2026-02-20 12:46:28,622 | INFO | Episode 3920/5000 | Avg Reward: 18.45 | Avg Length: 202.00 | Avg Loss: 3.4835 | Avg Found Sources: 0.40 | Avg Reward Components: conc=15.05, found=4.00, collision=-0.50, battery=-0.10, done=0.00
2026-02-20 12:46:35,311 | INFO | Episode 3930/5000 | Avg Reward: 12.88 | Avg Length: 202.00 | Avg Loss: 2.7053 | Avg Found Sources: 0.30 | Avg Reward Components: conc=10.18, found=3.00, collision=-0.20, battery=-0.10, done=0.00
2026-02-20 12:46:41,956 | INFO | Episode 3940/5000 | Avg Reward: 10.94 | Avg Length: 202.00 | Avg Loss: 1.1818 | Avg Found Sources: 0.00 | Avg Reward Components: conc=11.59, found=0.00, collision=-0.55, battery=-0.10, done=0.00
2026-02-20 12:46:48,528 | INFO | Episode 3950/5000 | Avg Reward: 15.07 | Avg Length: 202.00 | Avg Loss: 10.1846 | Avg Found Sources: 0.90 | Avg Reward Components: conc=15.62, found=9.00, collision=-9.45, battery=-0.10, done=0.00
2026-02-20 12:46:55,180 | INFO | Episode 3960/5000 | Avg Reward: 9.04 | Avg Length: 202.00 | Avg Loss: 1.4320 | Avg Found Sources: 0.40 | Avg Reward Components: conc=5.39, found=4.00, collision=-0.25, battery=-0.10, done=0.00
2026-02-20 12:47:02,407 | INFO | Episode 3970/5000 | Avg Reward: 3.87 | Avg Length: 202.00 | Avg Loss: 0.0909 | Avg Found Sources: 0.00 | Avg Reward Components: conc=4.12, found=0.00, collision=-0.15, battery=-0.10, done=0.00
2026-02-20 12:47:09,053 | INFO | Episode 3980/5000 | Avg Reward: -1.94 | Avg Length: 202.00 | Avg Loss: 14.5011 | Avg Found Sources: 0.50 | Avg Reward Components: conc=12.41, found=5.00, collision=-19.25, battery=-0.10, done=0.00
2026-02-20 12:47:15,745 | INFO | Episode 3990/5000 | Avg Reward: 12.27 | Avg Length: 202.00 | Avg Loss: 1.5264 | Avg Found Sources: 0.20 | Avg Reward Components: conc=10.67, found=2.00, collision=-0.30, battery=-0.10, done=0.00
2026-02-20 12:47:22,379 | INFO | Episode 4000/5000 | Avg Reward: 12.17 | Avg Length: 202.00 | Avg Loss: 2.0835 | Avg Found Sources: 0.40 | Avg Reward Components: conc=9.02, found=4.00, collision=-0.75, battery=-0.10, done=0.00
2026-02-20 12:47:29,103 | INFO | Episode 4010/5000 | Avg Reward: 11.32 | Avg Length: 202.00 | Avg Loss: 1.9715 | Avg Found Sources: 0.40 | Avg Reward Components: conc=8.02, found=4.00, collision=-0.60, battery=-0.10, done=0.00
2026-02-20 12:47:35,820 | INFO | Episode 4020/5000 | Avg Reward: 11.72 | Avg Length: 202.00 | Avg Loss: 1.3931 | Avg Found Sources: 0.20 | Avg Reward Components: conc=10.02, found=2.00, collision=-0.20, battery=-0.10, done=0.00
2026-02-20 12:47:42,514 | INFO | Episode 4030/5000 | Avg Reward: 19.47 | Avg Length: 202.00 | Avg Loss: 2.9138 | Avg Found Sources: 0.20 | Avg Reward Components: conc=17.77, found=2.00, collision=-0.20, battery=-0.10, done=0.00
2026-02-20 12:47:49,126 | INFO | Episode 4040/5000 | Avg Reward: 4.69 | Avg Length: 202.00 | Avg Loss: 7.9031 | Avg Found Sources: 0.60 | Avg Reward Components: conc=8.04, found=6.00, collision=-9.25, battery=-0.10, done=0.00
2026-02-20 12:47:55,764 | INFO | Episode 4050/5000 | Avg Reward: 14.99 | Avg Length: 202.00 | Avg Loss: 11.7389 | Avg Found Sources: 0.50 | Avg Reward Components: conc=20.14, found=5.00, collision=-10.05, battery=-0.10, done=0.00
2026-02-20 12:48:02,457 | INFO | Episode 4060/5000 | Avg Reward: 1.09 | Avg Length: 202.00 | Avg Loss: 6.0906 | Avg Found Sources: 0.10 | Avg Reward Components: conc=9.89, found=1.00, collision=-9.70, battery=-0.10, done=0.00
2026-02-20 12:48:09,146 | INFO | Episode 4070/5000 | Avg Reward: 16.82 | Avg Length: 202.00 | Avg Loss: 2.2617 | Avg Found Sources: 0.50 | Avg Reward Components: conc=12.07, found=5.00, collision=-0.15, battery=-0.10, done=0.00
2026-02-20 12:48:15,761 | INFO | Episode 4080/5000 | Avg Reward: 12.31 | Avg Length: 202.00 | Avg Loss: 1.7978 | Avg Found Sources: 0.60 | Avg Reward Components: conc=6.56, found=6.00, collision=-0.15, battery=-0.10, done=0.00
2026-02-20 12:48:22,413 | INFO | Episode 4090/5000 | Avg Reward: 17.96 | Avg Length: 202.00 | Avg Loss: 3.7994 | Avg Found Sources: 0.40 | Avg Reward Components: conc=14.21, found=4.00, collision=-0.15, battery=-0.10, done=0.00
2026-02-20 12:48:29,067 | INFO | Episode 4100/5000 | Avg Reward: 6.52 | Avg Length: 202.00 | Avg Loss: 1.0098 | Avg Found Sources: 0.20 | Avg Reward Components: conc=4.77, found=2.00, collision=-0.15, battery=-0.10, done=0.00
2026-02-20 12:48:35,831 | INFO | Episode 4110/5000 | Avg Reward: 14.46 | Avg Length: 202.00 | Avg Loss: 1.6966 | Avg Found Sources: 0.40 | Avg Reward Components: conc=11.11, found=4.00, collision=-0.55, battery=-0.10, done=0.00
2026-02-20 12:48:42,446 | INFO | Episode 4120/5000 | Avg Reward: 3.39 | Avg Length: 202.00 | Avg Loss: 9.5219 | Avg Found Sources: 0.20 | Avg Reward Components: conc=11.14, found=2.00, collision=-9.65, battery=-0.10, done=0.00
2026-02-20 12:48:49,068 | INFO | Episode 4130/5000 | Avg Reward: 2.59 | Avg Length: 202.00 | Avg Loss: 5.6054 | Avg Found Sources: 0.20 | Avg Reward Components: conc=11.09, found=2.00, collision=-10.40, battery=-0.10, done=0.00
2026-02-20 12:48:55,625 | INFO | Episode 4140/5000 | Avg Reward: 23.92 | Avg Length: 202.00 | Avg Loss: 5.9003 | Avg Found Sources: 0.60 | Avg Reward Components: conc=18.32, found=6.00, collision=-0.30, battery=-0.10, done=0.00
2026-02-20 12:49:02,301 | INFO | Episode 4150/5000 | Avg Reward: 9.37 | Avg Length: 202.00 | Avg Loss: 1.3321 | Avg Found Sources: 0.10 | Avg Reward Components: conc=8.72, found=1.00, collision=-0.25, battery=-0.10, done=0.00
2026-02-20 12:49:08,959 | INFO | Episode 4160/5000 | Avg Reward: 21.77 | Avg Length: 202.00 | Avg Loss: 3.5623 | Avg Found Sources: 0.50 | Avg Reward Components: conc=17.02, found=5.00, collision=-0.15, battery=-0.10, done=0.00
2026-02-20 12:49:15,557 | INFO | Episode 4170/5000 | Avg Reward: 30.38 | Avg Length: 202.00 | Avg Loss: 11.5910 | Avg Found Sources: 0.90 | Avg Reward Components: conc=21.93, found=9.00, collision=-0.45, battery=-0.10, done=0.00
2026-02-20 12:49:22,166 | INFO | Episode 4180/5000 | Avg Reward: 20.74 | Avg Length: 202.00 | Avg Loss: 3.3694 | Avg Found Sources: 0.50 | Avg Reward Components: conc=16.44, found=5.00, collision=-0.60, battery=-0.10, done=0.00
2026-02-20 12:49:28,739 | INFO | Episode 4190/5000 | Avg Reward: -10.58 | Avg Length: 202.00 | Avg Loss: 20.7700 | Avg Found Sources: 0.60 | Avg Reward Components: conc=13.47, found=6.00, collision=-29.95, battery=-0.10, done=0.00
2026-02-20 12:49:35,404 | INFO | Episode 4200/5000 | Avg Reward: 7.15 | Avg Length: 202.00 | Avg Loss: 1.8201 | Avg Found Sources: 0.40 | Avg Reward Components: conc=3.70, found=4.00, collision=-0.45, battery=-0.10, done=0.00
2026-02-20 12:49:42,107 | INFO | Episode 4210/5000 | Avg Reward: -2.42 | Avg Length: 202.00 | Avg Loss: 12.2599 | Avg Found Sources: 0.60 | Avg Reward Components: conc=11.13, found=6.00, collision=-19.45, battery=-0.10, done=0.00
2026-02-20 12:49:48,786 | INFO | Episode 4220/5000 | Avg Reward: 6.62 | Avg Length: 202.00 | Avg Loss: 9.8684 | Avg Found Sources: 0.40 | Avg Reward Components: conc=13.22, found=4.00, collision=-10.50, battery=-0.10, done=0.00
2026-02-20 12:49:55,501 | INFO | Episode 4230/5000 | Avg Reward: 33.66 | Avg Length: 202.00 | Avg Loss: 18.2916 | Avg Found Sources: 0.90 | Avg Reward Components: conc=25.01, found=9.00, collision=-0.25, battery=-0.10, done=0.00
2026-02-20 12:50:02,187 | INFO | Episode 4240/5000 | Avg Reward: 14.77 | Avg Length: 202.00 | Avg Loss: 4.9224 | Avg Found Sources: 0.50 | Avg Reward Components: conc=19.77, found=5.00, collision=-9.90, battery=-0.10, done=0.00
2026-02-20 12:50:08,769 | INFO | Episode 4250/5000 | Avg Reward: 9.43 | Avg Length: 202.00 | Avg Loss: 0.6475 | Avg Found Sources: 0.20 | Avg Reward Components: conc=7.88, found=2.00, collision=-0.35, battery=-0.10, done=0.00
2026-02-20 12:50:15,477 | INFO | Episode 4260/5000 | Avg Reward: 8.71 | Avg Length: 202.00 | Avg Loss: 0.9195 | Avg Found Sources: 0.20 | Avg Reward Components: conc=7.51, found=2.00, collision=-0.70, battery=-0.10, done=0.00
2026-02-20 12:50:22,180 | INFO | Episode 4270/5000 | Avg Reward: 13.79 | Avg Length: 202.00 | Avg Loss: 2.3492 | Avg Found Sources: 0.50 | Avg Reward Components: conc=9.69, found=5.00, collision=-0.80, battery=-0.10, done=0.00
2026-02-20 12:50:28,928 | INFO | Episode 4280/5000 | Avg Reward: 17.58 | Avg Length: 202.00 | Avg Loss: 2.8996 | Avg Found Sources: 0.50 | Avg Reward Components: conc=12.88, found=5.00, collision=-0.20, battery=-0.10, done=0.00
2026-02-20 12:50:35,521 | INFO | Episode 4290/5000 | Avg Reward: 0.34 | Avg Length: 202.00 | Avg Loss: 5.7822 | Avg Found Sources: 0.40 | Avg Reward Components: conc=6.24, found=4.00, collision=-9.80, battery=-0.10, done=0.00
2026-02-20 12:50:42,211 | INFO | Episode 4300/5000 | Avg Reward: 19.69 | Avg Length: 202.00 | Avg Loss: 3.2081 | Avg Found Sources: 0.30 | Avg Reward Components: conc=16.89, found=3.00, collision=-0.10, battery=-0.10, done=0.00
2026-02-20 12:50:48,968 | INFO | Episode 4310/5000 | Avg Reward: -9.98 | Avg Length: 202.00 | Avg Loss: 11.8796 | Avg Found Sources: 0.30 | Avg Reward Components: conc=7.37, found=3.00, collision=-20.25, battery=-0.10, done=0.00
2026-02-20 12:50:55,683 | INFO | Episode 4320/5000 | Avg Reward: 9.65 | Avg Length: 202.00 | Avg Loss: 1.1210 | Avg Found Sources: 0.20 | Avg Reward Components: conc=8.35, found=2.00, collision=-0.60, battery=-0.10, done=0.00
2026-02-20 12:51:02,357 | INFO | Episode 4330/5000 | Avg Reward: -9.51 | Avg Length: 202.00 | Avg Loss: 15.0332 | Avg Found Sources: 0.60 | Avg Reward Components: conc=4.59, found=6.00, collision=-20.00, battery=-0.10, done=0.00
2026-02-20 12:51:09,009 | INFO | Episode 4340/5000 | Avg Reward: 13.85 | Avg Length: 202.00 | Avg Loss: 3.5178 | Avg Found Sources: 0.50 | Avg Reward Components: conc=9.20, found=5.00, collision=-0.25, battery=-0.10, done=0.00
2026-02-20 12:51:15,716 | INFO | Episode 4350/5000 | Avg Reward: 17.16 | Avg Length: 202.00 | Avg Loss: 3.7792 | Avg Found Sources: 0.60 | Avg Reward Components: conc=11.36, found=6.00, collision=-0.10, battery=-0.10, done=0.00
2026-02-20 12:51:22,478 | INFO | Episode 4360/5000 | Avg Reward: 16.70 | Avg Length: 202.00 | Avg Loss: 2.8439 | Avg Found Sources: 0.30 | Avg Reward Components: conc=14.15, found=3.00, collision=-0.35, battery=-0.10, done=0.00
2026-02-20 12:51:29,169 | INFO | Episode 4370/5000 | Avg Reward: 17.18 | Avg Length: 202.00 | Avg Loss: 3.0739 | Avg Found Sources: 0.60 | Avg Reward Components: conc=11.63, found=6.00, collision=-0.35, battery=-0.10, done=0.00
2026-02-20 12:51:35,837 | INFO | Episode 4380/5000 | Avg Reward: 5.98 | Avg Length: 202.00 | Avg Loss: 7.3177 | Avg Found Sources: 0.40 | Avg Reward Components: conc=11.73, found=4.00, collision=-9.65, battery=-0.10, done=0.00
2026-02-20 12:51:42,478 | INFO | Episode 4390/5000 | Avg Reward: 14.93 | Avg Length: 202.00 | Avg Loss: 2.3569 | Avg Found Sources: 0.70 | Avg Reward Components: conc=8.03, found=7.00, collision=0.00, battery=-0.10, done=0.00
2026-02-20 12:51:49,168 | INFO | Episode 4400/5000 | Avg Reward: -2.47 | Avg Length: 202.00 | Avg Loss: 4.3018 | Avg Found Sources: 0.00 | Avg Reward Components: conc=7.78, found=0.00, collision=-10.15, battery=-0.10, done=0.00
2026-02-20 12:51:55,791 | INFO | Episode 4410/5000 | Avg Reward: 6.77 | Avg Length: 202.00 | Avg Loss: 0.5485 | Avg Found Sources: 0.30 | Avg Reward Components: conc=4.37, found=3.00, collision=-0.50, battery=-0.10, done=0.00
2026-02-20 12:52:02,409 | INFO | Episode 4420/5000 | Avg Reward: 20.38 | Avg Length: 202.00 | Avg Loss: 4.1272 | Avg Found Sources: 0.50 | Avg Reward Components: conc=15.68, found=5.00, collision=-0.20, battery=-0.10, done=0.00
2026-02-20 12:52:09,086 | INFO | Episode 4430/5000 | Avg Reward: 21.85 | Avg Length: 202.00 | Avg Loss: 4.6180 | Avg Found Sources: 0.60 | Avg Reward Components: conc=16.40, found=6.00, collision=-0.45, battery=-0.10, done=0.00
2026-02-20 12:52:15,734 | INFO | Episode 4440/5000 | Avg Reward: 2.37 | Avg Length: 202.00 | Avg Loss: 9.0348 | Avg Found Sources: 0.40 | Avg Reward Components: conc=8.47, found=4.00, collision=-10.00, battery=-0.10, done=0.00
2026-02-20 12:52:22,408 | INFO | Episode 4450/5000 | Avg Reward: 2.41 | Avg Length: 202.00 | Avg Loss: 14.7918 | Avg Found Sources: 0.70 | Avg Reward Components: conc=15.26, found=7.00, collision=-19.75, battery=-0.10, done=0.00
2026-02-20 12:52:29,065 | INFO | Episode 4460/5000 | Avg Reward: 11.12 | Avg Length: 202.00 | Avg Loss: 1.3015 | Avg Found Sources: 0.30 | Avg Reward Components: conc=8.27, found=3.00, collision=-0.05, battery=-0.10, done=0.00
2026-02-20 12:52:35,755 | INFO | Episode 4470/5000 | Avg Reward: -4.62 | Avg Length: 202.00 | Avg Loss: 7.7585 | Avg Found Sources: 0.20 | Avg Reward Components: conc=3.48, found=2.00, collision=-10.00, battery=-0.10, done=0.00
2026-02-20 12:52:42,472 | INFO | Episode 4480/5000 | Avg Reward: -0.13 | Avg Length: 202.00 | Avg Loss: 10.3062 | Avg Found Sources: 0.70 | Avg Reward Components: conc=12.72, found=7.00, collision=-19.75, battery=-0.10, done=0.00
2026-02-20 12:52:49,109 | INFO | Episode 4490/5000 | Avg Reward: -0.23 | Avg Length: 202.00 | Avg Loss: 6.1141 | Avg Found Sources: 0.10 | Avg Reward Components: conc=8.87, found=1.00, collision=-10.00, battery=-0.10, done=0.00
2026-02-20 12:52:55,727 | INFO | Episode 4500/5000 | Avg Reward: 0.71 | Avg Length: 202.00 | Avg Loss: 8.9392 | Avg Found Sources: 0.60 | Avg Reward Components: conc=4.81, found=6.00, collision=-10.00, battery=-0.10, done=0.00
2026-02-20 12:53:02,418 | INFO | Episode 4510/5000 | Avg Reward: 17.15 | Avg Length: 202.00 | Avg Loss: 3.0543 | Avg Found Sources: 0.50 | Avg Reward Components: conc=12.35, found=5.00, collision=-0.10, battery=-0.10, done=0.00
2026-02-20 12:53:09,075 | INFO | Episode 4520/5000 | Avg Reward: 14.56 | Avg Length: 202.00 | Avg Loss: 1.5143 | Avg Found Sources: 0.60 | Avg Reward Components: conc=9.06, found=6.00, collision=-0.40, battery=-0.10, done=0.00
2026-02-20 12:53:15,806 | INFO | Episode 4530/5000 | Avg Reward: 6.75 | Avg Length: 202.00 | Avg Loss: 0.9074 | Avg Found Sources: 0.20 | Avg Reward Components: conc=4.90, found=2.00, collision=-0.05, battery=-0.10, done=0.00
2026-02-20 12:53:22,518 | INFO | Episode 4540/5000 | Avg Reward: 7.85 | Avg Length: 202.00 | Avg Loss: 8.9691 | Avg Found Sources: 0.40 | Avg Reward Components: conc=13.50, found=4.00, collision=-9.55, battery=-0.10, done=0.00
2026-02-20 12:53:29,134 | INFO | Episode 4550/5000 | Avg Reward: 7.07 | Avg Length: 202.00 | Avg Loss: 7.7597 | Avg Found Sources: 0.40 | Avg Reward Components: conc=13.17, found=4.00, collision=-10.00, battery=-0.10, done=0.00
2026-02-20 12:53:35,852 | INFO | Episode 4560/5000 | Avg Reward: 13.55 | Avg Length: 202.00 | Avg Loss: 9.8869 | Avg Found Sources: 0.60 | Avg Reward Components: conc=17.50, found=6.00, collision=-9.85, battery=-0.10, done=0.00
2026-02-20 12:53:42,498 | INFO | Episode 4570/5000 | Avg Reward: 6.35 | Avg Length: 202.00 | Avg Loss: 9.9653 | Avg Found Sources: 0.60 | Avg Reward Components: conc=11.40, found=6.00, collision=-10.95, battery=-0.10, done=0.00
2026-02-20 12:53:49,121 | INFO | Episode 4580/5000 | Avg Reward: -4.60 | Avg Length: 202.00 | Avg Loss: 13.4527 | Avg Found Sources: 0.40 | Avg Reward Components: conc=11.95, found=4.00, collision=-20.45, battery=-0.10, done=0.00
2026-02-20 12:53:55,817 | INFO | Episode 4590/5000 | Avg Reward: 8.75 | Avg Length: 202.00 | Avg Loss: 0.9407 | Avg Found Sources: 0.50 | Avg Reward Components: conc=4.20, found=5.00, collision=-0.35, battery=-0.10, done=0.00
2026-02-20 12:54:02,466 | INFO | Episode 4600/5000 | Avg Reward: 7.59 | Avg Length: 202.00 | Avg Loss: 0.6202 | Avg Found Sources: 0.20 | Avg Reward Components: conc=6.29, found=2.00, collision=-0.60, battery=-0.10, done=0.00
2026-02-20 12:54:09,089 | INFO | Episode 4610/5000 | Avg Reward: 21.91 | Avg Length: 202.00 | Avg Loss: 2.8866 | Avg Found Sources: 0.90 | Avg Reward Components: conc=13.56, found=9.00, collision=-0.55, battery=-0.10, done=0.00
2026-02-20 12:54:15,757 | INFO | Episode 4620/5000 | Avg Reward: 13.07 | Avg Length: 202.00 | Avg Loss: 2.4436 | Avg Found Sources: 0.50 | Avg Reward Components: conc=8.67, found=5.00, collision=-0.50, battery=-0.10, done=0.00
2026-02-20 12:54:22,448 | INFO | Episode 4630/5000 | Avg Reward: 16.69 | Avg Length: 202.00 | Avg Loss: 2.9619 | Avg Found Sources: 0.50 | Avg Reward Components: conc=12.34, found=5.00, collision=-0.55, battery=-0.10, done=0.00
2026-02-20 12:54:29,085 | INFO | Episode 4640/5000 | Avg Reward: 9.60 | Avg Length: 202.00 | Avg Loss: 1.1279 | Avg Found Sources: 0.50 | Avg Reward Components: conc=4.70, found=5.00, collision=0.00, battery=-0.10, done=0.00
2026-02-20 12:54:35,778 | INFO | Episode 4650/5000 | Avg Reward: 16.29 | Avg Length: 202.00 | Avg Loss: 3.1019 | Avg Found Sources: 0.70 | Avg Reward Components: conc=9.69, found=7.00, collision=-0.30, battery=-0.10, done=0.00
2026-02-20 12:54:42,394 | INFO | Episode 4660/5000 | Avg Reward: 21.10 | Avg Length: 202.00 | Avg Loss: 3.3074 | Avg Found Sources: 0.60 | Avg Reward Components: conc=15.50, found=6.00, collision=-0.30, battery=-0.10, done=0.00
2026-02-20 12:54:49,095 | INFO | Episode 4670/5000 | Avg Reward: 12.65 | Avg Length: 202.00 | Avg Loss: 1.8606 | Avg Found Sources: 0.40 | Avg Reward Components: conc=9.15, found=4.00, collision=-0.40, battery=-0.10, done=0.00
2026-02-20 12:54:55,745 | INFO | Episode 4680/5000 | Avg Reward: 5.14 | Avg Length: 202.00 | Avg Loss: 10.0372 | Avg Found Sources: 0.70 | Avg Reward Components: conc=8.09, found=7.00, collision=-9.85, battery=-0.10, done=0.00
2026-02-20 12:55:02,515 | INFO | Episode 4690/5000 | Avg Reward: 3.84 | Avg Length: 202.00 | Avg Loss: 8.6097 | Avg Found Sources: 0.30 | Avg Reward Components: conc=10.79, found=3.00, collision=-9.85, battery=-0.10, done=0.00
2026-02-20 12:55:09,222 | INFO | Episode 4700/5000 | Avg Reward: 22.29 | Avg Length: 202.00 | Avg Loss: 3.1544 | Avg Found Sources: 0.60 | Avg Reward Components: conc=16.44, found=6.00, collision=-0.05, battery=-0.10, done=0.00
2026-02-20 12:55:15,881 | INFO | Episode 4710/5000 | Avg Reward: 7.27 | Avg Length: 202.00 | Avg Loss: 2.1261 | Avg Found Sources: 0.30 | Avg Reward Components: conc=4.67, found=3.00, collision=-0.30, battery=-0.10, done=0.00
2026-02-20 12:55:22,558 | INFO | Episode 4720/5000 | Avg Reward: -2.33 | Avg Length: 202.00 | Avg Loss: 14.6731 | Avg Found Sources: 0.70 | Avg Reward Components: conc=10.12, found=7.00, collision=-19.35, battery=-0.10, done=0.00
2026-02-20 12:55:29,139 | INFO | Episode 4730/5000 | Avg Reward: 10.75 | Avg Length: 202.00 | Avg Loss: 3.1759 | Avg Found Sources: 0.20 | Avg Reward Components: conc=9.25, found=2.00, collision=-0.40, battery=-0.10, done=0.00
2026-02-20 12:55:35,815 | INFO | Episode 4740/5000 | Avg Reward: 22.85 | Avg Length: 202.00 | Avg Loss: 4.7594 | Avg Found Sources: 0.60 | Avg Reward Components: conc=17.15, found=6.00, collision=-0.20, battery=-0.10, done=0.00
2026-02-20 12:55:42,374 | INFO | Episode 4750/5000 | Avg Reward: 6.48 | Avg Length: 202.00 | Avg Loss: 8.7351 | Avg Found Sources: 0.40 | Avg Reward Components: conc=12.78, found=4.00, collision=-10.20, battery=-0.10, done=0.00
2026-02-20 12:55:49,013 | INFO | Episode 4760/5000 | Avg Reward: 24.51 | Avg Length: 202.00 | Avg Loss: 4.7997 | Avg Found Sources: 0.70 | Avg Reward Components: conc=17.66, found=7.00, collision=-0.05, battery=-0.10, done=0.00
2026-02-20 12:55:55,656 | INFO | Episode 4770/5000 | Avg Reward: 6.74 | Avg Length: 202.00 | Avg Loss: 1.0556 | Avg Found Sources: 0.40 | Avg Reward Components: conc=3.14, found=4.00, collision=-0.30, battery=-0.10, done=0.00
2026-02-20 12:56:02,274 | INFO | Episode 4780/5000 | Avg Reward: 18.57 | Avg Length: 202.00 | Avg Loss: 2.8003 | Avg Found Sources: 0.50 | Avg Reward Components: conc=13.97, found=5.00, collision=-0.30, battery=-0.10, done=0.00
2026-02-20 12:56:09,000 | INFO | Episode 4790/5000 | Avg Reward: 7.48 | Avg Length: 202.00 | Avg Loss: 0.7406 | Avg Found Sources: 0.20 | Avg Reward Components: conc=5.98, found=2.00, collision=-0.40, battery=-0.10, done=0.00
2026-02-20 12:56:15,625 | INFO | Episode 4800/5000 | Avg Reward: 10.77 | Avg Length: 202.00 | Avg Loss: 1.6439 | Avg Found Sources: 0.40 | Avg Reward Components: conc=7.27, found=4.00, collision=-0.40, battery=-0.10, done=0.00
2026-02-20 12:56:22,363 | INFO | Episode 4810/5000 | Avg Reward: 7.48 | Avg Length: 202.00 | Avg Loss: 9.4600 | Avg Found Sources: 0.60 | Avg Reward Components: conc=11.38, found=6.00, collision=-9.80, battery=-0.10, done=0.00
2026-02-20 12:56:29,110 | INFO | Episode 4820/5000 | Avg Reward: 7.24 | Avg Length: 202.00 | Avg Loss: 7.8077 | Avg Found Sources: 0.50 | Avg Reward Components: conc=11.64, found=5.00, collision=-9.30, battery=-0.10, done=0.00
2026-02-20 12:56:35,715 | INFO | Episode 4830/5000 | Avg Reward: 20.62 | Avg Length: 202.00 | Avg Loss: 4.6206 | Avg Found Sources: 0.50 | Avg Reward Components: conc=16.02, found=5.00, collision=-0.30, battery=-0.10, done=0.00
2026-02-20 12:56:42,340 | INFO | Episode 4840/5000 | Avg Reward: -8.84 | Avg Length: 202.00 | Avg Loss: 12.6746 | Avg Found Sources: 0.30 | Avg Reward Components: conc=7.61, found=3.00, collision=-19.35, battery=-0.10, done=0.00
2026-02-20 12:56:48,988 | INFO | Episode 4850/5000 | Avg Reward: 19.07 | Avg Length: 202.00 | Avg Loss: 4.3640 | Avg Found Sources: 0.50 | Avg Reward Components: conc=14.47, found=5.00, collision=-0.30, battery=-0.10, done=0.00
2026-02-20 12:56:55,578 | INFO | Episode 4860/5000 | Avg Reward: 6.93 | Avg Length: 202.00 | Avg Loss: 8.1380 | Avg Found Sources: 0.80 | Avg Reward Components: conc=8.78, found=8.00, collision=-9.75, battery=-0.10, done=0.00
2026-02-20 12:57:02,248 | INFO | Episode 4870/5000 | Avg Reward: 7.28 | Avg Length: 202.00 | Avg Loss: 9.2558 | Avg Found Sources: 0.40 | Avg Reward Components: conc=13.18, found=4.00, collision=-9.80, battery=-0.10, done=0.00
2026-02-20 12:57:08,869 | INFO | Episode 4880/5000 | Avg Reward: 6.83 | Avg Length: 202.00 | Avg Loss: 9.5961 | Avg Found Sources: 0.60 | Avg Reward Components: conc=10.68, found=6.00, collision=-9.75, battery=-0.10, done=0.00
2026-02-20 12:57:15,520 | INFO | Episode 4890/5000 | Avg Reward: 3.92 | Avg Length: 202.00 | Avg Loss: 8.6525 | Avg Found Sources: 0.60 | Avg Reward Components: conc=8.07, found=6.00, collision=-10.05, battery=-0.10, done=0.00
2026-02-20 12:57:22,156 | INFO | Episode 4900/5000 | Avg Reward: 17.40 | Avg Length: 202.00 | Avg Loss: 2.0702 | Avg Found Sources: 0.60 | Avg Reward Components: conc=11.65, found=6.00, collision=-0.15, battery=-0.10, done=0.00
2026-02-20 12:57:28,898 | INFO | Episode 4910/5000 | Avg Reward: 13.66 | Avg Length: 202.00 | Avg Loss: 1.4897 | Avg Found Sources: 0.30 | Avg Reward Components: conc=11.36, found=3.00, collision=-0.60, battery=-0.10, done=0.00
2026-02-20 12:57:35,591 | INFO | Episode 4920/5000 | Avg Reward: 16.34 | Avg Length: 202.00 | Avg Loss: 2.8628 | Avg Found Sources: 0.40 | Avg Reward Components: conc=12.54, found=4.00, collision=-0.10, battery=-0.10, done=0.00
2026-02-20 12:57:42,848 | INFO | Episode 4930/5000 | Avg Reward: 9.24 | Avg Length: 202.00 | Avg Loss: 0.8142 | Avg Found Sources: 0.20 | Avg Reward Components: conc=7.84, found=2.00, collision=-0.50, battery=-0.10, done=0.00
2026-02-20 12:57:49,678 | INFO | Episode 4940/5000 | Avg Reward: 8.21 | Avg Length: 202.00 | Avg Loss: 1.2447 | Avg Found Sources: 0.30 | Avg Reward Components: conc=5.86, found=3.00, collision=-0.55, battery=-0.10, done=0.00
2026-02-20 12:57:56,069 | INFO | Episode 4950/5000 | Avg Reward: 18.22 | Avg Length: 202.00 | Avg Loss: 3.3017 | Avg Found Sources: 0.50 | Avg Reward Components: conc=13.87, found=5.00, collision=-0.55, battery=-0.10, done=0.00
2026-02-20 12:58:02,483 | INFO | Episode 4960/5000 | Avg Reward: 18.48 | Avg Length: 202.00 | Avg Loss: 3.3805 | Avg Found Sources: 0.70 | Avg Reward Components: conc=12.03, found=7.00, collision=-0.45, battery=-0.10, done=0.00
2026-02-20 12:58:08,805 | INFO | Episode 4970/5000 | Avg Reward: 20.85 | Avg Length: 202.00 | Avg Loss: 5.2489 | Avg Found Sources: 0.90 | Avg Reward Components: conc=12.05, found=9.00, collision=-0.10, battery=-0.10, done=0.00
2026-02-20 12:58:16,618 | INFO | Episode 4980/5000 | Avg Reward: 11.93 | Avg Length: 202.00 | Avg Loss: 1.7434 | Avg Found Sources: 0.50 | Avg Reward Components: conc=7.43, found=5.00, collision=-0.40, battery=-0.10, done=0.00
2026-02-20 12:58:23,075 | INFO | Episode 4990/5000 | Avg Reward: 3.88 | Avg Length: 202.00 | Avg Loss: 8.6187 | Avg Found Sources: 0.70 | Avg Reward Components: conc=6.98, found=7.00, collision=-10.00, battery=-0.10, done=0.00
2026-02-20 12:58:29,448 | INFO | Episode 5000/5000 | Avg Reward: 8.77 | Avg Length: 202.00 | Avg Loss: 1.0531 | Avg Found Sources: 0.30 | Avg Reward Components: conc=6.37, found=3.00, collision=-0.50, battery=-0.10, done=0.00
2026-02-21 10:21:23,931 | INFO | Episode 10/5000 | Avg Reward: 26.84 | Avg Length: 287.90 | Avg Loss: 6.2417 | Avg Found Sources: 1.80 | Avg Reward Components: conc=9.79, found=18.00, collision=-0.85, battery=-0.10, done=0.00
2026-02-21 10:21:37,843 | INFO | Episode 20/5000 | Avg Reward: 13.39 | Avg Length: 240.70 | Avg Loss: 2.4849 | Avg Found Sources: 0.80 | Avg Reward Components: conc=7.64, found=8.00, collision=-2.15, battery=-0.10, done=0.00
2026-02-21 10:21:49,878 | INFO | Episode 30/5000 | Avg Reward: 15.85 | Avg Length: 207.40 | Avg Loss: 5.9134 | Avg Found Sources: 0.40 | Avg Reward Components: conc=14.95, found=4.00, collision=-3.00, battery=-0.10, done=0.00
2026-02-21 10:22:01,714 | INFO | Episode 40/5000 | Avg Reward: 5.02 | Avg Length: 202.40 | Avg Loss: 0.5822 | Avg Found Sources: 0.00 | Avg Reward Components: conc=5.67, found=0.00, collision=-0.55, battery=-0.10, done=0.00
2026-02-21 10:22:13,653 | INFO | Episode 50/5000 | Avg Reward: 10.83 | Avg Length: 202.00 | Avg Loss: 1.6778 | Avg Found Sources: 0.30 | Avg Reward Components: conc=8.38, found=3.00, collision=-0.45, battery=-0.10, done=0.00
2026-02-21 10:22:25,629 | INFO | Episode 60/5000 | Avg Reward: 21.00 | Avg Length: 202.00 | Avg Loss: 11.7141 | Avg Found Sources: 0.80 | Avg Reward Components: conc=22.40, found=8.00, collision=-9.30, battery=-0.10, done=0.00
2026-02-21 10:22:37,691 | INFO | Episode 70/5000 | Avg Reward: 7.17 | Avg Length: 202.00 | Avg Loss: 1.2063 | Avg Found Sources: 0.30 | Avg Reward Components: conc=4.27, found=3.00, collision=0.00, battery=-0.10, done=0.00
2026-02-21 10:22:49,553 | INFO | Episode 80/5000 | Avg Reward: 16.22 | Avg Length: 202.00 | Avg Loss: 2.1939 | Avg Found Sources: 0.70 | Avg Reward Components: conc=9.52, found=7.00, collision=-0.20, battery=-0.10, done=0.00
2026-02-21 10:23:01,631 | INFO | Episode 90/5000 | Avg Reward: 10.46 | Avg Length: 202.00 | Avg Loss: 1.0012 | Avg Found Sources: 0.30 | Avg Reward Components: conc=7.96, found=3.00, collision=-0.40, battery=-0.10, done=0.00
2026-02-21 10:23:14,181 | INFO | Episode 100/5000 | Avg Reward: 18.87 | Avg Length: 202.00 | Avg Loss: 4.4922 | Avg Found Sources: 0.50 | Avg Reward Components: conc=14.67, found=5.00, collision=-0.70, battery=-0.10, done=0.00
2026-02-21 10:23:27,284 | INFO | Episode 110/5000 | Avg Reward: 21.60 | Avg Length: 202.00 | Avg Loss: 3.7133 | Avg Found Sources: 0.60 | Avg Reward Components: conc=15.70, found=6.00, collision=0.00, battery=-0.10, done=0.00
2026-02-21 10:23:40,081 | INFO | Episode 120/5000 | Avg Reward: 28.95 | Avg Length: 202.20 | Avg Loss: 5.8058 | Avg Found Sources: 0.80 | Avg Reward Components: conc=21.25, found=8.00, collision=-0.20, battery=-0.10, done=0.00
2026-02-21 10:23:52,582 | INFO | Episode 130/5000 | Avg Reward: 14.95 | Avg Length: 202.10 | Avg Loss: 3.6970 | Avg Found Sources: 0.70 | Avg Reward Components: conc=8.20, found=7.00, collision=-0.15, battery=-0.10, done=0.00
2026-02-21 10:24:04,502 | INFO | Episode 140/5000 | Avg Reward: 21.86 | Avg Length: 202.00 | Avg Loss: 2.9987 | Avg Found Sources: 1.00 | Avg Reward Components: conc=12.16, found=10.00, collision=-0.20, battery=-0.10, done=0.00
2026-02-21 10:24:16,358 | INFO | Episode 150/5000 | Avg Reward: 10.19 | Avg Length: 202.00 | Avg Loss: 1.0364 | Avg Found Sources: 0.40 | Avg Reward Components: conc=7.09, found=4.00, collision=-0.80, battery=-0.10, done=0.00
2026-02-21 10:24:28,402 | INFO | Episode 160/5000 | Avg Reward: 5.69 | Avg Length: 202.00 | Avg Loss: 6.7537 | Avg Found Sources: 0.20 | Avg Reward Components: conc=14.29, found=2.00, collision=-10.50, battery=-0.10, done=0.00
2026-02-21 10:24:40,386 | INFO | Episode 170/5000 | Avg Reward: 23.47 | Avg Length: 202.10 | Avg Loss: 5.5622 | Avg Found Sources: 0.70 | Avg Reward Components: conc=17.22, found=7.00, collision=-0.65, battery=-0.10, done=0.00
2026-02-21 10:24:52,325 | INFO | Episode 180/5000 | Avg Reward: 9.83 | Avg Length: 202.10 | Avg Loss: 2.0731 | Avg Found Sources: 0.50 | Avg Reward Components: conc=5.13, found=5.00, collision=-0.20, battery=-0.10, done=0.00
2026-02-21 10:25:04,387 | INFO | Episode 190/5000 | Avg Reward: 17.05 | Avg Length: 202.20 | Avg Loss: 8.2895 | Avg Found Sources: 0.80 | Avg Reward Components: conc=18.30, found=8.00, collision=-9.15, battery=-0.10, done=0.00
2026-02-21 10:25:16,281 | INFO | Episode 200/5000 | Avg Reward: 12.99 | Avg Length: 202.30 | Avg Loss: 1.9948 | Avg Found Sources: 0.50 | Avg Reward Components: conc=8.34, found=5.00, collision=-0.25, battery=-0.10, done=0.00
2026-02-21 10:25:28,212 | INFO | Episode 210/5000 | Avg Reward: 8.32 | Avg Length: 202.10 | Avg Loss: 0.5719 | Avg Found Sources: 0.10 | Avg Reward Components: conc=7.87, found=1.00, collision=-0.45, battery=-0.10, done=0.00
2026-02-21 10:25:40,279 | INFO | Episode 220/5000 | Avg Reward: 12.53 | Avg Length: 202.80 | Avg Loss: 2.3120 | Avg Found Sources: 0.70 | Avg Reward Components: conc=6.33, found=7.00, collision=-0.70, battery=-0.10, done=0.00
2026-02-21 10:25:52,274 | INFO | Episode 230/5000 | Avg Reward: 19.21 | Avg Length: 202.30 | Avg Loss: 4.2679 | Avg Found Sources: 0.60 | Avg Reward Components: conc=13.56, found=6.00, collision=-0.25, battery=-0.10, done=0.00
2026-02-21 10:26:04,126 | INFO | Episode 240/5000 | Avg Reward: 4.52 | Avg Length: 202.00 | Avg Loss: 6.7476 | Avg Found Sources: 0.50 | Avg Reward Components: conc=9.07, found=5.00, collision=-9.45, battery=-0.10, done=0.00
2026-02-21 10:26:15,949 | INFO | Episode 250/5000 | Avg Reward: 9.63 | Avg Length: 202.00 | Avg Loss: 1.4022 | Avg Found Sources: 0.30 | Avg Reward Components: conc=7.38, found=3.00, collision=-0.65, battery=-0.10, done=0.00
2026-02-21 10:26:27,687 | INFO | Episode 260/5000 | Avg Reward: 11.32 | Avg Length: 202.00 | Avg Loss: 7.3393 | Avg Found Sources: 0.70 | Avg Reward Components: conc=13.87, found=7.00, collision=-9.45, battery=-0.10, done=0.00
2026-02-21 10:26:39,684 | INFO | Episode 270/5000 | Avg Reward: 2.75 | Avg Length: 202.00 | Avg Loss: 5.8706 | Avg Found Sources: 0.50 | Avg Reward Components: conc=7.95, found=5.00, collision=-10.10, battery=-0.10, done=0.00
2026-02-21 10:26:51,645 | INFO | Episode 280/5000 | Avg Reward: -0.16 | Avg Length: 202.00 | Avg Loss: 4.6339 | Avg Found Sources: 0.10 | Avg Reward Components: conc=8.49, found=1.00, collision=-9.55, battery=-0.10, done=0.00
2026-02-21 10:27:03,567 | INFO | Episode 290/5000 | Avg Reward: 11.20 | Avg Length: 202.00 | Avg Loss: 0.9572 | Avg Found Sources: 0.40 | Avg Reward Components: conc=7.55, found=4.00, collision=-0.25, battery=-0.10, done=0.00
2026-02-21 10:27:15,559 | INFO | Episode 300/5000 | Avg Reward: 15.99 | Avg Length: 202.00 | Avg Loss: 2.7961 | Avg Found Sources: 0.50 | Avg Reward Components: conc=11.84, found=5.00, collision=-0.75, battery=-0.10, done=0.00
