episode,episode_reward,episode_length,loss,found_sources,total_sources,found_source_ratio,success,partial_success,battery,collision,concentration,distance,failure_done,found_bonus,found_source_stay,success_done
1,15.993509,688,1.261466,3,5,0.600000,0,1,-0.000291,-0.004360,0.015536,-0.000592,-0.007267,0.021802,-0.001581,0.000000
2,25.808947,683,1.525266,3,8,0.375000,0,1,-0.000293,-0.005857,0.030759,-0.000200,-0.007321,0.021962,-0.001263,0.000000
3,12.288649,684,2.698804,6,7,0.857143,0,1,-0.000292,-0.032164,0.020878,0.000286,-0.007310,0.043860,-0.007292,0.000000
4,-16.056821,687,1.450589,3,6,0.500000,0,1,-0.000291,-0.064774,0.025536,0.002311,-0.007278,0.021834,-0.000710,0.000000
5,-24.373713,688,0.486576,0,1,0.000000,0,0,-0.000291,-0.025073,0.000833,-0.003629,-0.007267,0.000000,0.000000,0.000000
6,-19.465599,682,1.390787,2,4,0.500000,0,1,-0.000293,-0.069648,0.035515,-0.001282,-0.007331,0.014663,-0.000165,0.000000
7,-61.813968,689,1.861945,0,5,0.000000,0,0,-0.000290,-0.093614,0.012250,-0.000804,-0.007257,0.000000,0.000000,0.000000
8,12.187695,690,1.070420,2,3,0.666667,0,1,-0.000290,0.000000,0.012355,-0.001485,-0.007246,0.014493,-0.000163,0.000000
9,126.144615,385,76.314041,1,1,1.000000,1,1,-0.000293,0.000000,0.000199,0.003067,0.000000,0.012987,0.000000,0.311688
10,-0.129379,690,0.805315,2,3,0.666667,0,1,-0.000290,-0.012681,0.005183,0.001006,-0.007246,0.014493,-0.000652,0.000000
11,-17.138524,683,0.282629,0,2,0.000000,0,0,-0.000293,-0.016471,0.000003,-0.001011,-0.007321,0.000000,0.000000,0.000000
12,-32.932687,689,0.726752,0,2,0.000000,0,0,-0.000290,-0.049710,0.008711,0.000748,-0.007257,0.000000,0.000000,0.000000
13,-52.305788,686,2.522812,3,8,0.375000,0,1,-0.000292,-0.112609,0.051976,0.001150,-0.007289,0.021866,-0.031050,0.000000
14,-137.019546,689,4.747970,3,8,0.375000,0,1,-0.000290,-0.253266,0.048348,-0.000391,-0.007257,0.021771,-0.007783,0.000000
15,-236.021352,689,6.703278,1,3,0.333333,0,1,-0.000290,-0.359216,0.019806,-0.000407,-0.007257,0.007257,-0.002449,0.000000
16,-39.814232,690,2.111891,4,7,0.571429,0,1,-0.000290,-0.109420,0.037591,0.000015,-0.007246,0.028986,-0.007337,0.000000
17,-53.318536,689,1.648037,0,2,0.000000,0,0,-0.000290,-0.090348,0.022037,-0.001527,-0.007257,0.000000,0.000000,0.000000
18,-27.632118,690,3.971011,1,5,0.200000,0,1,-0.000290,-0.081159,0.049812,0.001645,-0.007246,0.007246,-0.010054,0.000000
19,12.916071,686,1.225023,2,3,0.666667,0,1,-0.000292,0.000000,0.015324,-0.000979,-0.007289,0.014577,-0.002515,0.000000
20,-84.947760,690,1.093678,0,3,0.000000,0,0,-0.000290,-0.141667,0.028514,-0.002424,-0.007246,0.000000,0.000000,0.000000
21,26.536300,686,1.270881,4,8,0.500000,0,1,-0.000292,-0.001093,0.030367,-0.000194,-0.007289,0.029155,-0.011972,0.000000
22,-137.051518,684,4.229970,1,2,0.500000,0,1,-0.000292,-0.210526,0.012497,-0.001991,-0.007310,0.007310,-0.000055,0.000000
23,-6.686268,687,0.138406,0,1,0.000000,0,0,-0.000291,-0.003275,0.002390,-0.001278,-0.007278,0.000000,0.000000,0.000000
24,-21.524204,684,2.328516,4,8,0.500000,0,1,-0.000292,-0.062500,0.024428,0.000536,-0.007310,0.029240,-0.015570,0.000000
25,-84.716455,689,2.347130,1,6,0.166667,0,1,-0.000290,-0.129173,0.005671,0.000890,-0.007257,0.007257,-0.000054,0.000000
26,131.201877,280,107.340988,4,4,1.000000,1,1,-0.000297,-0.075893,0.044344,0.003772,0.000000,0.071429,-0.003348,0.428571
27,4.902030,689,1.689483,2,4,0.500000,0,1,-0.000290,-0.055515,0.055304,0.000523,-0.007257,0.014514,-0.000163,0.000000
28,122.343507,571,53.426445,6,6,1.000000,1,1,-0.000297,-0.060420,0.025732,0.003494,0.000000,0.052539,-0.016944,0.210158
29,-1.751143,689,0.795212,1,2,0.500000,0,1,-0.000290,-0.004717,0.003276,-0.000593,-0.007257,0.007257,-0.000218,0.000000
30,15.266666,690,1.237028,3,4,0.750000,0,1,-0.000290,-0.011594,0.020914,0.001756,-0.007246,0.021739,-0.003152,0.000000
31,-23.383736,688,1.323136,2,6,0.333333,0,1,-0.000291,-0.049055,0.010559,-0.001923,-0.007267,0.014535,-0.000545,0.000000
32,-25.053576,691,1.336744,2,3,0.666667,0,1,-0.000289,-0.053184,0.010132,0.000391,-0.007236,0.014472,-0.000543,0.000000
33,130.539417,21,1414.692078,2,2,1.000000,1,1,-0.000303,-0.095238,0.078148,0.046652,0.000000,0.476190,-0.003571,5.714286
34,-12.245006,688,0.991618,2,3,0.666667,0,1,-0.000291,-0.024709,0.003733,-0.000419,-0.007267,0.014535,-0.003379,0.000000
35,-57.025266,686,3.953320,7,8,0.875000,0,1,-0.000292,-0.170918,0.055371,0.001225,-0.007289,0.051020,-0.012245,0.000000
36,-3.286276,685,0.934836,2,4,0.500000,0,1,-0.000292,-0.022628,0.020593,0.000193,-0.007299,0.014599,-0.009964,0.000000
37,-56.931034,691,2.792814,6,8,0.750000,0,1,-0.000289,-0.104920,0.019134,0.000123,-0.007236,0.043415,-0.032616,0.000000
38,140.789932,465,63.866165,3,3,1.000000,1,1,-0.000299,0.000000,0.013221,0.001787,0.000000,0.032258,-0.002258,0.258065
39,-169.256488,684,4.756676,1,4,0.250000,0,1,-0.000292,-0.250731,0.003811,-0.000129,-0.007310,0.007310,-0.000110,0.000000
40,15.050691,683,0.636528,2,4,0.500000,0,1,-0.000293,0.000000,0.015767,-0.000045,-0.007321,0.014641,-0.000714,0.000000
41,111.725437,506,57.074891,1,1,1.000000,1,1,-0.000299,-0.026680,0.001768,-0.001023,0.000000,0.009881,0.000000,0.237154
42,181.443199,507,60.146496,7,7,1.000000,1,1,-0.000299,0.000000,0.057721,0.004646,0.000000,0.069034,-0.009911,0.236686
43,112.437105,424,72.555940,5,5,1.000000,1,1,-0.000301,-0.117335,0.041999,0.002906,0.000000,0.058962,-0.004068,0.283019
44,174.630514,523,58.926880,7,7,1.000000,1,1,-0.000300,-0.014818,0.052998,0.001304,0.000000,0.066922,-0.001649,0.229446
45,-30.586856,682,3.210900,6,8,0.750000,0,1,-0.000293,-0.098607,0.029386,0.003570,-0.007331,0.043988,-0.015561,0.000000
46,116.715386,152,183.895075,1,1,1.000000,1,1,-0.000297,-0.055921,0.005751,-0.004037,0.000000,0.032895,0.000000,0.789474
47,76.325149,684,1.812591,4,5,0.800000,0,1,-0.000292,-0.002924,0.109506,0.002665,-0.007310,0.029240,-0.019298,0.000000
48,101.482033,444,65.697244,1,1,1.000000,1,1,-0.000298,-0.056306,0.002781,0.000855,0.000000,0.011261,0.000000,0.270270
49,-191.649523,688,7.853534,5,7,0.714286,0,1,-0.000291,-0.344477,0.040556,0.001323,-0.007267,0.036337,-0.004742,0.000000
50,32.695425,685,1.300244,4,7,0.571429,0,1,-0.000292,0.000000,0.026506,0.001097,-0.007299,0.029197,-0.001478,0.000000
51,-47.676451,689,1.635855,1,2,0.500000,0,1,-0.000290,-0.070392,0.004433,-0.002839,-0.007257,0.007257,-0.000109,0.000000
52,17.861784,687,1.014886,3,4,0.750000,0,1,-0.000291,-0.014556,0.034852,0.000609,-0.007278,0.021834,-0.009170,0.000000
53,-8.888332,689,2.071169,4,6,0.666667,0,1,-0.000290,-0.055878,0.023780,0.000439,-0.007257,0.029028,-0.002721,0.000000
54,5.948090,681,1.243056,4,6,0.666667,0,1,-0.000294,-0.024963,0.013221,-0.000926,-0.007342,0.029369,-0.000330,0.000000
55,-127.765027,685,3.195407,2,6,0.333333,0,1,-0.000292,-0.207299,0.011766,0.002500,-0.007299,0.014599,-0.000493,0.000000
56,-18.476279,681,2.417895,3,7,0.428571,0,1,-0.000294,-0.135095,0.092952,0.000952,-0.007342,0.022026,-0.000330,0.000000
57,1.732310,682,0.724015,2,8,0.250000,0,1,-0.000293,0.000000,0.002134,0.001506,-0.007331,0.014663,-0.008138,0.000000
58,22.193785,683,0.409430,2,8,0.250000,0,1,-0.000293,-0.006955,0.033853,-0.000718,-0.007321,0.014641,-0.000714,0.000000
59,-7.922181,685,0.099863,0,1,0.000000,0,0,-0.000292,-0.001460,0.000001,-0.002515,-0.007299,0.000000,0.000000,0.000000
60,1.208761,684,0.348700,2,6,0.333333,0,1,-0.000292,-0.004386,0.002714,-0.001715,-0.007310,0.014620,-0.001864,0.000000
61,-41.265361,681,1.341327,2,4,0.500000,0,1,-0.000294,-0.085536,0.043663,0.001982,-0.007342,0.014684,-0.027753,0.000000
62,-237.984423,679,7.555993,4,7,0.571429,0,1,-0.000295,-0.374816,0.004399,0.000336,-0.007364,0.029455,-0.002209,0.000000
63,68.099511,679,0.975614,2,5,0.400000,0,1,-0.000295,-0.002577,0.117778,-0.000879,-0.007364,0.014728,-0.021097,0.000000
64,197.201125,593,52.970134,7,7,1.000000,1,1,-0.000298,-0.023187,0.099542,0.003076,0.000000,0.059022,-0.007968,0.202361
65,5.966148,682,1.288832,2,3,0.666667,0,1,-0.000293,0.000000,0.002517,-0.000477,-0.007331,0.014663,-0.000330,0.000000
66,16.124189,677,1.522552,4,5,0.800000,0,1,-0.000295,-0.011078,0.015442,0.000361,-0.007386,0.029542,-0.002770,0.000000
67,-29.590590,684,2.093742,4,7,0.571429,0,1,-0.000292,-0.064327,0.005760,-0.000630,-0.007310,0.029240,-0.005702,0.000000
68,-11.757976,680,0.799213,1,2,0.500000,0,1,-0.000294,-0.022426,0.006352,-0.000812,-0.007353,0.007353,-0.000110,0.000000
69,-111.839535,680,3.119139,1,2,0.500000,0,1,-0.000294,-0.206985,0.042602,0.000262,-0.007353,0.007353,-0.000055,0.000000
70,23.932134,682,0.887149,3,4,0.750000,0,1,-0.000293,0.000000,0.023745,-0.000934,-0.007331,0.021994,-0.002089,0.000000
71,-8.188734,687,0.977540,2,3,0.666667,0,1,-0.000291,-0.041485,0.024188,-0.001337,-0.007278,0.014556,-0.000273,0.000000
72,-4.062768,677,0.101624,0,6,0.000000,0,0,-0.000295,0.000000,0.002937,-0.001257,-0.007386,0.000000,0.000000,0.000000
73,11.400190,682,0.763824,3,7,0.428571,0,1,-0.000293,-0.000367,0.017987,0.001002,-0.007331,0.021994,-0.016276,0.000000
74,-32.225822,687,1.521534,3,6,0.500000,0,1,-0.000291,-0.069141,0.010292,-0.001341,-0.007278,0.021834,-0.000983,0.000000
75,22.987778,683,1.077007,4,6,0.666667,0,1,-0.000293,0.000000,0.015789,-0.001276,-0.007321,0.029283,-0.002526,0.000000
76,4.642858,681,0.426937,1,2,0.500000,0,1,-0.000294,-0.011013,0.016674,0.001561,-0.007342,0.007342,-0.000110,0.000000
77,166.484529,466,65.368914,7,7,1.000000,1,1,-0.000300,-0.001073,0.024659,0.006267,0.000000,0.075107,-0.004909,0.257511
78,-123.025196,680,3.060821,3,6,0.500000,0,1,-0.000294,-0.196691,0.002908,-0.000335,-0.007353,0.022059,-0.001213,0.000000
79,72.939386,444,69.697948,6,6,1.000000,1,1,-0.000301,-0.176239,0.009690,0.000807,0.000000,0.067568,-0.007517,0.270270
80,-8.157421,683,1.471766,4,5,0.800000,0,1,-0.000293,-0.039165,0.014189,0.000588,-0.007321,0.029283,-0.009224,0.000000
81,143.214804,510,58.419890,3,3,1.000000,1,1,-0.000300,0.000000,0.017602,0.003731,0.000000,0.029412,-0.004926,0.235294
82,119.994887,31,937.839355,1,1,1.000000,1,1,-0.000299,-0.201613,0.003382,0.037074,0.000000,0.161290,0.000000,3.870968
83,-106.456231,683,3.819433,5,6,0.833333,0,1,-0.000293,-0.186676,0.006773,0.000648,-0.007321,0.036603,-0.005600,0.000000
84,53.992859,675,1.712850,5,6,0.833333,0,1,-0.000296,0.000000,0.051847,0.001810,-0.007407,0.037037,-0.003000,0.000000
85,21.001979,675,0.907457,2,4,0.500000,0,1,-0.000296,-0.011111,0.037310,-0.001251,-0.007407,0.014815,-0.000944,0.000000
86,110.911398,219,133.566391,2,2,1.000000,1,1,-0.000299,-0.097032,0.005517,0.007733,0.000000,0.045662,-0.003082,0.547945
87,-31.152268,676,0.806835,1,2,0.500000,0,1,-0.000296,-0.051775,0.007890,-0.001736,-0.007396,0.007396,-0.000166,0.000000
88,-28.285140,672,0.889171,1,2,0.500000,0,1,-0.000298,-0.050223,0.007889,0.000597,-0.007440,0.007440,-0.000056,0.000000
89,-93.064675,676,3.137744,3,4,0.750000,0,1,-0.000296,-0.159763,0.011925,-0.000611,-0.007396,0.022189,-0.003717,0.000000
90,43.721742,678,1.571980,5,8,0.625000,0,1,-0.000295,-0.023599,0.063139,0.000720,-0.007375,0.036873,-0.004978,0.000000
91,-128.798766,682,6.363013,6,7,0.857143,0,1,-0.000293,-0.233138,0.013685,0.000173,-0.007331,0.043988,-0.005938,0.000000
92,137.059576,222,136.885283,5,5,1.000000,1,1,-0.000295,-0.048423,0.008186,0.005947,0.000000,0.112613,-0.001182,0.540541
93,54.620034,684,1.729383,6,7,0.857143,0,1,-0.000292,0.000000,0.047858,0.000838,-0.007310,0.043860,-0.005099,0.000000
94,112.992442,144,203.506646,4,4,1.000000,1,1,-0.000297,-0.206597,0.013709,0.008237,0.000000,0.138889,-0.002604,0.833333
95,-9.529411,689,0.884978,0,1,0.000000,0,0,-0.000290,-0.005806,0.001473,-0.001952,-0.007257,0.000000,0.000000,0.000000
96,77.933274,555,54.544343,2,2,1.000000,1,1,-0.000297,-0.103153,0.009710,0.001277,0.000000,0.018018,-0.001351,0.216216
97,137.315252,540,54.683766,3,3,1.000000,1,1,-0.000296,0.000000,0.004419,0.000442,0.000000,0.027778,-0.000278,0.222222
98,155.041631,437,67.724552,7,7,1.000000,1,1,-0.000295,-0.013158,0.014275,0.003221,0.000000,0.080092,-0.003947,0.274600
99,130.538566,342,84.645322,3,3,1.000000,1,1,-0.000295,-0.016813,0.003335,0.002153,0.000000,0.043860,-0.001425,0.350877
100,128.092591,17,1630.641617,2,2,1.000000,1,1,-0.000298,-0.117647,0.072497,-0.060135,0.000000,0.588235,-0.006618,7.058824
101,-13.090879,689,2.192625,1,2,0.500000,0,1,-0.000290,-0.020319,0.002542,-0.000606,-0.007257,0.007257,-0.000327,0.000000
102,15.011881,691,2.112085,3,7,0.428571,0,1,-0.000289,0.000000,0.008194,0.000163,-0.007236,0.021708,-0.000814,0.000000
103,5.654964,687,2.676720,2,4,0.500000,0,1,-0.000291,-0.070597,0.070167,0.002166,-0.007278,0.014556,-0.000491,0.000000
104,120.149926,442,65.088636,2,2,1.000000,1,1,-0.000295,-0.021493,0.001465,-0.001368,0.000000,0.022624,-0.000594,0.271493
105,143.993429,405,70.544570,4,4,1.000000,1,1,-0.000294,0.000000,0.009061,0.001649,0.000000,0.049383,-0.000556,0.296296
106,-141.379428,689,6.743828,7,8,0.875000,0,1,-0.000290,-0.231858,0.031734,0.001913,-0.007257,0.050798,-0.050236,0.000000
107,116.080123,283,103.428896,6,6,1.000000,1,1,-0.000295,-0.115724,0.027267,0.007587,0.000000,0.106007,-0.038693,0.424028
108,132.204493,582,49.290082,2,2,1.000000,1,1,-0.000296,-0.010309,0.011855,0.002925,0.000000,0.017182,-0.000387,0.206186
109,52.706168,688,1.977913,4,6,0.666667,0,1,-0.000291,0.000000,0.054985,0.000711,-0.007267,0.029070,-0.000600,0.000000
110,107.991433,396,72.957035,6,6,1.000000,1,1,-0.000296,-0.113636,0.004974,0.004391,0.000000,0.075758,-0.001515,0.303030
111,-137.441645,690,7.535754,4,6,0.666667,0,1,-0.000290,-0.232971,0.014547,0.000501,-0.007246,0.028986,-0.002717,0.000000
112,124.378965,52,563.247116,2,2,1.000000,1,1,-0.000295,-0.105769,0.007164,-0.008475,0.000000,0.192308,-0.000721,2.307692
113,-29.676044,690,3.326937,5,8,0.625000,0,1,-0.000290,-0.083696,0.024130,0.001774,-0.007246,0.036232,-0.013913,0.000000
114,129.203707,274,104.752079,2,2,1.000000,1,1,-0.000293,0.000000,0.000415,-0.002481,0.000000,0.036496,-0.000547,0.437956
115,-83.614894,689,4.039095,3,6,0.500000,0,1,-0.000290,-0.147678,0.013295,0.001143,-0.007257,0.021771,-0.002340,0.000000
116,-7.993422,687,0.893858,2,5,0.400000,0,1,-0.000291,-0.021470,0.005341,-0.000801,-0.007278,0.014556,-0.001692,0.000000
117,-22.501911,690,1.196712,2,4,0.500000,0,1,-0.000290,-0.060145,0.019013,0.002379,-0.007246,0.014493,-0.000815,0.000000
118,56.442029,689,0.848009,1,4,0.250000,0,1,-0.000290,-0.003266,0.085751,-0.000004,-0.007257,0.007257,-0.000272,0.000000
119,-39.805446,689,0.582975,0,1,0.000000,0,0,-0.000290,-0.052612,0.001567,0.000820,-0.007257,0.000000,0.000000,0.000000
120,1.224899,690,0.458440,1,3,0.333333,0,1,-0.000290,-0.009058,0.010974,0.001018,-0.007246,0.007246,-0.000870,0.000000
121,79.959544,604,52.097835,8,8,1.000000,1,1,-0.000295,-0.103891,0.052594,0.003946,0.000000,0.066225,-0.084872,0.198675
122,10.079475,690,0.633506,2,3,0.666667,0,1,-0.000290,0.000000,0.010151,-0.002065,-0.007246,0.014493,-0.000435,0.000000
123,-23.089665,689,2.169802,4,5,0.800000,0,1,-0.000290,-0.059869,0.011372,0.001833,-0.007257,0.029028,-0.008327,0.000000
124,-139.646036,690,3.870928,1,6,0.166667,0,1,-0.000290,-0.205072,0.002245,0.000840,-0.007246,0.007246,-0.000109,0.000000
125,-63.770972,690,2.083435,1,3,0.333333,0,1,-0.000290,-0.099638,0.007740,0.001233,-0.007246,0.007246,-0.001467,0.000000
126,-3.828298,691,0.820066,2,5,0.400000,0,1,-0.000289,-0.014834,0.003905,-0.000473,-0.007236,0.014472,-0.001085,0.000000
127,-24.684639,690,1.850195,4,5,0.800000,0,1,-0.000290,-0.056522,0.014295,0.000546,-0.007246,0.028986,-0.015543,0.000000
128,-12.161374,691,1.537662,4,8,0.500000,0,1,-0.000289,-0.055716,0.018270,0.000870,-0.007236,0.028944,-0.002442,0.000000
129,-32.245391,691,1.691571,3,6,0.500000,0,1,-0.000289,-0.069465,0.010916,-0.001919,-0.007236,0.021708,-0.000380,0.000000
130,5.350343,689,0.367606,1,4,0.250000,0,1,-0.000290,-0.001089,0.010927,-0.000857,-0.007257,0.007257,-0.000925,0.000000
131,-33.379267,690,1.355019,3,6,0.500000,0,1,-0.000290,-0.065580,0.003578,0.000021,-0.007246,0.021739,-0.000598,0.000000
132,118.202962,365,79.892828,1,1,1.000000,1,1,-0.000295,-0.031507,0.014618,-0.001438,0.000000,0.013699,0.000000,0.328767
133,-9.663044,690,0.351850,0,1,0.000000,0,0,-0.000290,-0.006884,0.002660,-0.002244,-0.007246,0.000000,0.000000,0.000000
134,29.279456,688,1.029614,3,4,0.750000,0,1,-0.000291,-0.009811,0.042839,0.001336,-0.007267,0.021802,-0.006050,0.000000
135,-2.096735,688,2.058682,3,7,0.428571,0,1,-0.000291,-0.093750,0.077153,-0.000095,-0.007267,0.021802,-0.000600,0.000000
136,137.119266,384,76.966655,6,6,1.000000,1,1,-0.000295,-0.041667,0.009769,0.001676,0.000000,0.078125,-0.003027,0.312500
137,21.020628,689,1.020988,4,5,0.800000,0,1,-0.000290,-0.012700,0.023266,0.001020,-0.007257,0.029028,-0.002558,0.000000
138,14.551726,688,1.340733,3,4,0.750000,0,1,-0.000291,-0.019985,0.033691,0.000777,-0.007267,0.021802,-0.007576,0.000000
139,103.064426,475,65.105523,8,8,1.000000,1,1,-0.000295,-0.116316,0.020155,0.003907,0.000000,0.084211,-0.027316,0.252632
140,0.281995,688,1.470467,4,5,0.800000,0,1,-0.000291,-0.027253,0.013594,0.000460,-0.007267,0.029070,-0.007903,0.000000
141,60.252878,689,2.559483,6,8,0.750000,0,1,-0.000290,-0.055152,0.108044,0.002482,-0.007257,0.043541,-0.003919,0.000000
142,77.932307,690,3.080736,5,6,0.833333,0,1,-0.000290,-0.097464,0.184558,0.001394,-0.007246,0.036232,-0.004239,0.000000
143,31.982561,688,1.766437,6,7,0.857143,0,1,-0.000291,0.000000,0.008590,0.003593,-0.007267,0.043605,-0.001744,0.000000
144,124.794871,11,2477.227753,1,1,1.000000,1,1,-0.000303,0.000000,0.000004,-0.018348,0.000000,0.454545,0.000000,10.909091
145,-55.086654,688,2.665508,4,8,0.500000,0,1,-0.000291,-0.073038,0.043991,0.001160,-0.007267,0.029070,-0.073692,0.000000
146,71.398021,689,2.499669,6,7,0.857143,0,1,-0.000290,-0.007983,0.076085,0.000944,-0.007257,0.043541,-0.001415,0.000000
147,122.761935,568,51.700790,1,1,1.000000,1,1,-0.000296,-0.011884,0.009567,-0.001328,0.000000,0.008803,0.000000,0.211268
148,-44.529716,687,3.370452,5,6,0.833333,0,1,-0.000291,-0.097162,0.004928,0.001379,-0.007278,0.036390,-0.002784,0.000000
149,125.048326,26,1091.083538,1,1,1.000000,1,1,-0.000298,0.000000,0.000000,0.002157,0.000000,0.192308,0.000000,4.615385
150,28.319501,688,1.168384,5,7,0.714286,0,1,-0.000291,0.000000,0.014605,0.000885,-0.007267,0.036337,-0.003107,0.000000
151,144.390062,620,51.182717,6,6,1.000000,1,1,-0.000296,-0.018145,0.011917,0.001347,0.000000,0.048387,-0.003871,0.193548
152,-248.006618,688,8.728663,2,3,0.666667,0,1,-0.000291,-0.377544,0.019088,0.001197,-0.007267,0.014535,-0.010193,0.000000
153,21.488946,689,2.054998,5,6,0.833333,0,1,-0.000290,0.000000,0.005128,-0.000826,-0.007257,0.036284,-0.001851,0.000000
154,31.347210,688,1.510532,5,6,0.833333,0,1,-0.000291,0.000000,0.017104,0.000770,-0.007267,0.036337,-0.001090,0.000000
155,79.229167,688,2.039184,5,8,0.625000,0,1,-0.000291,-0.034157,0.124678,0.000927,-0.007267,0.036337,-0.005069,0.000000
156,-37.621199,686,2.665766,4,5,0.800000,0,1,-0.000292,-0.101312,0.027119,0.001166,-0.007289,0.029155,-0.003389,0.000000
157,118.976178,16,1785.620255,1,1,1.000000,1,1,-0.000296,-0.437500,0.015023,0.046284,0.000000,0.312500,0.000000,7.500000
158,58.307232,685,2.041236,4,5,0.800000,0,1,-0.000292,-0.008394,0.085641,-0.001087,-0.007299,0.029197,-0.012646,0.000000
159,63.342951,684,1.246214,3,5,0.600000,0,1,-0.000292,-0.003289,0.096663,0.000092,-0.007310,0.021930,-0.015186,0.000000
160,153.187793,413,71.033423,4,4,1.000000,1,1,-0.000296,0.000000,0.032620,0.001786,0.000000,0.048426,-0.002179,0.290557
161,9.591181,684,1.004741,2,5,0.400000,0,1,-0.000292,-0.024854,0.034899,-0.000683,-0.007310,0.014620,-0.002357,0.000000
162,9.593360,684,1.468701,4,7,0.571429,0,1,-0.000292,-0.010965,0.018536,0.000387,-0.007310,0.029240,-0.015570,0.000000
163,-84.341462,685,3.129718,4,6,0.666667,0,1,-0.000292,-0.148540,0.004563,0.001216,-0.007299,0.029197,-0.001971,0.000000
164,53.258804,686,1.800520,6,7,0.857143,0,1,-0.000292,0.000000,0.043098,0.002869,-0.007289,0.043732,-0.004483,0.000000
165,17.949204,684,1.194046,2,3,0.666667,0,1,-0.000292,0.000000,0.021227,0.000190,-0.007310,0.014620,-0.002193,0.000000
166,26.528417,684,1.804976,6,7,0.857143,0,1,-0.000292,0.000000,0.005609,0.000975,-0.007310,0.043860,-0.004057,0.000000
167,104.578615,526,56.483760,3,3,1.000000,1,1,-0.000297,-0.094582,0.038353,-0.000810,0.000000,0.028517,-0.000499,0.228137
168,-9.722932,681,2.257646,5,6,0.833333,0,1,-0.000294,-0.066446,0.022028,0.001892,-0.007342,0.036711,-0.000826,0.000000
169,21.217574,686,0.950519,3,4,0.750000,0,1,-0.000292,-0.001093,0.017666,0.001219,-0.007289,0.021866,-0.001148,0.000000
170,-12.285393,684,1.222324,3,4,0.750000,0,1,-0.000292,-0.042398,0.012302,-0.000713,-0.007310,0.021930,-0.001480,0.000000
171,-29.994316,683,1.447990,2,3,0.666667,0,1,-0.000293,-0.084187,0.036294,-0.000524,-0.007321,0.014641,-0.002526,0.000000
172,-19.374146,686,0.439148,0,1,0.000000,0,0,-0.000292,-0.020044,0.000938,-0.001557,-0.007289,0.000000,0.000000,0.000000
173,111.786945,480,60.503938,2,2,1.000000,1,1,-0.000296,-0.047396,0.005634,0.004348,0.000000,0.020833,-0.000234,0.250000
174,-1.324733,687,1.230639,3,5,0.600000,0,1,-0.000291,-0.029840,0.013924,0.000214,-0.007278,0.021834,-0.000491,0.000000
175,-48.590026,687,1.551660,2,4,0.500000,0,1,-0.000291,-0.101528,0.023445,0.000478,-0.007278,0.014556,-0.000109,0.000000
176,-59.560692,687,2.222903,3,4,0.750000,0,1,-0.000291,-0.131368,0.029561,0.001337,-0.007278,0.021834,-0.000491,0.000000
177,32.022599,688,1.049291,3,8,0.375000,0,1,-0.000291,-0.007267,0.041080,-0.000858,-0.007267,0.021802,-0.000654,0.000000
178,1.301040,689,0.339033,1,3,0.333333,0,1,-0.000290,0.000000,0.006196,0.002350,-0.007257,0.007257,-0.006368,0.000000
179,-3.747444,689,0.656220,0,4,0.000000,0,0,-0.000290,-0.033019,0.036239,-0.001111,-0.007257,0.000000,0.000000,0.000000
180,-52.280517,687,1.368455,1,2,0.500000,0,1,-0.000291,-0.082969,0.009122,-0.000106,-0.007278,0.007278,-0.001856,0.000000
181,25.876895,686,0.712842,1,8,0.125000,0,1,-0.000292,-0.010933,0.049837,-0.000345,-0.007289,0.007289,-0.000547,0.000000
182,3.528689,687,1.873389,3,6,0.500000,0,1,-0.000291,-0.025473,0.018756,-0.001266,-0.007278,0.021834,-0.001146,0.000000
183,-68.812470,685,2.792729,5,6,0.833333,0,1,-0.000292,-0.127737,0.002315,0.001097,-0.007299,0.036496,-0.005036,0.000000
184,128.135542,23,1357.632896,3,3,1.000000,1,1,-0.000297,-0.434783,0.106815,0.034701,0.000000,0.652174,-0.004891,5.217391
185,15.320176,686,0.592703,2,5,0.400000,0,1,-0.000292,-0.011662,0.027442,-0.000226,-0.007289,0.014577,-0.000219,0.000000
186,3.128786,686,0.186638,0,4,0.000000,0,0,-0.000292,-0.006924,0.019959,-0.000894,-0.007289,0.000000,0.000000,0.000000
187,6.804170,688,0.548074,2,3,0.666667,0,1,-0.000291,0.000000,0.004599,0.000549,-0.007267,0.014535,-0.002235,0.000000
188,34.418469,687,0.796230,3,7,0.428571,0,1,-0.000291,0.000000,0.035255,0.000853,-0.007278,0.021834,-0.000273,0.000000
189,-48.746062,688,3.407759,4,8,0.500000,0,1,-0.000291,-0.124273,0.033817,0.000982,-0.007267,0.029070,-0.002889,0.000000
190,-13.613149,688,0.714343,2,4,0.500000,0,1,-0.000291,-0.043605,0.016952,0.000271,-0.007267,0.014535,-0.000382,0.000000
191,-4.832605,687,0.465390,1,3,0.333333,0,1,-0.000291,-0.008370,0.001920,0.000307,-0.007278,0.007278,-0.000600,0.000000
192,60.809133,686,1.287709,3,4,0.750000,0,1,-0.000292,0.000000,0.075653,0.001000,-0.007289,0.021866,-0.002296,0.000000
193,-49.040723,685,1.920183,1,6,0.166667,0,1,-0.000292,-0.075912,0.005890,-0.001114,-0.007299,0.007299,-0.000164,0.000000
194,0.727442,684,0.615044,1,4,0.250000,0,1,-0.000292,-0.020833,0.033363,0.000339,-0.007310,0.007310,-0.011513,0.000000
195,118.045617,410,70.689252,1,1,1.000000,1,1,-0.000293,-0.018902,0.001721,0.000513,0.000000,0.012195,0.000000,0.292683
196,30.877354,688,1.609157,6,7,0.857143,0,1,-0.000291,-0.002180,0.023850,0.001663,-0.007267,0.043605,-0.014499,0.000000
197,133.983398,9,3183.966110,3,3,1.000000,1,1,-0.000307,-0.222222,0.029065,0.088841,0.000000,1.666667,-0.008333,13.333333
198,148.112873,475,62.167068,4,4,1.000000,1,1,-0.000296,-0.005789,0.025715,0.004477,0.000000,0.042105,-0.007026,0.252632
199,3.331301,686,1.901107,3,7,0.428571,0,1,-0.000292,-0.085277,0.077638,-0.001354,-0.007289,0.021866,-0.000437,0.000000
200,-274.599430,685,10.741026,2,7,0.285714,0,1,-0.000292,-0.428102,0.023870,-0.000366,-0.007299,0.014599,-0.003285,0.000000
201,-16.836599,689,0.811773,1,3,0.333333,0,1,-0.000290,-0.041001,0.018243,-0.000844,-0.007257,0.007257,-0.000544,0.000000
202,-7.806783,685,0.162321,0,1,0.000000,0,0,-0.000292,-0.002920,0.001760,-0.002646,-0.007299,0.000000,0.000000,0.000000
203,-246.567715,682,7.826358,4,7,0.571429,0,1,-0.000293,-0.429619,0.047361,0.001770,-0.007331,0.029326,-0.002749,0.000000
204,-22.627488,685,2.291691,4,6,0.666667,0,1,-0.000292,-0.066423,0.011234,0.001372,-0.007299,0.029197,-0.000821,0.000000
205,-7.252882,686,0.222980,0,1,0.000000,0,0,-0.000292,-0.002915,0.001456,-0.001533,-0.007289,0.000000,0.000000,0.000000
206,-68.798199,683,1.227495,1,6,0.166667,0,1,-0.000293,-0.103953,0.004492,-0.000755,-0.007321,0.007321,-0.000220,0.000000
207,124.110936,3,5883.553253,1,1,1.000000,1,1,-0.000324,-0.333333,0.006864,0.030439,0.000000,1.666667,0.000000,40.000000
208,-0.212380,684,0.332424,1,3,0.333333,0,1,-0.000292,0.000000,0.001638,-0.001602,-0.007310,0.007310,-0.000055,0.000000
209,31.094665,685,2.137943,4,5,0.800000,0,1,-0.000292,-0.038686,0.064693,0.001614,-0.007299,0.029197,-0.003832,0.000000
210,-26.188588,686,3.692106,7,8,0.875000,0,1,-0.000292,-0.093294,0.023784,0.001178,-0.007289,0.051020,-0.013284,0.000000
211,120.693052,151,192.329569,1,1,1.000000,1,1,-0.000295,-0.019868,0.002364,-0.010725,0.000000,0.033113,0.000000,0.794702
212,-63.990153,685,1.841227,2,4,0.500000,0,1,-0.000292,-0.121898,0.023567,-0.001490,-0.007299,0.014599,-0.000602,0.000000
213,-83.524723,683,1.940950,2,6,0.333333,0,1,-0.000293,-0.128843,0.002938,-0.000504,-0.007321,0.014641,-0.002910,0.000000
214,121.555784,463,62.325989,1,1,1.000000,1,1,-0.000298,-0.007559,0.001803,-0.001385,0.000000,0.010799,0.000000,0.259179
215,-1.430839,682,0.774380,2,3,0.666667,0,1,-0.000293,-0.014663,0.008128,0.000697,-0.007331,0.014663,-0.003299,0.000000
216,13.606613,683,1.158663,4,6,0.666667,0,1,-0.000293,-0.017936,0.016909,0.000871,-0.007321,0.029283,-0.001592,0.000000
217,-20.816647,681,1.103105,2,3,0.666667,0,1,-0.000294,-0.034141,0.005947,0.002748,-0.007342,0.014684,-0.012170,0.000000
218,-1.161895,680,1.301879,2,6,0.333333,0,1,-0.000294,-0.049632,0.040478,0.000607,-0.007353,0.014706,-0.000221,0.000000
219,129.729454,518,57.528475,3,3,1.000000,1,1,-0.000297,-0.013031,0.004432,0.003861,0.000000,0.028958,-0.005140,0.231660
220,-18.293645,682,0.662453,1,3,0.333333,0,1,-0.000293,-0.025660,0.004273,0.000520,-0.007331,0.007331,-0.005663,0.000000
221,16.120669,682,1.115274,3,6,0.500000,0,1,-0.000293,-0.016129,0.026370,-0.000588,-0.007331,0.021994,-0.000385,0.000000
222,-61.533876,683,1.257854,0,2,0.000000,0,0,-0.000293,-0.083089,0.001942,-0.001333,-0.007321,0.000000,0.000000,0.000000
223,32.326965,684,1.026313,3,7,0.428571,0,1,-0.000292,-0.001462,0.042326,0.001171,-0.007310,0.021930,-0.009101,0.000000
224,-59.559536,685,1.506519,1,6,0.166667,0,1,-0.000292,-0.093796,0.010726,-0.001342,-0.007299,0.007299,-0.002245,0.000000
225,-26.037832,317,98.235441,3,3,1.000000,1,1,-0.000293,-0.511830,0.002016,0.002574,0.000000,0.047319,-0.000473,0.378549
226,17.609300,680,0.623570,3,4,0.750000,0,1,-0.000294,-0.002941,0.016424,-0.000896,-0.007353,0.022059,-0.001103,0.000000
227,52.914463,684,1.622758,5,7,0.714286,0,1,-0.000292,0.000000,0.053076,0.001916,-0.007310,0.036550,-0.006579,0.000000
228,0.035623,684,1.938511,4,7,0.571429,0,1,-0.000292,-0.068713,0.047693,0.000586,-0.007310,0.029240,-0.001151,0.000000
229,40.151145,681,0.875243,3,6,0.500000,0,1,-0.000294,0.000000,0.043560,0.001284,-0.007342,0.022026,-0.000275,0.000000
230,-7.049981,684,1.032835,2,3,0.666667,0,1,-0.000292,-0.023392,0.005268,0.001238,-0.007310,0.014620,-0.000439,0.000000
231,31.589001,685,1.644365,5,8,0.625000,0,1,-0.000292,0.000000,0.030343,0.001101,-0.007299,0.036496,-0.014234,0.000000
232,1.105832,688,0.435402,1,3,0.333333,0,1,-0.000291,-0.008358,0.011014,-0.000485,-0.007267,0.007267,-0.000273,0.000000
233,46.387236,684,2.113844,6,8,0.750000,0,1,-0.000292,0.000000,0.037381,0.001526,-0.007310,0.043860,-0.007346,0.000000
234,17.846964,684,1.985686,5,8,0.625000,0,1,-0.000292,-0.049708,0.047244,0.000650,-0.007310,0.036550,-0.001042,0.000000
235,-18.070677,689,2.560036,6,8,0.750000,0,1,-0.000290,-0.067126,0.009278,0.001940,-0.007257,0.043541,-0.006313,0.000000
236,-121.877951,685,2.906787,0,1,0.000000,0,0,-0.000292,-0.173358,0.002704,0.000321,-0.007299,0.000000,0.000000,0.000000
237,119.542845,627,48.534898,3,3,1.000000,1,1,-0.000298,-0.051435,0.032427,0.004163,0.000000,0.023923,-0.009510,0.191388
238,64.146648,400,76.637310,4,4,1.000000,1,1,-0.000296,-0.198125,0.007832,0.002924,0.000000,0.050000,-0.001969,0.300000
239,-88.485163,686,3.412920,4,7,0.571429,0,1,-0.000292,-0.161443,0.012357,0.000711,-0.007289,0.029155,-0.002187,0.000000
240,120.855883,12,2319.802521,1,1,1.000000,1,1,-0.000299,-0.395833,0.008109,0.042680,0.000000,0.416667,0.000000,10.000000
241,128.933489,207,140.839476,2,2,1.000000,1,1,-0.000295,-0.003623,0.001294,-0.001985,0.000000,0.048309,-0.000543,0.579710
242,6.935307,683,2.062733,6,7,0.857143,0,1,-0.000293,-0.024890,0.011627,0.000394,-0.007321,0.043924,-0.013287,0.000000
243,12.385280,686,2.046671,2,4,0.500000,0,1,-0.000292,-0.037901,0.052533,0.001564,-0.007289,0.014577,-0.005138,0.000000
244,10.384865,688,1.564738,3,5,0.600000,0,1,-0.000291,-0.027253,0.028881,0.000694,-0.007267,0.021802,-0.001472,0.000000
245,138.124633,401,73.290484,3,3,1.000000,1,1,-0.000295,0.000000,0.007487,0.001441,0.000000,0.037406,-0.000842,0.299252
246,5.409734,687,4.365031,5,6,0.833333,0,1,-0.000291,-0.149563,0.130150,0.001851,-0.007278,0.036390,-0.003384,0.000000
247,-17.124992,686,0.830156,0,2,0.000000,0,0,-0.000292,-0.027332,0.011819,-0.001871,-0.007289,0.000000,0.000000,0.000000
248,-8.488701,688,1.125582,0,5,0.000000,0,0,-0.000291,-0.043605,0.037890,0.000935,-0.007267,0.000000,0.000000,0.000000
249,18.009810,688,1.511899,4,5,0.800000,0,1,-0.000291,-0.003634,0.010711,0.000695,-0.007267,0.029070,-0.003107,0.000000
250,-24.327629,688,2.326891,5,8,0.625000,0,1,-0.000291,-0.067587,0.018430,0.000661,-0.007267,0.036337,-0.015643,0.000000
251,-33.726607,687,0.926925,1,2,0.500000,0,1,-0.000291,-0.050582,0.002996,-0.000506,-0.007278,0.007278,-0.000710,0.000000
252,-25.595587,688,2.172424,4,5,0.800000,0,1,-0.000291,-0.062500,0.012393,0.003111,-0.007267,0.029070,-0.011719,0.000000
253,-48.502724,687,2.395891,3,4,0.750000,0,1,-0.000291,-0.092067,0.010809,-0.001424,-0.007278,0.021834,-0.002183,0.000000
254,125.132325,3,5879.267242,1,1,1.000000,1,1,-0.000298,0.000000,0.030557,0.013850,0.000000,1.666667,0.000000,40.000000
255,8.895199,685,1.269123,3,4,0.750000,0,1,-0.000292,-0.019708,0.019692,0.001049,-0.007299,0.021898,-0.002354,0.000000
256,136.001425,89,329.892538,3,3,1.000000,1,1,-0.000298,0.000000,0.011188,0.001205,0.000000,0.168539,-0.000843,1.348315
257,39.210991,687,2.037867,6,7,0.857143,0,1,-0.000291,-0.001092,0.032860,0.000835,-0.007278,0.043668,-0.011627,0.000000
258,92.948592,599,50.024147,2,2,1.000000,1,1,-0.000297,-0.067195,0.006047,-0.000222,0.000000,0.016694,-0.000188,0.200334
259,-8.402539,683,1.497159,3,5,0.600000,0,1,-0.000293,-0.047218,0.022596,0.002583,-0.007321,0.021962,-0.004612,0.000000
260,-16.745877,685,1.080339,2,3,0.666667,0,1,-0.000292,-0.036861,0.005886,-0.000260,-0.007299,0.014599,-0.000219,0.000000
261,145.567888,352,85.021057,3,3,1.000000,1,1,-0.000296,-0.023438,0.049704,0.004798,0.000000,0.042614,-0.000746,0.340909
262,25.764063,685,1.690513,6,7,0.857143,0,1,-0.000292,0.000000,0.004517,0.000394,-0.007299,0.043796,-0.003504,0.000000
263,32.672605,685,1.397639,5,6,0.833333,0,1,-0.000292,-0.011314,0.032079,0.001475,-0.007299,0.036496,-0.003449,0.000000
264,114.198344,214,136.803950,1,1,1.000000,1,1,-0.000295,-0.066589,0.019891,-0.003482,0.000000,0.023364,0.000000,0.560748
265,1.488528,687,2.067641,5,6,0.833333,0,1,-0.000291,-0.040757,0.015003,0.000574,-0.007278,0.036390,-0.001474,0.000000
266,165.473388,585,52.411342,6,6,1.000000,1,1,-0.000299,0.000000,0.028769,0.001955,0.000000,0.051282,-0.003974,0.205128
267,-215.118920,689,9.835830,3,4,0.750000,0,1,-0.000290,-0.330914,0.005658,0.000284,-0.007257,0.021771,-0.001470,0.000000
268,-91.676255,689,3.294502,1,2,0.500000,0,1,-0.000290,-0.160740,0.028898,0.001198,-0.007257,0.007257,-0.002123,0.000000
269,-92.612582,690,2.769323,0,1,0.000000,0,0,-0.000290,-0.130072,0.004334,-0.000947,-0.007246,0.000000,0.000000,0.000000
270,-28.268625,690,2.180255,4,5,0.800000,0,1,-0.000290,-0.081159,0.021228,0.001317,-0.007246,0.028986,-0.003804,0.000000
271,-58.341874,690,1.047942,0,1,0.000000,0,0,-0.000290,-0.080072,0.001770,0.001285,-0.007246,0.000000,0.000000,0.000000
272,48.123348,691,1.804081,4,8,0.500000,0,1,-0.000289,-0.012301,0.061045,0.000512,-0.007236,0.028944,-0.001031,0.000000
273,7.588775,690,1.332110,4,7,0.571429,0,1,-0.000290,-0.011594,0.003594,0.001136,-0.007246,0.028986,-0.003587,0.000000
274,-101.871563,691,3.042048,0,2,0.000000,0,0,-0.000289,-0.151954,0.013414,-0.001361,-0.007236,0.000000,0.000000,0.000000
275,44.434616,691,2.246142,7,8,0.875000,0,1,-0.000289,0.000000,0.030811,0.002199,-0.007236,0.050651,-0.011831,0.000000
276,148.008384,77,392.580139,4,4,1.000000,1,1,-0.000302,0.000000,0.098628,0.015906,0.000000,0.259740,-0.010227,1.558442
277,140.619235,522,61.037294,6,6,1.000000,1,1,-0.000296,-0.028736,0.010975,0.000732,0.000000,0.057471,-0.000647,0.229885
278,-64.675148,691,2.575581,4,6,0.666667,0,1,-0.000289,-0.121925,0.011937,0.000400,-0.007236,0.028944,-0.005427,0.000000
279,-10.191331,690,2.116204,4,6,0.666667,0,1,-0.000290,-0.051449,0.015645,0.001161,-0.007246,0.028986,-0.001576,0.000000
280,27.308118,690,1.800391,6,7,0.857143,0,1,-0.000290,0.000000,0.004279,0.001258,-0.007246,0.043478,-0.001902,0.000000
281,70.350542,168,181.436972,3,3,1.000000,1,1,-0.000295,-0.382440,0.001931,-0.003567,0.000000,0.089286,-0.000446,0.714286
282,98.587961,78,366.975880,1,1,1.000000,1,1,-0.000301,-0.339744,0.006536,-0.005107,0.000000,0.064103,0.000000,1.538462
283,124.119503,456,63.969665,1,1,1.000000,1,1,-0.000299,-0.007675,0.006025,0.000018,0.000000,0.010965,0.000000,0.263158
284,18.142009,691,2.373699,6,8,0.750000,0,1,-0.000289,-0.044863,0.036448,0.002198,-0.007236,0.043415,-0.003419,0.000000
285,91.317439,436,66.827271,1,1,1.000000,1,1,-0.000297,-0.076835,0.000737,-0.000859,0.000000,0.011468,0.000000,0.275229
286,-9.433932,690,1.753529,3,5,0.600000,0,1,-0.000290,-0.029710,0.006494,-0.000365,-0.007246,0.021739,-0.004293,0.000000
287,170.234023,456,67.218885,6,6,1.000000,1,1,-0.000298,0.000000,0.042381,0.005579,0.000000,0.065789,-0.003289,0.263158
288,-66.387044,690,3.843265,4,6,0.666667,0,1,-0.000290,-0.121739,0.006140,-0.001139,-0.007246,0.028986,-0.000924,0.000000
289,114.399921,518,57.618290,6,6,1.000000,1,1,-0.000301,-0.076737,0.013356,0.001833,0.000000,0.057915,-0.006877,0.231660
290,-8.105259,691,1.058422,2,3,0.666667,0,1,-0.000289,-0.024240,0.005843,0.001783,-0.007236,0.014472,-0.002062,0.000000
291,71.857809,514,59.898160,6,6,1.000000,1,1,-0.000299,-0.163911,0.014488,0.003457,0.000000,0.058366,-0.005764,0.233463
292,122.333879,377,75.627270,2,2,1.000000,1,1,-0.000297,-0.034483,0.015460,-0.000816,0.000000,0.026525,-0.000199,0.318302
293,-77.068879,691,4.592916,5,6,0.833333,0,1,-0.000289,-0.151954,0.013144,0.000848,-0.007236,0.036179,-0.002225,0.000000
294,-96.599838,690,3.101819,2,3,0.666667,0,1,-0.000290,-0.214493,0.070171,-0.001711,-0.007246,0.014493,-0.000924,0.000000
295,26.734202,690,1.360490,2,3,0.666667,0,1,-0.000290,0.000000,0.032650,-0.000100,-0.007246,0.014493,-0.000761,0.000000
296,145.005630,415,73.027008,6,6,1.000000,1,1,-0.000300,-0.048193,0.043003,0.002763,0.000000,0.072289,-0.009307,0.289157
297,140.306526,467,64.364294,4,4,1.000000,1,1,-0.000301,-0.018737,0.019623,0.001355,0.000000,0.042827,-0.001285,0.256959
298,70.733655,155,189.782832,1,1,1.000000,1,1,-0.000295,-0.361290,0.009190,0.002289,0.000000,0.032258,0.000000,0.774194
299,138.956218,319,91.735199,3,3,1.000000,1,1,-0.000301,0.000000,0.013234,0.000526,0.000000,0.047022,-0.001058,0.376176
300,-20.556233,690,3.365017,6,7,0.857143,0,1,-0.000290,-0.078623,0.014877,0.001219,-0.007246,0.043478,-0.003207,0.000000
301,16.869772,690,0.967177,2,4,0.500000,0,1,-0.000290,0.000000,0.020429,-0.000491,-0.007246,0.014493,-0.002446,0.000000
302,128.711657,10,2875.497574,2,2,1.000000,1,1,-0.000302,-0.300000,0.055193,0.123775,0.000000,1.000000,-0.007500,12.000000
303,128.722015,115,253.642323,6,6,1.000000,1,1,-0.000302,-0.210870,0.020306,0.007796,0.000000,0.260870,-0.001957,1.043478
304,136.229794,12,2278.408073,3,3,1.000000,1,1,-0.000289,0.000000,0.081050,0.062347,0.000000,1.250000,-0.040625,10.000000
305,1.633577,690,2.333175,4,5,0.800000,0,1,-0.000290,-0.026812,0.010216,-0.000421,-0.007246,0.028986,-0.002065,0.000000
306,-37.388042,691,2.634828,3,4,0.750000,0,1,-0.000289,-0.064761,0.020108,0.000133,-0.007236,0.021708,-0.023770,0.000000
307,109.593123,366,81.710430,6,6,1.000000,1,1,-0.000301,-0.121585,0.011029,0.004144,0.000000,0.081967,-0.003689,0.327869
308,133.002351,36,827.891724,3,3,1.000000,1,1,-0.000299,-0.083333,0.042042,-0.011816,0.000000,0.416667,-0.002083,3.333333
309,137.390952,374,77.951061,3,3,1.000000,1,1,-0.000299,0.000000,0.008075,-0.000181,0.000000,0.040107,-0.001203,0.320856
310,156.981866,364,80.266458,7,7,1.000000,1,1,-0.000301,0.000000,0.006493,0.004816,0.000000,0.096154,-0.005563,0.329670
311,-68.852090,690,3.756603,4,6,0.666667,0,1,-0.000290,-0.137319,0.019982,0.001048,-0.007246,0.028986,-0.004946,0.000000
312,-9.945885,690,1.650717,2,3,0.666667,0,1,-0.000290,-0.030435,0.014816,-0.000045,-0.007246,0.014493,-0.005707,0.000000
313,122.650355,278,102.529497,2,2,1.000000,1,1,-0.000299,-0.059353,0.029646,0.004917,0.000000,0.035971,-0.001349,0.431655
314,133.365625,208,138.312533,4,4,1.000000,1,1,-0.000300,-0.042067,0.017833,0.004717,0.000000,0.096154,-0.012079,0.576923
315,-80.615092,689,5.763597,5,7,0.714286,0,1,-0.000290,-0.155660,0.011774,0.001629,-0.007257,0.036284,-0.003483,0.000000
316,137.858382,381,76.961291,6,6,1.000000,1,1,-0.000301,-0.045276,0.012663,0.005278,0.000000,0.078740,-0.004232,0.314961
317,128.956216,381,76.631431,3,3,1.000000,1,1,-0.000301,-0.059055,0.045710,0.000638,0.000000,0.039370,-0.002854,0.314961
318,132.262268,182,157.248193,5,5,1.000000,1,1,-0.000298,-0.092033,0.019747,0.004451,0.000000,0.137363,-0.001854,0.659341
319,40.049269,689,2.266808,3,5,0.600000,0,1,-0.000290,-0.025762,0.075038,0.001158,-0.007257,0.021771,-0.006531,0.000000
320,152.145083,204,140.144579,6,6,1.000000,1,1,-0.000298,0.000000,0.012338,0.001417,0.000000,0.147059,-0.002941,0.588235
321,120.610423,634,48.484343,5,5,1.000000,1,1,-0.000302,-0.052445,0.019989,0.000322,0.000000,0.039432,-0.006033,0.189274
322,-130.070962,689,6.090857,2,3,0.666667,0,1,-0.000290,-0.202467,0.012695,-0.000316,-0.007257,0.014514,-0.005660,0.000000
323,126.576475,74,380.092766,2,2,1.000000,1,1,-0.000295,-0.067568,0.021295,0.002331,0.000000,0.135135,-0.002027,1.621622
324,131.951222,557,55.043277,8,8,1.000000,1,1,-0.000303,-0.056104,0.010063,0.001979,0.000000,0.071813,-0.005992,0.215440
325,-18.882374,688,3.186361,4,5,0.800000,0,1,-0.000291,-0.077398,0.030178,0.000171,-0.007267,0.029070,-0.001908,0.000000
326,-38.726638,689,1.598850,1,3,0.333333,0,1,-0.000290,-0.089260,0.035714,-0.001990,-0.007257,0.007257,-0.000381,0.000000
327,121.620700,422,68.574629,3,3,1.000000,1,1,-0.000300,-0.040877,0.011070,0.000534,0.000000,0.035545,-0.002133,0.284360
328,97.970747,493,59.178689,3,3,1.000000,1,1,-0.000299,-0.088742,0.014277,0.003914,0.000000,0.030426,-0.004260,0.243408
329,8.246544,689,2.431477,6,8,0.750000,0,1,-0.000290,-0.037010,0.040709,0.000796,-0.007257,0.043541,-0.028520,0.000000
330,141.781535,631,46.295115,3,3,1.000000,1,1,-0.000301,0.000000,0.010397,0.004039,0.000000,0.023772,-0.003387,0.190174
331,142.139008,134,225.518615,6,6,1.000000,1,1,-0.000297,-0.074627,0.011226,0.009511,0.000000,0.223881,-0.004478,0.895522
332,140.313963,538,55.256718,6,6,1.000000,1,1,-0.000300,-0.027881,0.011039,0.001648,0.000000,0.055762,-0.002509,0.223048
333,123.699069,466,62.530476,2,2,1.000000,1,1,-0.000299,-0.062768,0.046974,0.004181,0.000000,0.021459,-0.001609,0.257511
334,123.818180,13,2110.953979,1,1,1.000000,1,1,-0.000301,-0.192308,0.013433,0.088267,0.000000,0.384615,0.000000,9.230769
335,117.828022,521,55.757576,3,3,1.000000,1,1,-0.000300,-0.043186,0.011732,0.000522,0.000000,0.028791,-0.001727,0.230326
336,26.421418,684,2.377690,6,7,0.857143,0,1,-0.000292,0.000000,0.004722,0.000938,-0.007310,0.043860,-0.003289,0.000000
337,64.108374,607,47.599692,1,1,1.000000,1,1,-0.000299,-0.101730,0.001197,0.000516,0.000000,0.008237,0.000000,0.197694
338,16.511753,684,1.888265,4,5,0.800000,0,1,-0.000292,-0.033991,0.040008,0.000543,-0.007310,0.029240,-0.004057,0.000000
339,-20.985131,688,3.462438,5,6,0.833333,0,1,-0.000291,-0.067951,0.008922,0.001492,-0.007267,0.036337,-0.001744,0.000000
340,-39.503609,448,69.421274,3,3,1.000000,1,1,-0.000299,-0.397321,0.007561,0.001129,0.000000,0.033482,-0.000586,0.267857
341,-182.209921,685,10.787884,7,8,0.875000,0,1,-0.000292,-0.347445,0.041973,0.000457,-0.007299,0.051095,-0.004489,0.000000
342,23.234178,685,3.484716,5,6,0.833333,0,1,-0.000292,-0.134307,0.140628,0.003345,-0.007299,0.036496,-0.004653,0.000000
343,-29.430219,645,49.092340,3,3,1.000000,1,1,-0.000300,-0.266667,0.015060,0.000173,0.000000,0.023256,-0.003198,0.186047
344,-2.922808,688,0.335196,0,1,0.000000,0,0,-0.000291,-0.001090,0.004381,0.000019,-0.007267,0.000000,0.000000,0.000000
345,46.881499,687,2.585635,7,8,0.875000,0,1,-0.000291,-0.005822,0.033961,0.001474,-0.007278,0.050946,-0.004749,0.000000
346,-21.307358,682,0.889075,1,2,0.500000,0,1,-0.000293,-0.035557,0.006300,-0.000428,-0.007331,0.007331,-0.001265,0.000000
347,-44.502108,683,2.978931,5,6,0.833333,0,1,-0.000293,-0.101025,0.011447,0.000208,-0.007321,0.036603,-0.004777,0.000000
348,143.654010,524,56.323558,4,4,1.000000,1,1,-0.000298,-0.015267,0.023248,0.000793,0.000000,0.038168,-0.001503,0.229008
349,-17.147977,683,2.153937,4,5,0.800000,0,1,-0.000293,-0.048316,0.011052,0.001524,-0.007321,0.029283,-0.011036,0.000000
350,121.495868,529,55.886922,3,3,1.000000,1,1,-0.000298,-0.028355,0.008194,0.001170,0.000000,0.028355,-0.006238,0.226843
351,-200.762747,690,8.999578,6,8,0.750000,0,1,-0.000290,-0.372826,0.048484,0.002657,-0.007246,0.043478,-0.005217,0.000000
352,-0.537377,691,0.736274,2,3,0.666667,0,1,-0.000289,-0.014834,0.008311,0.000155,-0.007236,0.014472,-0.001357,0.000000
353,96.689396,397,75.421145,2,2,1.000000,1,1,-0.000298,-0.096348,0.013765,-0.000835,0.000000,0.025189,-0.000189,0.302267
354,134.723035,634,47.959034,7,7,1.000000,1,1,-0.000300,-0.042587,0.012824,0.002694,0.000000,0.055205,-0.004614,0.189274
355,12.500177,687,2.416427,6,7,0.857143,0,1,-0.000291,-0.034207,0.018696,0.002192,-0.007278,0.043668,-0.004585,0.000000
356,-47.938223,688,1.571150,1,2,0.500000,0,1,-0.000291,-0.074128,0.005993,-0.000653,-0.007267,0.007267,-0.000600,0.000000
357,119.903361,54,535.356495,1,1,1.000000,1,1,-0.000297,-0.078704,0.000121,-0.015503,0.000000,0.092593,0.000000,2.222222
358,28.258400,687,1.542835,4,8,0.500000,0,1,-0.000291,-0.034571,0.058855,0.000546,-0.007278,0.029112,-0.005240,0.000000
359,-239.256597,689,9.864536,5,8,0.625000,0,1,-0.000290,-0.414006,0.039638,0.000828,-0.007257,0.036284,-0.002449,0.000000
360,116.012625,318,92.599087,2,2,1.000000,1,1,-0.000299,-0.040881,0.003710,0.000914,0.000000,0.031447,-0.007429,0.377358
361,-8.342338,685,1.907490,4,5,0.800000,0,1,-0.000292,-0.035036,0.007389,-0.001046,-0.007299,0.029197,-0.005091,0.000000
362,39.229033,687,1.655120,5,8,0.625000,0,1,-0.000291,0.000000,0.030617,0.000885,-0.007278,0.036390,-0.003221,0.000000
363,123.937487,6,4096.024628,1,1,1.000000,1,1,-0.000315,-0.166667,0.011101,-0.021205,0.000000,0.833333,0.000000,20.000000
364,162.831400,152,194.672525,7,7,1.000000,1,1,-0.000297,0.000000,0.043397,0.013603,0.000000,0.230263,-0.005181,0.789474
365,-53.970825,686,3.024683,4,5,0.800000,0,1,-0.000292,-0.114431,0.016432,-0.000774,-0.007289,0.029155,-0.001476,0.000000
366,-12.975561,687,1.844747,2,3,0.666667,0,1,-0.000291,-0.061499,0.038027,0.000546,-0.007278,0.014556,-0.002948,0.000000
367,141.419755,476,64.952567,8,8,1.000000,1,1,-0.000301,-0.061975,0.025488,0.003504,0.000000,0.084034,-0.005751,0.252101
368,35.378843,689,2.453762,3,5,0.600000,0,1,-0.000290,-0.049710,0.093902,0.000498,-0.007257,0.021771,-0.007565,0.000000
369,3.999442,688,2.506029,6,7,0.857143,0,1,-0.000291,-0.075218,0.048916,-0.000824,-0.007267,0.043605,-0.003107,0.000000
370,138.903736,439,71.277502,5,5,1.000000,1,1,-0.000300,-0.017084,0.008089,0.000192,0.000000,0.056948,-0.004784,0.273349
371,3.150782,689,1.586331,4,5,0.800000,0,1,-0.000290,-0.031930,0.015176,0.001752,-0.007257,0.029028,-0.001905,0.000000
372,28.459306,689,1.880091,5,8,0.625000,0,1,-0.000290,-0.030842,0.043385,0.001494,-0.007257,0.036284,-0.001470,0.000000
373,-47.411414,689,2.687475,4,5,0.800000,0,1,-0.000290,-0.113208,0.021930,0.002836,-0.007257,0.029028,-0.001851,0.000000
374,114.983492,621,47.229952,2,2,1.000000,1,1,-0.000299,-0.035024,0.012764,-0.001079,0.000000,0.016103,-0.000543,0.193237
375,-41.401854,686,1.504463,1,2,0.500000,0,1,-0.000292,-0.087828,0.029190,-0.000712,-0.007289,0.007289,-0.000711,0.000000
376,-20.740218,684,2.194565,5,6,0.833333,0,1,-0.000292,-0.095760,0.036977,0.002255,-0.007310,0.036550,-0.002741,0.000000
377,119.483765,216,134.278721,1,1,1.000000,1,1,-0.000297,-0.023148,0.001601,-0.003694,0.000000,0.023148,0.000000,0.555556
378,123.504587,589,51.721004,6,6,1.000000,1,1,-0.000301,-0.056876,0.013253,0.003270,0.000000,0.050934,-0.004329,0.203735
379,2.471854,688,1.127677,3,5,0.600000,0,1,-0.000291,-0.032703,0.021637,0.001669,-0.007267,0.021802,-0.001254,0.000000
380,-148.531080,687,7.332274,5,8,0.625000,0,1,-0.000291,-0.296579,0.057402,0.000212,-0.007278,0.036390,-0.006059,0.000000
381,-93.855961,684,3.834713,5,6,0.833333,0,1,-0.000292,-0.173611,0.012629,-0.000137,-0.007310,0.036550,-0.005044,0.000000
382,30.855044,681,1.210521,4,6,0.666667,0,1,-0.000294,0.000000,0.026621,0.001580,-0.007342,0.029369,-0.004626,0.000000
383,22.044307,683,1.395528,5,7,0.714286,0,1,-0.000293,0.000000,0.003932,0.001220,-0.007321,0.036603,-0.001867,0.000000
384,129.807862,181,165.429909,2,2,1.000000,1,1,-0.000297,-0.031768,0.031263,-0.000052,0.000000,0.055249,-0.000207,0.662983
385,-54.343276,684,1.153998,0,2,0.000000,0,0,-0.000292,-0.074561,0.003962,-0.001248,-0.007310,0.000000,0.000000,0.000000
386,6.268124,686,0.373936,1,4,0.250000,0,1,-0.000292,0.000000,0.010960,-0.001039,-0.007289,0.007289,-0.000492,0.000000
387,-40.267615,684,3.137519,6,8,0.750000,0,1,-0.000292,-0.120614,0.035078,-0.000052,-0.007310,0.043860,-0.009539,0.000000
388,181.147107,645,49.486502,8,8,1.000000,1,1,-0.000297,-0.051550,0.088003,0.002212,0.000000,0.062016,-0.005581,0.186047
389,33.000634,684,2.255785,4,7,0.571429,0,1,-0.000292,-0.054094,0.083048,0.000560,-0.007310,0.029240,-0.002906,0.000000
390,-16.792233,685,0.909007,1,3,0.333333,0,1,-0.000292,-0.032482,0.009819,0.001178,-0.007299,0.007299,-0.002737,0.000000
391,-49.887728,685,3.118085,4,5,0.800000,0,1,-0.000292,-0.125182,0.031547,0.001336,-0.007299,0.029197,-0.002135,0.000000
392,-14.183797,678,0.818359,2,6,0.333333,0,1,-0.000295,-0.062316,0.035089,-0.000109,-0.007375,0.014749,-0.000664,0.000000
393,117.346214,202,143.852211,1,1,1.000000,1,1,-0.000296,-0.034653,0.000503,-0.003444,0.000000,0.024752,0.000000,0.594059
394,120.092118,403,78.784067,3,3,1.000000,1,1,-0.000297,-0.050248,0.017467,0.001575,0.000000,0.037221,-0.005490,0.297767
395,-51.982705,678,2.626576,5,6,0.833333,0,1,-0.000295,-0.106563,0.011917,-0.001382,-0.007375,0.036873,-0.009845,0.000000
396,-1.627337,676,2.323255,6,7,0.857143,0,1,-0.000296,-0.045858,0.014569,0.001625,-0.007396,0.044379,-0.009430,0.000000
397,-1.955710,681,0.967984,2,3,0.666667,0,1,-0.000294,-0.015419,0.007404,0.000958,-0.007342,0.014684,-0.002863,0.000000
398,-22.341846,676,3.333289,6,8,0.750000,0,1,-0.000296,-0.111317,0.048690,-0.000897,-0.007396,0.044379,-0.006213,0.000000
399,3.596520,676,0.876291,2,5,0.400000,0,1,-0.000296,-0.028107,0.027522,-0.000641,-0.007396,0.014793,-0.000555,0.000000
400,133.839173,516,62.477986,8,8,1.000000,1,1,-0.000298,-0.069283,0.021490,0.002189,0.000000,0.077519,-0.004797,0.232558
401,-24.257992,680,2.395792,4,5,0.800000,0,1,-0.000294,-0.069485,0.012879,0.000767,-0.007353,0.029412,-0.001599,0.000000
402,124.968264,16,1769.900452,1,1,1.000000,1,1,-0.000302,0.000000,0.002013,-0.003695,0.000000,0.312500,0.000000,7.500000
403,117.460907,342,86.291391,2,2,1.000000,1,1,-0.000298,-0.029971,0.003473,-0.000548,0.000000,0.029240,-0.009320,0.350877
404,-115.068924,681,2.579843,0,1,0.000000,0,0,-0.000294,-0.162261,0.001550,-0.000623,-0.007342,0.000000,0.000000,0.000000
405,3.200775,683,1.032881,3,4,0.750000,0,1,-0.000293,-0.028184,0.020893,-0.001053,-0.007321,0.021962,-0.001318,0.000000
406,122.078427,384,76.885553,3,3,1.000000,1,1,-0.000293,-0.041667,0.007280,0.001420,0.000000,0.039062,-0.000391,0.312500
407,-13.511643,683,2.228008,5,8,0.625000,0,1,-0.000293,-0.062592,0.019442,0.001021,-0.007321,0.036603,-0.006643,0.000000
408,83.084939,665,49.315551,8,8,1.000000,1,1,-0.000298,-0.116165,0.002450,0.000157,0.000000,0.060150,-0.001805,0.180451
409,36.846928,682,1.835399,5,8,0.625000,0,1,-0.000293,0.000000,0.032959,0.000009,-0.007331,0.036657,-0.007973,0.000000
410,148.789595,406,74.530400,6,6,1.000000,1,1,-0.000298,-0.019089,0.022191,0.004836,0.000000,0.073892,-0.010622,0.295567
411,44.795150,683,2.109507,7,8,0.875000,0,1,-0.000293,0.000000,0.027404,0.001688,-0.007321,0.051245,-0.007138,0.000000
412,118.565769,328,88.927660,1,1,1.000000,1,1,-0.000297,-0.019817,0.000004,0.000493,0.000000,0.015244,0.000000,0.365854
413,5.660921,680,2.573730,6,8,0.750000,0,1,-0.000294,-0.079044,0.055349,0.000844,-0.007353,0.044118,-0.005294,0.000000
414,139.747940,503,59.348182,6,6,1.000000,1,1,-0.000301,-0.039761,0.028855,0.002008,0.000000,0.059642,-0.011183,0.238569
415,139.782169,226,135.977186,3,3,1.000000,1,1,-0.000296,0.000000,0.024399,-0.000785,0.000000,0.066372,-0.002157,0.530973
416,125.645163,358,81.984207,3,3,1.000000,1,1,-0.000298,-0.028631,0.007019,-0.000659,0.000000,0.041899,-0.003561,0.335196
417,170.111552,625,47.991312,7,7,1.000000,1,1,-0.000300,-0.018800,0.046223,0.002216,0.000000,0.056000,-0.005160,0.192000
418,142.145884,453,65.915857,8,8,1.000000,1,1,-0.000302,-0.134658,0.100012,0.005551,0.000000,0.088300,-0.010017,0.264901
419,136.847033,298,96.771073,5,5,1.000000,1,1,-0.000299,-0.031879,0.008531,0.001825,0.000000,0.083893,-0.005537,0.402685
420,178.355449,657,46.948613,7,7,1.000000,1,1,-0.000299,0.000000,0.044299,0.003707,0.000000,0.053272,-0.012158,0.182648
421,-33.114238,683,2.186964,0,1,0.000000,0,0,-0.000293,-0.041728,0.002959,-0.002101,-0.007321,0.000000,0.000000,0.000000
422,-0.755163,684,1.989326,3,5,0.600000,0,1,-0.000292,-0.039108,0.024870,0.002042,-0.007310,0.021930,-0.003235,0.000000
423,30.170511,684,3.025108,6,7,0.857143,0,1,-0.000292,-0.024123,0.037771,0.000125,-0.007310,0.043860,-0.005921,0.000000
424,-106.947265,685,6.599015,7,8,0.875000,0,1,-0.000292,-0.237956,0.044767,0.000128,-0.007299,0.051095,-0.006569,0.000000
425,125.597749,15,1898.163071,1,1,1.000000,1,1,-0.000299,-0.050000,0.017755,0.072394,0.000000,0.333333,0.000000,8.000000
426,-133.784542,686,5.440250,5,6,0.833333,0,1,-0.000292,-0.242347,0.033992,0.001362,-0.007289,0.036443,-0.016891,0.000000
427,77.635080,596,48.136947,2,2,1.000000,1,1,-0.000301,-0.091862,0.004095,0.000459,0.000000,0.016779,-0.000252,0.201342
428,158.671940,487,60.755342,6,6,1.000000,1,1,-0.000298,-0.001540,0.017466,0.005798,0.000000,0.061602,-0.003619,0.246407
429,202.043162,592,49.445754,4,4,1.000000,1,1,-0.000300,0.000000,0.107006,0.002023,0.000000,0.033784,-0.003927,0.202703
430,137.948646,301,96.521166,3,3,1.000000,1,1,-0.000295,0.000000,0.009584,0.002376,0.000000,0.049834,-0.001869,0.398671
431,104.926186,471,62.486180,6,6,1.000000,1,1,-0.000300,-0.099788,0.007128,0.003551,0.000000,0.063694,-0.006290,0.254777
432,144.777645,570,50.891326,4,4,1.000000,1,1,-0.000299,0.000000,0.006509,0.003290,0.000000,0.035088,-0.001118,0.210526
433,177.522300,618,47.412658,7,7,1.000000,1,1,-0.000299,0.000000,0.047582,0.002511,0.000000,0.056634,-0.013350,0.194175
434,122.540435,313,90.387483,1,1,1.000000,1,1,-0.000297,-0.007188,0.000586,-0.000959,0.000000,0.015974,0.000000,0.383387
435,32.608582,688,3.232269,7,8,0.875000,0,1,-0.000291,-0.015262,0.024518,-0.000051,-0.007267,0.050872,-0.005124,0.000000
436,-23.673938,684,1.859678,1,2,0.500000,0,1,-0.000292,-0.036915,0.002272,0.000983,-0.007310,0.007310,-0.000658,0.000000
437,120.128868,542,52.210484,2,2,1.000000,1,1,-0.000299,-0.035055,0.021969,0.002092,0.000000,0.018450,-0.006919,0.221402
438,83.372948,502,58.054474,2,2,1.000000,1,1,-0.000297,-0.100100,0.007118,0.000546,0.000000,0.019920,-0.000149,0.239044
439,200.833527,597,49.548682,7,7,1.000000,1,1,-0.000298,0.000000,0.075190,0.005399,0.000000,0.058626,-0.003518,0.201005
440,128.109812,485,58.592041,3,3,1.000000,1,1,-0.000298,-0.017526,0.006161,0.000241,0.000000,0.030928,-0.002784,0.247423
441,-44.308380,686,4.446954,4,6,0.666667,0,1,-0.000292,-0.106414,0.021863,0.001558,-0.007289,0.029155,-0.003171,0.000000
442,108.149296,526,53.676342,2,2,1.000000,1,1,-0.000298,-0.064163,0.024010,-0.000519,0.000000,0.019011,-0.000570,0.228137
443,16.774758,686,3.291266,4,5,0.800000,0,1,-0.000292,-0.057580,0.062364,0.000446,-0.007289,0.029155,-0.002351,0.000000
444,-30.966398,687,3.292408,5,6,0.833333,0,1,-0.000291,-0.084061,0.014599,0.001352,-0.007278,0.036390,-0.005786,0.000000
445,11.772973,687,2.788935,5,6,0.833333,0,1,-0.000291,-0.045488,0.044432,0.000998,-0.007278,0.036390,-0.011627,0.000000
446,175.802409,510,56.713926,4,4,1.000000,1,1,-0.000300,0.000000,0.080537,-0.000036,0.000000,0.039216,-0.010000,0.235294
447,96.123948,686,2.639618,4,5,0.800000,0,1,-0.000292,-0.010204,0.132242,0.000665,-0.007289,0.029155,-0.004155,0.000000
448,19.184519,686,1.470734,3,4,0.750000,0,1,-0.000292,-0.005102,0.023734,0.000132,-0.007289,0.021866,-0.005084,0.000000
449,138.896080,548,52.883291,3,3,1.000000,1,1,-0.000300,0.000000,0.008813,-0.000719,0.000000,0.027372,-0.000684,0.218978
450,46.372525,687,2.053907,6,7,0.857143,0,1,-0.000291,0.000000,0.033925,0.000588,-0.007278,0.043668,-0.003111,0.000000
451,-74.118329,684,3.174545,5,8,0.625000,0,1,-0.000292,-0.141447,0.024957,-0.000642,-0.007310,0.036550,-0.020175,0.000000
452,-2.253747,683,1.824598,5,6,0.833333,0,1,-0.000293,-0.045754,0.013794,0.001372,-0.007321,0.036603,-0.001702,0.000000
453,0.193482,685,0.720056,1,2,0.500000,0,1,-0.000292,-0.021533,0.023887,-0.000685,-0.007299,0.007299,-0.001095,0.000000
454,144.723117,600,48.894227,3,3,1.000000,1,1,-0.000303,0.000000,0.017380,-0.000310,0.000000,0.025000,-0.000562,0.200000
455,39.031854,685,1.772722,6,7,0.857143,0,1,-0.000292,-0.000730,0.029827,0.001861,-0.007299,0.043796,-0.010182,0.000000
456,9.605790,419,71.489034,1,1,1.000000,1,1,-0.000299,-0.276850,0.000050,0.001695,0.000000,0.011933,0.000000,0.286396
457,106.121925,565,54.087376,8,8,1.000000,1,1,-0.000302,-0.152655,0.068832,0.003567,0.000000,0.070796,-0.014801,0.212389
458,-3.760239,684,2.374523,5,6,0.833333,0,1,-0.000292,-0.086988,0.053717,0.002226,-0.007310,0.036550,-0.003399,0.000000
459,-111.745748,679,4.121578,5,6,0.833333,0,1,-0.000295,-0.205817,0.019148,0.001606,-0.007364,0.036819,-0.008671,0.000000
460,124.191229,520,57.654626,6,6,1.000000,1,1,-0.000304,-0.067788,0.019337,0.006118,0.000000,0.057692,-0.006995,0.230769
461,145.647794,208,145.657598,6,6,1.000000,1,1,-0.000304,-0.028846,0.011733,-0.000803,0.000000,0.144231,-0.002704,0.576923
462,-28.018652,686,1.130283,2,3,0.666667,0,1,-0.000292,-0.052843,0.009582,0.000340,-0.007289,0.014577,-0.004920,0.000000
463,136.643582,390,75.469243,4,4,1.000000,1,1,-0.000304,-0.032051,0.016045,0.009531,0.000000,0.051282,-0.001827,0.307692
464,125.268721,58,499.169796,1,1,1.000000,1,1,-0.000302,0.000000,0.009311,-0.004376,0.000000,0.086207,0.000000,2.068966
465,4.378324,683,1.728076,5,6,0.833333,0,1,-0.000293,-0.032211,0.022261,-0.000111,-0.007321,0.036603,-0.012518,0.000000
466,163.715197,334,89.694735,7,7,1.000000,1,1,-0.000301,-0.002994,0.026709,0.005936,0.000000,0.104790,-0.003256,0.359281
467,-95.047114,677,5.150424,5,6,0.833333,0,1,-0.000295,-0.175775,0.011882,-0.001205,-0.007386,0.036928,-0.004542,0.000000
468,163.058273,518,57.581053,7,7,1.000000,1,1,-0.000303,-0.000965,0.028716,0.002370,0.000000,0.067568,-0.014262,0.231660
469,48.429056,682,2.320846,6,8,0.750000,0,1,-0.000293,-0.012097,0.053151,0.001510,-0.007331,0.043988,-0.007918,0.000000
470,140.809558,313,94.166556,4,4,1.000000,1,1,-0.000301,-0.018371,0.018531,0.005124,0.000000,0.063898,-0.002396,0.383387
471,0.988030,685,1.596742,4,5,0.800000,0,1,-0.000292,-0.024088,0.011454,0.000463,-0.007299,0.029197,-0.007993,0.000000
472,36.360482,679,2.913087,6,8,0.750000,0,1,-0.000295,-0.090206,0.110297,0.001187,-0.007364,0.044183,-0.004253,0.000000
473,111.592969,325,90.587975,3,3,1.000000,1,1,-0.000303,-0.101538,0.030122,0.001890,0.000000,0.046154,-0.002192,0.369231
474,-26.770965,681,2.164227,4,5,0.800000,0,1,-0.000294,-0.079662,0.020612,0.001861,-0.007342,0.029369,-0.003855,0.000000
475,123.088625,164,174.762412,2,2,1.000000,1,1,-0.000306,-0.068598,0.028003,0.001502,0.000000,0.060976,-0.002744,0.731707
476,119.514328,186,157.281176,4,4,1.000000,1,1,-0.000302,-0.127688,0.021841,0.007906,0.000000,0.107527,-0.011895,0.645161
477,121.822331,444,64.659633,1,1,1.000000,1,1,-0.000303,-0.009572,0.003809,-0.001091,0.000000,0.011261,0.000000,0.270270
478,158.201461,503,59.402081,7,7,1.000000,1,1,-0.000305,0.000000,0.008184,0.004151,0.000000,0.069583,-0.005666,0.238569
479,-37.585202,685,4.521868,7,8,0.875000,0,1,-0.000292,-0.163869,0.069870,0.001703,-0.007299,0.051095,-0.006077,0.000000
480,157.322760,447,66.159711,7,7,1.000000,1,1,-0.000301,0.000000,0.008873,0.005098,0.000000,0.078300,-0.008473,0.268456
481,149.630770,249,124.354146,8,8,1.000000,1,1,-0.000305,-0.094378,0.052975,0.008949,0.000000,0.160643,-0.008886,0.481928
482,138.659599,489,60.814301,6,6,1.000000,1,1,-0.000304,-0.039366,0.025913,0.005290,0.000000,0.061350,-0.014724,0.245399
483,114.070716,211,133.785864,2,2,1.000000,1,1,-0.000303,-0.084123,0.009898,0.001345,0.000000,0.047393,-0.002310,0.568720
484,24.183582,682,1.735138,4,7,0.571429,0,1,-0.000293,0.000000,0.016391,0.000832,-0.007331,0.029326,-0.003464,0.000000
485,69.988586,687,4.074181,5,6,0.833333,0,1,-0.000291,-0.084425,0.161012,0.000725,-0.007278,0.036390,-0.004258,0.000000
486,168.106282,164,183.279310,8,8,1.000000,1,1,-0.000304,-0.088415,0.142219,0.009647,0.000000,0.243902,-0.013720,0.731707
487,14.485095,678,2.246135,4,5,0.800000,0,1,-0.000295,-0.046829,0.048110,0.001849,-0.007375,0.029499,-0.003595,0.000000
488,124.509157,5,4442.692123,1,1,1.000000,1,1,-0.000321,-0.100000,0.011686,-0.009534,0.000000,1.000000,0.000000,24.000000
489,120.103385,217,130.580237,1,1,1.000000,1,1,-0.000303,-0.041475,0.019103,0.000109,0.000000,0.023041,0.000000,0.552995
490,-81.327747,685,3.910389,2,3,0.666667,0,1,-0.000292,-0.130292,0.007555,0.000945,-0.007299,0.014599,-0.003942,0.000000
491,156.305204,403,74.865042,5,5,1.000000,1,1,-0.000302,-0.051489,0.079011,0.004741,0.000000,0.062035,-0.003908,0.297767
492,119.023859,382,75.968405,3,3,1.000000,1,1,-0.000303,-0.058246,0.014364,0.004816,0.000000,0.039267,-0.002454,0.314136
493,43.812198,687,2.266232,5,6,0.833333,0,1,-0.000291,0.000000,0.037472,0.000810,-0.007278,0.036390,-0.003330,0.000000
494,137.143669,364,78.440770,3,3,1.000000,1,1,-0.000303,0.000000,0.008599,-0.000655,0.000000,0.041209,-0.001751,0.329670
495,82.734973,290,105.762518,4,4,1.000000,1,1,-0.000306,-0.211207,0.014537,0.002356,0.000000,0.068966,-0.002845,0.413793
496,151.891406,221,135.358275,8,8,1.000000,1,1,-0.000303,-0.049774,0.012140,0.004470,0.000000,0.180995,-0.003224,0.542986
497,85.813872,384,77.323765,3,3,1.000000,1,1,-0.000304,-0.146484,0.016490,0.004651,0.000000,0.039062,-0.002441,0.312500
498,116.332609,406,72.938533,5,5,1.000000,1,1,-0.000305,-0.106527,0.038340,0.003055,0.000000,0.061576,-0.005172,0.295567
499,-94.584769,686,5.286602,3,6,0.500000,0,1,-0.000292,-0.167638,0.018852,-0.001137,-0.007289,0.021866,-0.002241,0.000000
500,124.453725,208,136.267716,4,4,1.000000,1,1,-0.000305,-0.079327,0.012068,-0.000146,0.000000,0.096154,-0.007031,0.576923
501,-21.605253,687,3.227352,3,5,0.600000,0,1,-0.000291,-0.089156,0.052899,-0.000123,-0.007278,0.021834,-0.009334,0.000000
502,32.425481,685,1.934436,5,6,0.833333,0,1,-0.000292,0.000000,0.021696,0.001608,-0.007299,0.036496,-0.004872,0.000000
503,-88.241340,685,3.981531,5,6,0.833333,0,1,-0.000292,-0.183577,0.029105,0.000032,-0.007299,0.036496,-0.003285,0.000000
504,101.647756,320,90.254583,2,2,1.000000,1,1,-0.000304,-0.097656,0.009699,0.001769,0.000000,0.031250,-0.002109,0.375000
505,13.151112,685,1.430343,4,6,0.666667,0,1,-0.000292,-0.011314,0.021673,-0.002091,-0.007299,0.029197,-0.010675,0.000000
506,143.372779,131,229.682536,5,5,1.000000,1,1,-0.000305,-0.076336,0.065990,0.005100,0.000000,0.190840,-0.006870,0.916031
507,123.237407,217,135.199739,3,3,1.000000,1,1,-0.000307,-0.073733,0.020834,0.007295,0.000000,0.069124,-0.008295,0.552995
508,116.807705,309,93.505847,6,6,1.000000,1,1,-0.000305,-0.148867,0.045817,0.002854,0.000000,0.097087,-0.006917,0.388350
509,-166.028367,681,6.587742,2,3,0.666667,0,1,-0.000294,-0.270925,0.026132,-0.001320,-0.007342,0.014684,-0.004736,0.000000
510,140.018028,136,212.331694,5,5,1.000000,1,1,-0.000308,-0.060662,0.016977,0.010669,0.000000,0.183824,-0.003309,0.882353
511,117.049958,133,213.563537,2,2,1.000000,1,1,-0.000305,-0.109023,0.013686,-0.000318,0.000000,0.075188,-0.001410,0.902256
512,122.400592,70,388.314037,1,1,1.000000,1,1,-0.000299,-0.042857,0.006196,-0.000174,0.000000,0.071429,0.000000,1.714286
513,16.569676,683,2.348007,4,6,0.666667,0,1,-0.000293,-0.004392,0.015280,0.000928,-0.007321,0.029283,-0.009224,0.000000
514,140.778145,79,361.660250,4,4,1.000000,1,1,-0.000305,-0.012658,0.010158,0.017877,0.000000,0.253165,-0.005222,1.518987
515,144.663097,473,66.258523,6,6,1.000000,1,1,-0.000304,-0.181290,0.175263,0.000281,0.000000,0.063425,-0.005233,0.253700
516,145.875225,410,76.100935,3,3,1.000000,1,1,-0.000304,0.000000,0.027473,0.001460,0.000000,0.036585,-0.002104,0.292683
517,137.856160,123,225.614225,4,4,1.000000,1,1,-0.000301,-0.069106,0.055448,-0.000422,0.000000,0.162602,-0.003049,0.975610
518,-65.637348,685,5.362590,4,6,0.666667,0,1,-0.000292,-0.134307,0.020681,-0.000954,-0.007299,0.029197,-0.002847,0.000000
519,-71.535303,685,5.459374,5,6,0.833333,0,1,-0.000292,-0.141241,0.012910,0.000195,-0.007299,0.036496,-0.005201,0.000000
520,146.469126,330,86.690022,4,4,1.000000,1,1,-0.000305,-0.008333,0.031037,0.000159,0.000000,0.060606,-0.002955,0.363636
521,125.919193,91,302.046412,3,3,1.000000,1,1,-0.000302,-0.115385,0.012269,0.005277,0.000000,0.164835,-0.001648,1.318681
522,139.494782,345,82.966762,3,3,1.000000,1,1,-0.000304,0.000000,0.010629,0.003682,0.000000,0.043478,-0.000978,0.347826
523,-87.346554,682,5.353602,4,6,0.666667,0,1,-0.000293,-0.167522,0.020712,-0.001150,-0.007331,0.029326,-0.001815,0.000000
524,-113.594019,684,6.255794,6,8,0.750000,0,1,-0.000292,-0.292032,0.100794,0.000750,-0.007310,0.043860,-0.011842,0.000000
525,28.266927,678,1.875183,6,7,0.857143,0,1,-0.000295,-0.004794,0.019872,0.001042,-0.007375,0.044248,-0.011007,0.000000
526,-110.912644,685,5.402234,5,6,0.833333,0,1,-0.000292,-0.203285,0.014425,-0.000155,-0.007299,0.036496,-0.001807,0.000000
527,-15.513716,680,2.015042,5,6,0.833333,0,1,-0.000294,-0.079412,0.031153,0.000904,-0.007353,0.036765,-0.004577,0.000000
528,-81.293471,678,4.815072,5,6,0.833333,0,1,-0.000295,-0.157080,0.014416,-0.001409,-0.007375,0.036873,-0.005033,0.000000
529,125.076937,5,4587.963501,1,1,1.000000,1,1,-0.000319,-0.050000,0.007649,0.058057,0.000000,1.000000,0.000000,24.000000
530,1.552144,685,1.687855,3,5,0.600000,0,1,-0.000292,-0.039051,0.033916,0.000431,-0.007299,0.021898,-0.007336,0.000000
531,55.267580,682,1.908568,6,7,0.857143,0,1,-0.000293,0.000000,0.047610,0.001683,-0.007331,0.043988,-0.004619,0.000000
532,138.140217,69,424.791496,3,3,1.000000,1,1,-0.000299,0.000000,0.032922,0.016691,0.000000,0.217391,-0.003804,1.739130
533,134.096159,213,135.698104,3,3,1.000000,1,1,-0.000300,0.000000,0.004489,0.005124,0.000000,0.070423,-0.013556,0.563380
534,-170.875494,678,7.975606,6,8,0.750000,0,1,-0.000295,-0.347714,0.070322,-0.000264,-0.007375,0.044248,-0.010951,0.000000
535,128.635728,249,115.896181,3,3,1.000000,1,1,-0.000300,-0.034137,0.010151,-0.000370,0.000000,0.060241,-0.000904,0.481928
536,135.512380,301,96.579926,4,4,1.000000,1,1,-0.000300,-0.032392,0.018954,0.001819,0.000000,0.066445,-0.002990,0.398671
537,129.768673,605,49.536695,3,3,1.000000,1,1,-0.000302,-0.014050,0.006919,0.000274,0.000000,0.024793,-0.001488,0.198347
538,-20.808635,676,2.064561,2,5,0.400000,0,1,-0.000296,-0.053624,0.018041,-0.000691,-0.007396,0.014793,-0.001609,0.000000
539,-5.816181,675,2.312082,5,6,0.833333,0,1,-0.000296,-0.057778,0.029116,0.001045,-0.007407,0.037037,-0.010333,0.000000
540,6.308618,678,1.409446,1,4,0.250000,0,1,-0.000295,-0.029867,0.040809,-0.000900,-0.007375,0.007375,-0.000442,0.000000
541,147.863862,586,50.656079,3,3,1.000000,1,1,-0.000303,0.000000,0.022867,0.000475,0.000000,0.025597,-0.001088,0.204778
542,158.695264,262,115.173940,7,7,1.000000,1,1,-0.000304,-0.000954,0.013808,0.007995,0.000000,0.133588,-0.006441,0.458015
543,107.875119,360,82.253027,5,5,1.000000,1,1,-0.000301,-0.111111,0.014330,0.004687,0.000000,0.069444,-0.010729,0.333333
544,-0.516738,678,2.883189,4,5,0.800000,0,1,-0.000295,-0.078540,0.058040,0.000453,-0.007375,0.029499,-0.002544,0.000000
545,-48.932229,682,3.320325,4,6,0.666667,0,1,-0.000293,-0.119501,0.025816,0.001226,-0.007331,0.029326,-0.000990,0.000000
546,103.291971,511,59.095184,5,5,1.000000,1,1,-0.000305,-0.086106,0.006286,0.001145,0.000000,0.048924,-0.002642,0.234834
547,-17.923214,675,2.954989,5,7,0.714286,0,1,-0.000296,-0.099630,0.049567,0.001176,-0.007407,0.037037,-0.007000,0.000000
548,124.111230,438,65.622447,1,1,1.000000,1,1,-0.000302,-0.004566,0.001361,0.001478,0.000000,0.011416,0.000000,0.273973
549,155.382423,498,60.069656,6,6,1.000000,1,1,-0.000303,0.000000,0.012117,0.001856,0.000000,0.060241,-0.002861,0.240964
550,21.209353,675,1.367884,5,7,0.714286,0,1,-0.000296,0.000000,0.006933,-0.000734,-0.007407,0.037037,-0.004111,0.000000
551,142.604294,307,94.398980,4,4,1.000000,1,1,-0.000300,0.000000,0.004584,0.004933,0.000000,0.065147,-0.000733,0.390879
552,132.984795,613,50.546062,7,7,1.000000,1,1,-0.000301,-0.113785,0.077898,0.004190,0.000000,0.057096,-0.003915,0.195759
553,92.638926,501,57.998228,4,4,1.000000,1,1,-0.000303,-0.099800,0.016608,0.004456,0.000000,0.039920,-0.015494,0.239521
554,87.772421,611,51.239227,8,8,1.000000,1,1,-0.000302,-0.124795,0.009084,0.003141,0.000000,0.065466,-0.005340,0.196399
555,124.484933,586,51.185543,5,5,1.000000,1,1,-0.000301,-0.052474,0.018691,0.001379,0.000000,0.042662,-0.002304,0.204778
556,-42.319850,681,4.266568,6,8,0.750000,0,1,-0.000294,-0.125184,0.032236,0.000223,-0.007342,0.044053,-0.005837,0.000000
557,157.065250,621,48.225179,7,7,1.000000,1,1,-0.000301,0.000000,0.003778,0.002627,0.000000,0.056361,-0.002778,0.193237
558,130.573399,372,77.162885,3,3,1.000000,1,1,-0.000303,-0.030242,0.018750,0.002618,0.000000,0.040323,-0.002722,0.322581
559,-29.946426,669,3.827890,7,8,0.875000,0,1,-0.000299,-0.094918,0.007916,0.002571,-0.007474,0.052317,-0.004877,0.000000
560,138.630457,91,337.466120,3,3,1.000000,1,1,-0.000303,0.000000,0.041178,-0.000155,0.000000,0.164835,-0.000824,1.318681
561,13.389779,676,2.446424,6,8,0.750000,0,1,-0.000296,-0.068417,0.055128,0.001958,-0.007396,0.044379,-0.005547,0.000000
562,126.428814,276,108.934996,5,5,1.000000,1,1,-0.000303,-0.076993,0.008190,0.004945,0.000000,0.090580,-0.003125,0.434783
563,136.313293,430,68.032240,3,3,1.000000,1,1,-0.000303,0.000000,0.004957,0.001279,0.000000,0.034884,-0.002878,0.279070
564,105.873373,551,52.341079,2,2,1.000000,1,1,-0.000303,-0.063067,0.021362,-0.001098,0.000000,0.018149,-0.000681,0.217786
565,91.120194,512,56.940938,2,2,1.000000,1,1,-0.000304,-0.087402,0.011261,0.001753,0.000000,0.019531,-0.001245,0.234375
566,93.654472,489,59.111664,2,2,1.000000,1,1,-0.000305,-0.087935,0.017798,-0.002887,0.000000,0.020450,-0.000997,0.245399
567,-48.302341,670,3.328073,4,5,0.800000,0,1,-0.000299,-0.119776,0.027230,0.000490,-0.007463,0.029851,-0.002127,0.000000
568,145.519579,387,74.994923,5,5,1.000000,1,1,-0.000304,-0.009044,0.009407,0.003318,0.000000,0.064599,-0.002035,0.310078
569,-188.782314,668,9.355553,7,8,0.875000,0,1,-0.000299,-0.376123,0.055584,0.001235,-0.007485,0.052395,-0.007915,0.000000
570,124.243726,427,69.032326,3,3,1.000000,1,1,-0.000304,-0.036300,0.008562,0.006540,0.000000,0.035129,-0.003689,0.281030
571,150.537727,390,76.272727,6,6,1.000000,1,1,-0.000303,-0.050000,0.053442,0.005451,0.000000,0.076923,-0.007212,0.307692
572,17.031304,488,66.800758,4,4,1.000000,1,1,-0.000303,-0.265881,0.013769,0.003581,0.000000,0.040984,-0.003151,0.245902
573,121.538792,423,66.328257,1,1,1.000000,1,1,-0.000304,-0.007683,0.001073,-0.001269,0.000000,0.011820,0.000000,0.283688
574,-1.651621,658,2.942072,4,5,0.800000,0,1,-0.000304,-0.058891,0.037311,0.001649,-0.007599,0.030395,-0.005072,0.000000
575,125.503431,16,1743.324081,1,1,1.000000,1,1,-0.000304,0.000000,0.004503,0.027265,0.000000,0.312500,0.000000,7.500000
576,115.746273,314,93.876906,4,4,1.000000,1,1,-0.000306,-0.094745,0.020038,0.001832,0.000000,0.063694,-0.004061,0.382166
577,48.441831,581,52.307661,3,3,1.000000,1,1,-0.000305,-0.160069,0.010590,0.001577,0.000000,0.025818,-0.000775,0.206540
578,6.730383,673,2.581232,4,5,0.800000,0,1,-0.000297,-0.028603,0.021915,0.000103,-0.007429,0.029718,-0.005405,0.000000
579,139.807904,133,215.769609,3,3,1.000000,1,1,-0.000305,0.000000,0.025390,0.013320,0.000000,0.112782,-0.002256,0.902256
580,6.490492,671,3.931801,6,7,0.857143,0,1,-0.000298,-0.081595,0.061472,0.000884,-0.007452,0.044709,-0.008048,0.000000
581,-236.007154,664,11.178472,3,4,0.750000,0,1,-0.000301,-0.379895,0.014967,0.000101,-0.007530,0.022590,-0.005365,0.000000
582,136.633388,559,52.009888,3,3,1.000000,1,1,-0.000302,0.000000,0.001954,0.002008,0.000000,0.026834,-0.000738,0.214669
583,63.427227,593,50.961141,6,6,1.000000,1,1,-0.000302,-0.172850,0.032366,0.004407,0.000000,0.050590,-0.009612,0.202361
584,-13.242018,674,1.372788,2,3,0.666667,0,1,-0.000297,-0.040801,0.015672,0.001254,-0.007418,0.014837,-0.002893,0.000000
585,-12.025523,668,4.168184,7,8,0.875000,0,1,-0.000299,-0.123129,0.069316,0.001585,-0.007485,0.052395,-0.010385,0.000000
586,120.608004,475,65.257051,8,8,1.000000,1,1,-0.000303,-0.124737,0.042624,0.006432,0.000000,0.084211,-0.006947,0.252632
587,141.221093,239,123.925825,4,4,1.000000,1,1,-0.000304,0.000000,0.005401,0.004091,0.000000,0.083682,-0.004079,0.502092
588,148.570276,163,180.280950,5,5,1.000000,1,1,-0.000301,-0.006135,0.027778,0.006543,0.000000,0.153374,-0.005982,0.736196
589,93.459758,234,128.838954,5,5,1.000000,1,1,-0.000305,-0.226496,0.016658,0.006071,0.000000,0.106838,-0.016186,0.512821
590,120.065472,408,75.618878,7,7,1.000000,1,1,-0.000304,-0.128676,0.046234,0.004016,0.000000,0.085784,-0.006893,0.294118
591,107.477141,323,89.328715,2,2,1.000000,1,1,-0.000300,-0.069659,0.002637,-0.001480,0.000000,0.030960,-0.000929,0.371517
592,121.194448,385,77.240449,5,5,1.000000,1,1,-0.000302,-0.094156,0.031384,0.006014,0.000000,0.064935,-0.004773,0.311688
593,133.755720,135,204.984883,2,2,1.000000,1,1,-0.000302,0.000000,0.025579,0.004487,0.000000,0.074074,-0.001944,0.888889
594,115.916853,281,105.444077,6,6,1.000000,1,1,-0.000304,-0.138790,0.016780,0.005025,0.000000,0.106762,-0.004004,0.427046
595,122.929715,422,68.845032,3,3,1.000000,1,1,-0.000304,-0.044431,0.011752,0.005092,0.000000,0.035545,-0.000711,0.284360
596,162.044170,557,52.285698,5,5,1.000000,1,1,-0.000306,-0.009874,0.048924,0.003571,0.000000,0.044883,-0.011715,0.215440
597,147.702698,354,84.276158,7,7,1.000000,1,1,-0.000305,-0.057203,0.041031,0.005397,0.000000,0.098870,-0.009534,0.338983
598,115.965615,78,365.634304,6,6,1.000000,1,1,-0.000302,-0.426282,0.029027,0.013623,0.000000,0.384615,-0.052404,1.538462
599,198.914310,462,62.902698,5,5,1.000000,1,1,-0.000307,-0.017316,0.135298,0.004704,0.000000,0.054113,-0.005682,0.259740
600,35.589396,678,2.881039,4,5,0.800000,0,1,-0.000295,-0.010324,0.046505,0.001839,-0.007375,0.029499,-0.007356,0.000000
601,152.464512,201,143.233692,5,5,1.000000,1,1,-0.000305,-0.027363,0.068515,0.002447,0.000000,0.124378,-0.006157,0.597015
602,134.328261,517,56.024002,5,5,1.000000,1,1,-0.000306,-0.026112,0.006688,0.002498,0.000000,0.048356,-0.003409,0.232108
603,98.468105,456,65.201764,6,6,1.000000,1,1,-0.000305,-0.124452,0.013455,0.003557,0.000000,0.065789,-0.005263,0.263158
604,109.752329,615,48.535565,6,6,1.000000,1,1,-0.000306,-0.082114,0.022592,0.002128,0.000000,0.048780,-0.007744,0.195122
605,40.465959,671,3.195077,6,7,0.857143,0,1,-0.000298,-0.027198,0.053226,0.000505,-0.007452,0.044709,-0.003186,0.000000
606,-5.890405,660,2.172829,4,5,0.800000,0,1,-0.000303,-0.038258,0.011825,0.003607,-0.007576,0.030303,-0.008523,0.000000
607,139.727781,178,162.555086,6,6,1.000000,1,1,-0.000303,-0.099719,0.041316,0.011320,0.000000,0.168539,-0.010323,0.674157
608,-96.026288,661,3.709545,0,1,0.000000,0,0,-0.000303,-0.136914,0.001504,-0.001997,-0.007564,0.000000,0.000000,0.000000
609,123.281980,42,674.882099,2,2,1.000000,1,1,-0.000312,-0.178571,0.007069,0.013648,0.000000,0.238095,-0.001786,2.857143
610,-0.200360,662,2.944469,5,6,0.833333,0,1,-0.000302,-0.058912,0.030771,0.002688,-0.007553,0.037764,-0.004758,0.000000
611,117.656185,193,148.741694,1,1,1.000000,1,1,-0.000307,-0.037565,0.006683,-0.006863,0.000000,0.025907,0.000000,0.621762
612,126.074840,338,86.841475,4,4,1.000000,1,1,-0.000308,-0.071746,0.027796,0.004944,0.000000,0.059172,-0.001886,0.355030
613,139.927122,201,147.829840,4,4,1.000000,1,1,-0.000308,-0.027363,0.022096,0.007638,0.000000,0.099502,-0.002425,0.597015
614,164.126184,257,114.726767,7,7,1.000000,1,1,-0.000310,0.000000,0.037693,0.010530,0.000000,0.136187,-0.012403,0.466926
615,159.999586,154,191.632493,4,4,1.000000,1,1,-0.000308,0.000000,0.121569,0.010555,0.000000,0.129870,-0.001948,0.779221
616,143.214993,386,75.111668,4,4,1.000000,1,1,-0.000310,-0.011010,0.021956,-0.000170,0.000000,0.051813,-0.002137,0.310881
617,24.457455,531,58.873185,6,6,1.000000,1,1,-0.000307,-0.251412,0.019238,0.001281,0.000000,0.056497,-0.005226,0.225989
618,95.892816,217,134.770788,4,4,1.000000,1,1,-0.000308,-0.217742,0.021410,0.003231,0.000000,0.092166,-0.009850,0.552995
619,123.384181,31,858.969692,1,1,1.000000,1,1,-0.000303,-0.032258,0.000000,-0.019562,0.000000,0.161290,0.000000,3.870968
620,119.838447,115,236.242149,1,1,1.000000,1,1,-0.000307,-0.047826,0.005886,-0.002636,0.000000,0.043478,0.000000,1.043478
621,114.197552,322,90.103602,5,5,1.000000,1,1,-0.000307,-0.126553,0.034589,0.003365,0.000000,0.077640,-0.006755,0.372671
622,152.330851,158,178.159921,7,7,1.000000,1,1,-0.000309,-0.034810,0.020117,0.011162,0.000000,0.221519,-0.013054,0.759494
623,126.206165,72,359.954836,2,2,1.000000,1,1,-0.000310,-0.045139,0.001990,-0.004546,0.000000,0.138889,-0.004687,1.666667
624,74.324137,280,108.469275,4,4,1.000000,1,1,-0.000306,-0.251786,0.014722,0.007099,0.000000,0.071429,-0.004286,0.428571
625,-26.214210,658,6.398509,5,8,0.625000,0,1,-0.000304,-0.135258,0.074064,-0.001271,-0.007599,0.037994,-0.007466,0.000000
626,-8.550011,661,6.570318,7,8,0.875000,0,1,-0.000303,-0.080182,0.026783,0.001565,-0.007564,0.052950,-0.006184,0.000000
627,162.157111,566,54.208897,8,8,1.000000,1,1,-0.000308,-0.032686,0.044248,0.002429,0.000000,0.070671,-0.009872,0.212014
628,137.426357,58,466.843279,3,3,1.000000,1,1,-0.000306,0.000000,0.036209,0.007870,0.000000,0.258621,-0.001940,2.068966
629,142.595343,292,98.445395,4,4,1.000000,1,1,-0.000307,-0.017979,0.032255,0.004037,0.000000,0.068493,-0.009118,0.410959
630,162.900697,439,65.980479,5,5,1.000000,1,1,-0.000308,-0.004556,0.055835,0.004497,0.000000,0.056948,-0.014692,0.273349
631,115.578867,175,162.583864,3,3,1.000000,1,1,-0.000306,-0.111429,0.003825,-0.001782,0.000000,0.085714,-0.001286,0.685714
632,10.673115,670,3.439263,4,6,0.666667,0,1,-0.000299,-0.037687,0.034983,0.001302,-0.007463,0.029851,-0.004757,0.000000
633,40.622109,541,56.374143,1,1,1.000000,1,1,-0.000308,-0.158965,0.003248,0.000058,0.000000,0.009242,0.000000,0.221811
634,148.833780,284,102.269703,7,7,1.000000,1,1,-0.000308,-0.033451,0.021500,-0.001399,0.000000,0.123239,-0.008055,0.422535
635,146.978420,464,62.527140,4,4,1.000000,1,1,-0.000309,0.000000,0.017175,0.001972,0.000000,0.043103,-0.003798,0.258621
636,181.011497,429,67.965946,7,7,1.000000,1,1,-0.000306,0.000000,0.065869,0.004074,0.000000,0.081585,-0.009003,0.279720
637,138.483918,387,74.983740,3,3,1.000000,1,1,-0.000307,0.000000,0.007049,0.003327,0.000000,0.038760,-0.001066,0.310078
638,127.321924,220,129.426075,4,4,1.000000,1,1,-0.000308,-0.093182,0.038385,0.001227,0.000000,0.090909,-0.003750,0.545455
639,137.273560,40,774.702835,5,5,1.000000,1,1,-0.000305,-0.262500,0.055706,0.024250,0.000000,0.625000,-0.010313,3.000000
640,-122.701273,662,6.356323,5,6,0.833333,0,1,-0.000302,-0.221299,0.020059,0.000823,-0.007553,0.037764,-0.014841,0.000000
641,122.319645,51,538.405758,1,1,1.000000,1,1,-0.000308,-0.073529,0.006171,0.015110,0.000000,0.098039,0.000000,2.352941
642,160.795336,206,140.631533,7,7,1.000000,1,1,-0.000305,-0.018204,0.050644,0.002187,0.000000,0.169903,-0.006189,0.582524
643,135.265319,67,399.610197,3,3,1.000000,1,1,-0.000312,0.000000,0.007878,0.001991,0.000000,0.223881,-0.005597,1.791045
644,1.778145,662,6.334774,5,6,0.833333,0,1,-0.000302,-0.112538,0.086594,0.000420,-0.007553,0.037764,-0.001699,0.000000
645,79.535478,162,178.380600,4,4,1.000000,1,1,-0.000303,-0.391975,0.013530,0.010372,0.000000,0.123457,-0.004861,0.740741
646,84.661129,427,71.291215,6,6,1.000000,1,1,-0.000306,-0.168618,0.022497,0.001840,0.000000,0.070258,-0.008431,0.281030
647,112.895014,599,51.916312,8,8,1.000000,1,1,-0.000306,-0.146912,0.073328,0.001135,0.000000,0.066778,-0.005885,0.200334
648,132.456869,329,86.056636,5,5,1.000000,1,1,-0.000306,-0.110182,0.075876,0.001047,0.000000,0.075988,-0.004559,0.364742
649,106.884569,362,83.382980,6,6,1.000000,1,1,-0.000304,-0.132597,0.019184,0.003315,0.000000,0.082873,-0.008702,0.331492
650,123.218177,45,609.011646,2,2,1.000000,1,1,-0.000309,-0.183333,0.025364,0.008404,0.000000,0.222222,-0.000833,2.666667
651,133.389955,351,80.521056,4,4,1.000000,1,1,-0.000307,-0.043447,0.030371,0.004381,0.000000,0.056980,-0.009829,0.341880
652,16.240412,661,3.455190,3,4,0.750000,0,1,-0.000303,-0.024962,0.045268,-0.000407,-0.007564,0.022693,-0.010155,0.000000
653,-38.311541,660,4.021895,3,4,0.750000,0,1,-0.000303,-0.076136,0.013597,0.000382,-0.007576,0.022727,-0.010739,0.000000
654,90.286955,398,70.732735,3,3,1.000000,1,1,-0.000305,-0.127513,0.017984,0.000128,0.000000,0.037688,-0.002638,0.301508
655,147.716492,469,60.880215,4,4,1.000000,1,1,-0.000309,0.000000,0.017723,0.002317,0.000000,0.042644,-0.003278,0.255864
656,112.083442,510,60.228894,5,5,1.000000,1,1,-0.000309,-0.089706,0.023382,0.005032,0.000000,0.049020,-0.002941,0.235294
657,146.483285,319,88.416948,5,5,1.000000,1,1,-0.000305,-0.045455,0.057257,0.002909,0.000000,0.078370,-0.009757,0.376176
658,-16.295236,665,4.342437,4,5,0.800000,0,1,-0.000301,-0.111278,0.066396,0.000604,-0.007519,0.030075,-0.002481,0.000000
659,128.848110,458,67.278886,6,6,1.000000,1,1,-0.000304,-0.128275,0.081712,0.003140,0.000000,0.065502,-0.002456,0.262009
660,-42.231817,667,3.437396,3,5,0.600000,0,1,-0.000300,-0.084708,0.007790,0.000146,-0.007496,0.022489,-0.001237,0.000000
661,142.108889,129,228.922917,5,5,1.000000,1,1,-0.000300,-0.036822,0.008903,0.010167,0.000000,0.193798,-0.004360,0.930233
662,143.793766,517,54.003580,3,3,1.000000,1,1,-0.000302,-0.024178,0.041408,0.001750,0.000000,0.029014,-0.001668,0.232108
663,-36.932311,662,2.538186,3,4,0.750000,0,1,-0.000302,-0.100831,0.035995,0.001097,-0.007553,0.022659,-0.006854,0.000000
664,135.968479,225,130.054048,3,3,1.000000,1,1,-0.000299,-0.045556,0.047114,0.003545,0.000000,0.066667,-0.000500,0.533333
665,116.821959,243,117.470991,1,1,1.000000,1,1,-0.000303,-0.036008,0.005344,-0.002687,0.000000,0.020576,0.000000,0.493827
666,5.640362,665,2.531109,4,7,0.571429,0,1,-0.000301,-0.034211,0.023024,-0.000388,-0.007519,0.030075,-0.002199,0.000000
667,114.354759,249,114.627232,2,2,1.000000,1,1,-0.000303,-0.063253,0.001802,-0.000928,0.000000,0.040161,-0.000151,0.481928
668,103.449227,454,65.259319,5,5,1.000000,1,1,-0.000305,-0.104626,0.018362,0.003555,0.000000,0.055066,-0.008508,0.264317
669,-3.508341,671,3.312654,5,6,0.833333,0,1,-0.000298,-0.045827,0.013403,0.001152,-0.007452,0.037258,-0.003465,0.000000
670,134.263430,532,55.877231,6,6,1.000000,1,1,-0.000304,-0.057331,0.033213,0.003583,0.000000,0.056391,-0.008741,0.225564
671,134.181485,436,65.763687,3,3,1.000000,1,1,-0.000302,-0.047592,0.043577,0.003902,0.000000,0.034404,-0.001462,0.275229
672,101.535424,361,78.519870,3,3,1.000000,1,1,-0.000301,-0.101108,0.009551,0.001028,0.000000,0.041551,-0.001870,0.332410
673,138.896398,69,429.472645,3,3,1.000000,1,1,-0.000303,0.000000,0.050072,0.008331,0.000000,0.217391,-0.001630,1.739130
674,19.588268,672,2.130240,3,4,0.750000,0,1,-0.000298,-0.011533,0.032004,0.000289,-0.007440,0.022321,-0.006194,0.000000
675,46.964456,672,1.306206,2,4,0.500000,0,1,-0.000298,0.000000,0.061846,0.001568,-0.007440,0.014881,-0.000670,0.000000
676,-3.249099,674,2.287746,4,5,0.800000,0,1,-0.000297,-0.054154,0.033555,0.000608,-0.007418,0.029674,-0.006788,0.000000
677,142.504766,567,49.971700,3,3,1.000000,1,1,-0.000304,0.000000,0.013678,0.001184,0.000000,0.026455,-0.001323,0.211640
678,27.717103,674,2.411626,5,7,0.714286,0,1,-0.000297,-0.023368,0.039917,-0.001576,-0.007418,0.037092,-0.003227,0.000000
679,92.728536,656,45.794384,2,2,1.000000,1,1,-0.000301,-0.069741,0.013721,0.000076,0.000000,0.015244,-0.000572,0.182927
680,121.677595,286,100.034816,1,1,1.000000,1,1,-0.000301,-0.012238,0.002945,-0.002023,0.000000,0.017483,0.000000,0.419580
681,136.579084,185,159.975155,6,6,1.000000,1,1,-0.000300,-0.098649,0.025599,0.010736,0.000000,0.162162,-0.009932,0.648649
682,85.650100,674,2.217005,6,7,0.857143,0,1,-0.000297,0.000000,0.096122,0.001504,-0.007418,0.044510,-0.007344,0.000000
683,-63.310648,670,5.405352,7,8,0.875000,0,1,-0.000299,-0.188806,0.054508,0.003442,-0.007463,0.052239,-0.008116,0.000000
684,114.173506,143,200.974377,2,2,1.000000,1,1,-0.000302,-0.108392,0.000900,-0.001832,0.000000,0.069930,-0.001049,0.839161
685,123.862189,117,241.006973,2,2,1.000000,1,1,-0.000304,-0.076923,0.020359,0.006331,0.000000,0.085470,-0.001923,1.025641
686,144.315253,537,55.395435,7,7,1.000000,1,1,-0.000302,-0.024674,0.008170,0.001379,0.000000,0.065177,-0.004469,0.223464
687,81.587024,677,2.251292,6,7,0.857143,0,1,-0.000295,0.000000,0.087451,0.001525,-0.007386,0.044313,-0.005096,0.000000
688,95.105514,294,99.058537,2,2,1.000000,1,1,-0.000302,-0.130952,0.015248,-0.002299,0.000000,0.034014,-0.000383,0.408163
689,61.523219,308,98.685990,5,5,1.000000,1,1,-0.000302,-0.288961,0.019998,0.002498,0.000000,0.081169,-0.004261,0.389610
690,145.319885,267,107.377266,4,4,1.000000,1,1,-0.000303,-0.010300,0.028677,0.004800,0.000000,0.074906,-0.002949,0.449438
691,125.173390,562,52.701375,6,6,1.000000,1,1,-0.000305,-0.066281,0.024728,0.001152,0.000000,0.053381,-0.003470,0.213523
692,163.737355,541,55.586253,8,8,1.000000,1,1,-0.000303,-0.010166,0.018006,0.003669,0.000000,0.073937,-0.004298,0.221811
693,127.206810,243,116.266828,3,3,1.000000,1,1,-0.000303,-0.024691,0.016619,0.001459,0.000000,0.061728,-0.025154,0.493827
694,165.779749,548,54.405071,8,8,1.000000,1,1,-0.000304,-0.000912,0.014877,0.002361,0.000000,0.072993,-0.005474,0.218978
695,102.369000,303,95.056132,2,2,1.000000,1,1,-0.000303,-0.109736,0.017799,0.002162,0.000000,0.033003,-0.001114,0.396040
696,102.251449,602,49.174685,2,2,1.000000,1,1,-0.000305,-0.051080,0.004777,0.001511,0.000000,0.016611,-0.000997,0.199336
697,17.634552,675,2.099340,3,4,0.750000,0,1,-0.000296,0.000000,0.012222,0.001829,-0.007407,0.022222,-0.002444,0.000000
698,84.086185,410,73.500330,5,5,1.000000,1,1,-0.000303,-0.157317,0.009345,0.001351,0.000000,0.060976,-0.001646,0.292683
699,132.532454,372,78.097896,4,4,1.000000,1,1,-0.000301,-0.018817,0.011024,0.002033,0.000000,0.053763,-0.014012,0.322581
700,124.632809,426,69.603312,5,5,1.000000,1,1,-0.000304,-0.068075,0.036600,0.005536,0.000000,0.058685,-0.021567,0.281690
701,-0.344727,674,2.361800,4,5,0.800000,0,1,-0.000297,-0.026335,0.007567,0.001306,-0.007418,0.029674,-0.005007,0.000000
702,158.630025,468,62.979323,5,5,1.000000,1,1,-0.000304,-0.004274,0.047774,0.008363,0.000000,0.053419,-0.022436,0.256410
703,15.636459,672,2.562758,6,7,0.857143,0,1,-0.000298,-0.017485,0.006883,0.001319,-0.007440,0.044643,-0.004353,0.000000
704,138.984094,332,93.669921,7,7,1.000000,1,1,-0.000303,-0.055723,0.009687,0.000245,0.000000,0.105422,-0.002146,0.361446
705,4.160693,293,112.629763,6,6,1.000000,1,1,-0.000302,-0.470137,0.019256,0.006423,0.000000,0.102389,-0.052986,0.409556
706,-31.476854,413,77.750899,6,6,1.000000,1,1,-0.000304,-0.434019,0.036106,0.004115,0.000000,0.072639,-0.045309,0.290557
707,127.206701,115,245.615337,2,2,1.000000,1,1,-0.000304,-0.032609,0.008820,0.001760,0.000000,0.086957,-0.001957,1.043478
708,5.685850,669,1.425927,1,2,0.500000,0,1,-0.000299,-0.024664,0.031777,0.002694,-0.007474,0.007474,-0.001009,0.000000
709,103.823041,534,54.951072,2,2,1.000000,1,1,-0.000304,-0.074438,0.025468,0.001026,0.000000,0.018727,-0.000772,0.224719
710,135.937464,162,179.209316,4,4,1.000000,1,1,-0.000300,-0.046296,0.011514,0.011162,0.000000,0.123457,-0.001157,0.740741
711,-45.948342,668,4.620780,6,8,0.750000,0,1,-0.000299,-0.143713,0.045157,0.001178,-0.007485,0.044910,-0.008533,0.000000
712,132.524006,330,89.223208,6,6,1.000000,1,1,-0.000302,-0.062121,0.013111,0.002832,0.000000,0.090909,-0.006477,0.363636
713,116.232357,393,72.621658,1,1,1.000000,1,1,-0.000301,-0.029262,0.005560,0.001694,0.000000,0.012723,0.000000,0.305344
714,36.001497,672,2.542340,7,8,0.875000,0,1,-0.000298,-0.015253,0.032177,0.000899,-0.007440,0.052083,-0.008594,0.000000
715,122.796014,129,219.328359,1,1,1.000000,1,1,-0.000301,-0.017442,0.000620,0.000037,0.000000,0.038760,0.000000,0.930233
716,182.081195,390,77.072643,6,6,1.000000,1,1,-0.000301,0.000000,0.083829,0.002193,0.000000,0.076923,-0.003462,0.307692
717,89.207306,405,71.593110,1,1,1.000000,1,1,-0.000302,-0.093827,0.002469,0.003283,0.000000,0.012346,0.000000,0.296296
718,101.374960,473,65.107822,8,8,1.000000,1,1,-0.000303,-0.167548,0.047866,0.002860,0.000000,0.084567,-0.006818,0.253700
719,153.554700,508,56.725185,8,8,1.000000,1,1,-0.000303,-0.039862,0.040315,0.001779,0.000000,0.078740,-0.014616,0.236220
720,-3.854316,673,4.847382,7,8,0.875000,0,1,-0.000297,-0.073923,0.040772,0.003538,-0.007429,0.052006,-0.020394,0.000000
721,214.333722,657,46.531265,8,8,1.000000,1,1,-0.000302,0.000000,0.095123,0.004945,0.000000,0.060883,-0.017066,0.182648
722,171.622341,509,58.897723,6,6,1.000000,1,1,-0.000305,0.000000,0.041545,0.003008,0.000000,0.058939,-0.001768,0.235756
723,95.393433,340,84.115328,3,3,1.000000,1,1,-0.000301,-0.130882,0.017069,0.001705,0.000000,0.044118,-0.004081,0.352941
724,61.814230,461,62.960779,2,2,1.000000,1,1,-0.000303,-0.154555,0.004625,0.003057,0.000000,0.021692,-0.000732,0.260304
725,68.371091,413,69.729456,1,1,1.000000,1,1,-0.000302,-0.144068,0.005718,0.001536,0.000000,0.012107,0.000000,0.290557
726,150.455374,127,238.257777,6,6,1.000000,1,1,-0.000300,-0.120079,0.116862,0.010646,0.000000,0.236220,-0.003543,0.944882
727,148.485396,376,77.126918,6,6,1.000000,1,1,-0.000303,-0.034574,0.033206,0.003826,0.000000,0.079787,-0.006184,0.319149
728,26.004762,666,3.114983,5,6,0.833333,0,1,-0.000300,0.000000,0.016573,0.000908,-0.007508,0.037538,-0.008164,0.000000
729,10.570643,673,3.563406,5,6,0.833333,0,1,-0.000297,-0.028232,0.019148,0.000719,-0.007429,0.037147,-0.005349,0.000000
730,148.680577,145,198.654855,5,5,1.000000,1,1,-0.000301,0.000000,0.029234,0.003951,0.000000,0.172414,-0.007500,0.827586
731,9.449122,672,1.970535,2,4,0.500000,0,1,-0.000298,-0.005208,0.014074,-0.001222,-0.007440,0.014881,-0.000725,0.000000
732,117.609063,72,395.973650,1,1,1.000000,1,1,-0.000305,-0.100694,0.000721,-0.002374,0.000000,0.069444,0.000000,1.666667
733,125.426879,81,340.297628,3,3,1.000000,1,1,-0.000308,-0.132716,0.007680,0.010862,0.000000,0.185185,-0.003704,1.481481
734,-32.952801,659,2.717581,1,2,0.500000,0,1,-0.000303,-0.051973,0.004316,-0.001816,-0.007587,0.007587,-0.000228,0.000000
735,7.064650,657,4.133380,7,8,0.875000,0,1,-0.000304,-0.072679,0.047947,0.000972,-0.007610,0.053272,-0.010845,0.000000
736,103.494300,468,60.137727,6,6,1.000000,1,1,-0.000307,-0.141026,0.045661,0.003833,0.000000,0.064103,-0.007532,0.256410
737,173.113768,415,70.082037,6,6,1.000000,1,1,-0.000306,0.000000,0.059115,0.002851,0.000000,0.072289,-0.005964,0.289157
738,148.112001,461,62.816046,8,8,1.000000,1,1,-0.000307,-0.052061,0.036226,0.002718,0.000000,0.086768,-0.012364,0.260304
739,115.737179,401,66.845154,1,1,1.000000,1,1,-0.000306,-0.024938,0.004392,-0.002248,0.000000,0.012469,0.000000,0.299252
740,175.555700,497,58.337212,6,6,1.000000,1,1,-0.000307,0.000000,0.053720,0.002836,0.000000,0.060362,-0.004829,0.241449
741,107.721195,394,72.618803,3,3,1.000000,1,1,-0.000304,-0.085660,0.019054,-0.000231,0.000000,0.038071,-0.002094,0.304569
742,36.541202,656,3.063722,7,8,0.875000,0,1,-0.000305,-0.019817,0.038673,0.000052,-0.007622,0.053354,-0.008632,0.000000
743,159.961949,288,103.700899,8,8,1.000000,1,1,-0.000305,-0.023438,0.024329,0.002016,0.000000,0.138889,-0.002734,0.416667
744,-1.521160,399,80.781167,4,4,1.000000,1,1,-0.000306,-0.387845,0.031196,0.005178,0.000000,0.050125,-0.002914,0.300752
745,124.312756,8,3203.606827,1,1,1.000000,1,1,-0.000306,-0.125000,0.009247,0.030154,0.000000,0.625000,0.000000,15.000000
746,124.550854,18,1536.194237,1,1,1.000000,1,1,-0.000297,-0.069444,0.000985,0.043804,0.000000,0.277778,0.000000,6.666667
747,33.481459,663,5.340249,5,6,0.833333,0,1,-0.000302,-0.105958,0.128099,0.001040,-0.007541,0.037707,-0.002545,0.000000
748,121.067261,512,56.393634,4,4,1.000000,1,1,-0.000307,-0.069336,0.033751,0.002503,0.000000,0.039062,-0.003589,0.234375
749,128.994714,413,69.332269,6,6,1.000000,1,1,-0.000306,-0.103511,0.053924,0.004480,0.000000,0.072639,-0.005448,0.290557
750,47.459908,663,1.900262,3,4,0.750000,0,1,-0.000302,0.000000,0.063307,-0.001640,-0.007541,0.022624,-0.004864,0.000000
751,160.018281,405,72.630070,7,7,1.000000,1,1,-0.000306,-0.003086,0.023215,0.005994,0.000000,0.086420,-0.013426,0.296296
752,-27.142106,668,2.828083,2,3,0.666667,0,1,-0.000299,-0.056138,0.011755,0.000102,-0.007485,0.014970,-0.003537,0.000000
753,128.141831,519,55.088678,6,6,1.000000,1,1,-0.000304,-0.058285,0.018491,0.000656,0.000000,0.057803,-0.002673,0.231214
754,119.065088,482,60.477664,3,3,1.000000,1,1,-0.000304,-0.070021,0.040076,0.005280,0.000000,0.031120,-0.008091,0.248963
755,129.305652,463,62.602045,6,6,1.000000,1,1,-0.000301,-0.061555,0.026435,0.002226,0.000000,0.064795,-0.011501,0.259179
756,119.236404,110,251.908286,1,1,1.000000,1,1,-0.000300,-0.045455,0.005219,-0.011861,0.000000,0.045455,0.000000,1.090909
757,125.005870,112,257.357922,2,2,1.000000,1,1,-0.000302,-0.042411,0.002261,-0.003803,0.000000,0.089286,-0.000335,1.071429
758,-13.076026,679,4.374737,7,8,0.875000,0,1,-0.000295,-0.118189,0.060514,0.001156,-0.007364,0.051546,-0.006627,0.000000
759,160.894462,137,228.826843,8,8,1.000000,1,1,-0.000300,-0.029197,0.044876,0.006205,0.000000,0.291971,-0.015055,0.875912
760,-8.521865,678,3.308731,4,5,0.800000,0,1,-0.000295,-0.093289,0.063598,-0.001555,-0.007375,0.029499,-0.003153,0.000000
761,116.093280,536,54.052048,4,4,1.000000,1,1,-0.000303,-0.056903,0.013629,0.003102,0.000000,0.037313,-0.004128,0.223881
762,-26.464190,680,2.367452,1,2,0.500000,0,1,-0.000294,-0.044118,0.006217,-0.000502,-0.007353,0.007353,-0.000221,0.000000
763,138.550187,504,55.453584,3,3,1.000000,1,1,-0.000304,0.000000,0.012042,0.002077,0.000000,0.029762,-0.006771,0.238095
764,86.976916,418,71.603490,8,8,1.000000,1,1,-0.000301,-0.202751,0.028130,0.004801,0.000000,0.095694,-0.004575,0.287081
765,27.818989,677,2.538425,6,7,0.857143,0,1,-0.000295,0.000000,0.009976,0.000411,-0.007386,0.044313,-0.005927,0.000000
766,133.817969,243,117.881710,4,4,1.000000,1,1,-0.000297,-0.054527,0.025692,0.006470,0.000000,0.082305,-0.002778,0.493827
767,141.305441,242,119.696374,5,5,1.000000,1,1,-0.000299,-0.067149,0.047516,0.007144,0.000000,0.103306,-0.002479,0.495868
768,155.604475,478,62.722353,7,7,1.000000,1,1,-0.000302,-0.018828,0.020543,0.003618,0.000000,0.073222,-0.003766,0.251046
769,125.747684,545,52.153248,6,6,1.000000,1,1,-0.000303,-0.059174,0.017376,0.001042,0.000000,0.055046,-0.003440,0.220183
770,55.975835,675,2.681838,6,7,0.857143,0,1,-0.000296,0.000000,0.050835,0.004741,-0.007407,0.044444,-0.009389,0.000000
771,77.372130,568,53.227610,3,3,1.000000,1,1,-0.000304,-0.131162,0.035164,0.004615,0.000000,0.026408,-0.009771,0.211268
772,-68.369406,677,3.271249,1,2,0.500000,0,1,-0.000295,-0.135894,0.041949,-0.000656,-0.007386,0.007386,-0.006093,0.000000
773,106.056619,555,49.806018,1,1,1.000000,1,1,-0.000303,-0.032432,0.000467,-0.001864,0.000000,0.009009,0.000000,0.216216
774,96.074767,266,108.188352,3,3,1.000000,1,1,-0.000301,-0.170113,0.042342,0.000769,0.000000,0.056391,-0.019032,0.451128
775,121.030674,443,63.913925,2,2,1.000000,1,1,-0.000302,-0.033296,0.011358,0.002332,0.000000,0.022573,-0.000339,0.270880
776,160.356813,307,96.507902,7,7,1.000000,1,1,-0.000302,0.000000,0.015675,0.006352,0.000000,0.114007,-0.004275,0.390879
777,137.718261,519,54.480054,3,3,1.000000,1,1,-0.000304,0.000000,0.004332,0.002437,0.000000,0.028902,-0.001228,0.231214
778,112.430538,288,100.145317,2,2,1.000000,1,1,-0.000304,-0.068576,0.008498,-0.000231,0.000000,0.034722,-0.000391,0.416667
779,54.127058,354,88.335937,6,6,1.000000,1,1,-0.000304,-0.295904,0.031863,0.002945,0.000000,0.084746,-0.009428,0.338983
780,130.438291,198,148.363166,2,2,1.000000,1,1,-0.000304,-0.026515,0.027609,0.001802,0.000000,0.050505,-0.000379,0.606061
781,178.106580,297,94.630750,4,4,1.000000,1,1,-0.000302,0.000000,0.139754,0.004005,0.000000,0.067340,-0.015152,0.404040
782,1.998872,624,55.774808,5,5,1.000000,1,1,-0.000301,-0.244792,0.017341,0.001408,0.000000,0.040064,-0.002825,0.192308
783,-29.865749,663,4.277720,1,2,0.500000,0,1,-0.000302,-0.047511,0.003418,0.000253,-0.007541,0.007541,-0.000905,0.000000
784,152.867294,219,130.728025,7,7,1.000000,1,1,-0.000305,-0.013699,0.004338,0.004722,0.000000,0.159817,-0.004795,0.547945
785,118.680905,283,97.066675,1,1,1.000000,1,1,-0.000304,-0.017668,0.001659,-0.006016,0.000000,0.017668,0.000000,0.424028
786,122.135618,223,124.229601,1,1,1.000000,1,1,-0.000307,-0.006726,0.000000,-0.005811,0.000000,0.022422,0.000000,0.538117
787,78.616933,244,118.544848,3,3,1.000000,1,1,-0.000304,-0.234631,0.002393,0.003923,0.000000,0.061475,-0.002459,0.491803
788,10.352091,663,6.172449,7,8,0.875000,0,1,-0.000302,-0.048643,0.018684,0.003792,-0.007541,0.052790,-0.003167,0.000000
789,-16.035145,666,7.625154,5,6,0.833333,0,1,-0.000300,-0.124625,0.074454,-0.000821,-0.007508,0.037538,-0.002815,0.000000
790,-37.347908,670,7.703319,6,8,0.750000,0,1,-0.000299,-0.141418,0.056357,0.002154,-0.007463,0.044776,-0.009851,0.000000
791,155.158210,458,63.883583,7,7,1.000000,1,1,-0.000304,-0.008734,0.011767,0.004903,0.000000,0.076419,-0.007287,0.262009
792,135.283544,568,51.062773,5,5,1.000000,1,1,-0.000304,-0.073063,0.055295,0.002814,0.000000,0.044014,-0.001849,0.211268
793,117.255716,516,57.084052,8,8,1.000000,1,1,-0.000303,-0.106589,0.023295,0.005628,0.000000,0.077519,-0.004869,0.232558
794,131.569281,429,65.360072,3,3,1.000000,1,1,-0.000305,-0.008159,0.008786,0.000334,0.000000,0.034965,-0.008654,0.279720
795,7.835698,672,4.650843,7,8,0.875000,0,1,-0.000298,-0.051339,0.023272,0.000237,-0.007440,0.052083,-0.004855,0.000000
796,119.346913,64,447.557213,1,1,1.000000,1,1,-0.000302,-0.101562,0.005463,0.008073,0.000000,0.078125,0.000000,1.875000
797,118.689797,330,87.723186,3,3,1.000000,1,1,-0.000303,-0.055303,0.006713,0.004809,0.000000,0.045455,-0.005341,0.363636
798,-11.770675,677,2.544307,2,4,0.500000,0,1,-0.000295,-0.035081,0.011681,-0.000744,-0.007386,0.014771,-0.000332,0.000000
799,94.861854,305,92.846467,3,3,1.000000,1,1,-0.000301,-0.134426,0.001580,0.001915,0.000000,0.049180,-0.000369,0.393443
800,-27.950841,675,3.513362,4,5,0.800000,0,1,-0.000296,-0.074444,0.012540,-0.000097,-0.007407,0.029630,-0.001333,0.000000
801,142.916795,517,56.907877,7,7,1.000000,1,1,-0.000302,-0.060928,0.039329,0.004768,0.000000,0.067698,-0.006238,0.232108
802,126.695553,48,605.716770,1,1,1.000000,1,1,-0.000304,-0.020833,0.007098,0.049364,0.000000,0.104167,0.000000,2.500000
803,-22.209621,674,2.411372,2,3,0.666667,0,1,-0.000297,-0.054896,0.016205,0.002457,-0.007418,0.014837,-0.003839,0.000000
804,39.884812,678,4.245100,5,6,0.833333,0,1,-0.000295,-0.063791,0.093351,0.000948,-0.007375,0.036873,-0.000885,0.000000
805,128.040922,441,65.210227,5,5,1.000000,1,1,-0.000300,-0.082766,0.046273,0.000633,0.000000,0.056689,-0.002296,0.272109
806,139.578162,486,57.954683,4,4,1.000000,1,1,-0.000300,-0.007716,0.021228,0.004824,0.000000,0.041152,-0.018904,0.246914
807,122.839144,7,3628.749817,1,1,1.000000,1,1,-0.000313,-0.392857,0.009192,0.075284,0.000000,0.714286,0.000000,17.142857
808,124.057134,415,70.901029,6,6,1.000000,1,1,-0.000301,-0.111446,0.049018,0.001480,0.000000,0.072289,-0.001265,0.289157
809,139.109454,474,59.093674,3,3,1.000000,1,1,-0.000299,0.000000,0.007334,0.004879,0.000000,0.031646,-0.003244,0.253165
810,121.314066,247,115.612049,2,2,1.000000,1,1,-0.000299,-0.039474,0.003525,0.001233,0.000000,0.040486,-0.000152,0.485830
811,110.333971,378,77.736944,6,6,1.000000,1,1,-0.000302,-0.119709,0.016326,0.002221,0.000000,0.079365,-0.003472,0.317460
812,156.499955,437,67.134691,6,6,1.000000,1,1,-0.000298,0.000000,0.018501,0.000705,0.000000,0.068650,-0.004033,0.274600
813,140.334209,515,52.275357,3,3,1.000000,1,1,-0.000301,0.000000,0.011184,0.000275,0.000000,0.029126,-0.000801,0.233010
814,130.995942,364,75.277987,3,3,1.000000,1,1,-0.000299,-0.028159,0.017583,0.003894,0.000000,0.041209,-0.004018,0.329670
815,25.474707,685,4.893934,6,7,0.857143,0,1,-0.000292,-0.005109,0.006850,0.003679,-0.007299,0.043796,-0.004434,0.000000
816,126.433710,278,111.612309,6,6,1.000000,1,1,-0.000297,-0.103417,0.021366,0.000411,0.000000,0.107914,-0.002833,0.431655
817,30.633628,685,5.008747,6,8,0.750000,0,1,-0.000292,-0.008759,0.020851,0.000257,-0.007299,0.043796,-0.003832,0.000000
818,147.060605,445,61.323571,4,4,1.000000,1,1,-0.000298,-0.005618,0.020975,0.002072,0.000000,0.044944,-0.001264,0.269663
819,118.530891,310,88.522752,1,1,1.000000,1,1,-0.000297,-0.026613,0.001909,0.004133,0.000000,0.016129,0.000000,0.387097
820,142.897110,338,79.765759,2,2,1.000000,1,1,-0.000298,-0.005917,0.046091,-0.001386,0.000000,0.029586,-0.000333,0.355030
821,159.980353,387,72.326509,6,6,1.000000,1,1,-0.000299,-0.041990,0.065268,0.006007,0.000000,0.077519,-0.003198,0.310078
822,108.943918,515,60.051432,3,3,1.000000,1,1,-0.000301,-0.062136,0.011372,0.000763,0.000000,0.029126,-0.000291,0.233010
823,87.970363,298,93.853080,1,1,1.000000,1,1,-0.000300,-0.119128,0.001073,-0.005906,0.000000,0.016779,0.000000,0.402685
824,140.908277,263,107.545694,6,6,1.000000,1,1,-0.000303,-0.093156,0.068219,0.004359,0.000000,0.114068,-0.013688,0.456274
825,136.062703,351,77.703053,4,4,1.000000,1,1,-0.000298,-0.022080,0.015513,0.000669,0.000000,0.056980,-0.005021,0.341880
826,137.088398,322,82.742016,3,3,1.000000,1,1,-0.000299,0.000000,0.007964,0.001499,0.000000,0.046584,-0.002679,0.372671
827,99.486188,297,92.097193,1,1,1.000000,1,1,-0.000300,-0.085017,0.001516,-0.002104,0.000000,0.016835,0.000000,0.404040
828,93.990976,543,56.795474,3,3,1.000000,1,1,-0.000300,-0.087477,0.011935,0.001493,0.000000,0.027624,-0.001174,0.220994
829,-47.709224,686,8.473987,0,2,0.000000,0,0,-0.000292,-0.073980,0.012123,-0.000110,-0.007289,0.000000,0.000000,0.000000
830,-29.895039,686,10.402698,5,6,0.833333,0,1,-0.000292,-0.080904,0.010015,0.001563,-0.007289,0.036443,-0.003116,0.000000
831,76.885665,520,55.887635,6,6,1.000000,1,1,-0.000302,-0.164423,0.033515,0.002360,0.000000,0.057692,-0.011755,0.230769
832,100.139522,499,57.346556,6,6,1.000000,1,1,-0.000299,-0.106212,0.009261,0.001989,0.000000,0.060120,-0.004659,0.240481
833,147.795055,410,68.444303,6,6,1.000000,1,1,-0.000299,-0.085366,0.084338,0.000888,0.000000,0.073171,-0.004939,0.292683
834,130.615055,120,240.667997,2,2,1.000000,1,1,-0.000299,-0.010417,0.012956,0.003510,0.000000,0.083333,-0.000625,1.000000
835,-10.200187,679,4.645086,4,5,0.800000,0,1,-0.000295,-0.071797,0.036458,0.000122,-0.007364,0.029455,-0.001602,0.000000
836,166.790630,432,70.732730,6,6,1.000000,1,1,-0.000298,0.000000,0.037382,0.003607,0.000000,0.069444,-0.001823,0.277778
837,122.401199,440,62.032748,2,2,1.000000,1,1,-0.000298,-0.025000,0.003747,0.006327,0.000000,0.022727,-0.002045,0.272727
838,60.617391,685,4.095876,5,6,0.833333,0,1,-0.000292,0.000000,0.060431,0.001182,-0.007299,0.036496,-0.002026,0.000000
839,121.213620,22,1319.917564,2,2,1.000000,1,1,-0.000302,-0.488636,0.078327,0.012935,0.000000,0.454545,-0.001705,5.454545
840,175.820294,408,73.888423,7,7,1.000000,1,1,-0.000299,-0.003676,0.057222,0.000357,0.000000,0.085784,-0.002574,0.294118
841,-8.871436,678,5.377514,5,6,0.833333,0,1,-0.000295,-0.165192,0.123778,0.003772,-0.007375,0.036873,-0.004646,0.000000
842,-77.233671,680,5.825327,4,8,0.500000,0,1,-0.000294,-0.153309,0.024114,0.001737,-0.007353,0.029412,-0.007886,0.000000
843,87.826471,573,51.263429,1,1,1.000000,1,1,-0.000297,-0.065445,0.002486,-0.001620,0.000000,0.008726,0.000000,0.209424
844,107.071646,527,53.576953,2,2,1.000000,1,1,-0.000299,-0.047913,0.003598,0.001604,0.000000,0.018975,-0.000498,0.227704
845,138.416925,167,175.020636,3,3,1.000000,1,1,-0.000296,0.000000,0.021686,0.000867,0.000000,0.089820,-0.001796,0.718563
846,-8.077924,680,2.273839,2,3,0.666667,0,1,-0.000294,-0.019485,0.004157,-0.000466,-0.007353,0.014706,-0.003143,0.000000
847,44.347326,682,2.831668,6,7,0.857143,0,1,-0.000293,0.000000,0.038902,0.000922,-0.007331,0.043988,-0.011162,0.000000
848,14.170198,684,1.579585,2,4,0.500000,0,1,-0.000292,0.000000,0.014040,-0.000012,-0.007310,0.014620,-0.000329,0.000000
849,-266.044761,683,11.298253,4,6,0.666667,0,1,-0.000293,-0.385066,0.011995,0.001354,-0.007321,0.029283,-0.039477,0.000000
850,15.262682,686,1.002072,2,4,0.500000,0,1,-0.000292,0.000000,0.016019,-0.000275,-0.007289,0.014577,-0.000492,0.000000
851,20.683993,684,1.662094,4,6,0.666667,0,1,-0.000292,-0.036184,0.052469,0.000870,-0.007310,0.029240,-0.008553,0.000000
852,-4.734918,688,1.811574,4,6,0.666667,0,1,-0.000291,-0.035974,0.020476,0.000622,-0.007267,0.029070,-0.013517,0.000000
853,-39.601920,684,2.499692,4,5,0.800000,0,1,-0.000292,-0.086257,0.008483,0.000652,-0.007310,0.029240,-0.002412,0.000000
854,152.644641,631,50.334256,8,8,1.000000,1,1,-0.000298,-0.059826,0.045610,0.004045,0.000000,0.063391,-0.001189,0.190174
855,-58.848720,680,2.353251,3,6,0.500000,0,1,-0.000294,-0.108824,0.013663,-0.001492,-0.007353,0.022059,-0.004301,0.000000
856,133.364223,25,1210.693405,3,3,1.000000,1,1,-0.000302,-0.070000,0.012526,0.002845,0.000000,0.600000,-0.010500,4.800000
857,33.376341,689,1.819280,6,7,0.857143,0,1,-0.000290,-0.000363,0.031921,0.000156,-0.007257,0.043541,-0.019267,0.000000
858,0.056738,685,2.674476,6,8,0.750000,0,1,-0.000292,-0.060949,0.027656,0.001770,-0.007299,0.043796,-0.004599,0.000000
859,43.261028,688,1.733931,6,7,0.857143,0,1,-0.000291,0.000000,0.035429,0.001215,-0.007267,0.043605,-0.009811,0.000000
860,-1.059197,689,2.304872,4,5,0.800000,0,1,-0.000290,-0.063498,0.039946,0.002003,-0.007257,0.029028,-0.001470,0.000000
861,-91.387301,685,5.330614,4,6,0.666667,0,1,-0.000292,-0.164964,0.011495,0.000750,-0.007299,0.029197,-0.002299,0.000000
862,138.214687,331,89.962546,4,4,1.000000,1,1,-0.000300,-0.021148,0.026230,0.002740,0.000000,0.060423,-0.012915,0.362538
863,-16.816457,680,1.489084,3,4,0.750000,0,1,-0.000294,-0.048897,0.020183,0.000657,-0.007353,0.022059,-0.011085,0.000000
864,160.723076,380,86.022638,7,7,1.000000,1,1,-0.000302,-0.003947,0.022964,0.006017,0.000000,0.092105,-0.009671,0.315789
865,11.061637,684,2.084841,5,6,0.833333,0,1,-0.000292,-0.035453,0.029649,0.000485,-0.007310,0.036550,-0.007456,0.000000
866,110.619454,514,56.951589,2,2,1.000000,1,1,-0.000302,-0.046693,0.007370,0.003452,0.000000,0.019455,-0.001532,0.233463
867,140.410818,258,113.425420,4,4,1.000000,1,1,-0.000303,-0.012597,0.014367,0.005067,0.000000,0.077519,-0.004942,0.465116
868,-37.680560,685,6.434493,6,7,0.857143,0,1,-0.000292,-0.160219,0.088225,0.000490,-0.007299,0.043796,-0.019708,0.000000
869,-46.830094,684,3.553256,5,6,0.833333,0,1,-0.000292,-0.110015,0.020032,-0.000303,-0.007310,0.036550,-0.007127,0.000000
870,-28.364737,687,2.892335,4,6,0.666667,0,1,-0.000291,-0.082969,0.023261,-0.000011,-0.007278,0.029112,-0.003111,0.000000
871,-39.958202,687,2.033348,3,4,0.750000,0,1,-0.000291,-0.108443,0.036890,0.000161,-0.007278,0.021834,-0.001037,0.000000
872,-29.852710,684,1.266943,1,2,0.500000,0,1,-0.000292,-0.048246,0.005476,-0.000527,-0.007310,0.007310,-0.000055,0.000000
873,-10.410214,683,1.037372,2,3,0.666667,0,1,-0.000293,-0.025988,0.004861,0.001109,-0.007321,0.014641,-0.002251,0.000000
874,-38.658917,685,3.275334,6,7,0.857143,0,1,-0.000292,-0.108394,0.017994,0.000113,-0.007299,0.043796,-0.002354,0.000000
875,92.331827,487,63.286191,2,2,1.000000,1,1,-0.000300,-0.145791,0.069327,-0.000276,0.000000,0.020534,-0.000308,0.246407
876,116.267974,149,197.121353,1,1,1.000000,1,1,-0.000299,-0.077181,0.017765,0.001111,0.000000,0.033557,0.000000,0.805369
877,126.067903,488,60.541116,4,4,1.000000,1,1,-0.000302,-0.037398,0.023235,0.002052,0.000000,0.040984,-0.016137,0.245902
878,-6.063349,681,1.531537,3,4,0.750000,0,1,-0.000294,-0.029369,0.007990,-0.000539,-0.007342,0.022026,-0.001377,0.000000
879,165.879895,607,50.119835,7,7,1.000000,1,1,-0.000303,-0.015651,0.053916,0.002017,0.000000,0.057661,-0.022055,0.197694
880,-10.634986,676,1.932666,2,5,0.400000,0,1,-0.000296,-0.059541,0.044527,-0.001051,-0.007396,0.014793,-0.006768,0.000000
881,124.012951,173,167.211132,3,3,1.000000,1,1,-0.000304,-0.070809,0.012499,-0.002293,0.000000,0.086705,-0.002601,0.693642
882,161.746249,580,52.310377,7,7,1.000000,1,1,-0.000303,-0.025862,0.039874,0.001285,0.000000,0.060345,-0.003362,0.206897
883,-5.028712,678,0.993764,2,3,0.666667,0,1,-0.000295,-0.019174,0.006844,-0.001282,-0.007375,0.014749,-0.000885,0.000000
884,-6.324964,614,49.938508,3,3,1.000000,1,1,-0.000302,-0.275244,0.046490,-0.000871,0.000000,0.024430,-0.000244,0.195440
885,1.309279,678,2.336552,5,6,0.833333,0,1,-0.000295,-0.053835,0.038060,0.003049,-0.007375,0.036873,-0.014546,0.000000
886,-42.153753,677,2.412239,5,6,0.833333,0,1,-0.000295,-0.101182,0.014102,-0.001496,-0.007386,0.036928,-0.002936,0.000000
887,149.907874,425,70.768500,5,5,1.000000,1,1,-0.000302,-0.031176,0.041658,0.003574,0.000000,0.058824,-0.002206,0.282353
888,-90.341300,682,2.718628,2,3,0.666667,0,1,-0.000293,-0.151026,0.015225,-0.001008,-0.007331,0.014663,-0.002694,0.000000
889,117.697330,210,139.856909,1,1,1.000000,1,1,-0.000304,-0.047619,0.009427,0.003721,0.000000,0.023810,0.000000,0.571429
890,42.668788,679,1.938093,6,7,0.857143,0,1,-0.000295,0.000000,0.039643,0.002966,-0.007364,0.044183,-0.016292,0.000000
891,131.177310,187,156.269806,4,4,1.000000,1,1,-0.000302,-0.056150,0.011597,0.003090,0.000000,0.106952,-0.005414,0.641711
892,-31.328303,672,1.109813,1,2,0.500000,0,1,-0.000298,-0.049851,0.004334,0.000032,-0.007440,0.007440,-0.000837,0.000000
893,184.045467,480,62.949581,8,8,1.000000,1,1,-0.000301,0.000000,0.059869,0.003183,0.000000,0.083333,-0.012656,0.250000
894,-0.374963,674,0.749694,2,6,0.333333,0,1,-0.000297,-0.021142,0.014646,0.000153,-0.007418,0.014837,-0.001335,0.000000
895,123.850031,8,3280.821899,1,1,1.000000,1,1,-0.000302,-0.187500,0.004516,0.039540,0.000000,0.625000,0.000000,15.000000
896,21.020545,680,0.895780,3,4,0.750000,0,1,-0.000294,0.000000,0.017276,0.000879,-0.007353,0.022059,-0.001654,0.000000
897,24.115984,677,1.612195,5,6,0.833333,0,1,-0.000295,-0.048006,0.059137,0.002112,-0.007386,0.036928,-0.006869,0.000000
898,140.368054,441,66.464404,3,3,1.000000,1,1,-0.000297,0.000000,0.010154,0.003677,0.000000,0.034014,-0.001361,0.272109
899,121.709883,442,65.235912,1,1,1.000000,1,1,-0.000297,-0.007919,0.002015,-0.001243,0.000000,0.011312,0.000000,0.271493
900,-22.907069,679,3.684231,3,6,0.500000,0,1,-0.000295,-0.181885,0.140246,0.000263,-0.007364,0.022091,-0.006793,0.000000
901,124.122296,11,2483.345734,1,1,1.000000,1,1,-0.000285,-0.090909,0.004083,0.007320,0.000000,0.454545,0.000000,10.909091
902,-31.190667,677,2.372498,5,6,0.833333,0,1,-0.000295,-0.084564,0.016100,-0.001316,-0.007386,0.036928,-0.005539,0.000000
903,-7.267253,683,3.512142,5,6,0.833333,0,1,-0.000293,-0.054539,0.016040,0.000462,-0.007321,0.036603,-0.001592,0.000000
904,129.400940,4,5190.086792,2,2,1.000000,1,1,-0.000302,-0.187500,0.021053,0.063859,0.000000,2.500000,-0.046875,30.000000
905,-80.945613,684,2.658320,3,4,0.750000,0,1,-0.000292,-0.161915,0.032254,-0.000431,-0.007310,0.021930,-0.002577,0.000000
906,20.399661,684,0.973961,3,7,0.428571,0,1,-0.000292,0.000000,0.016948,0.000358,-0.007310,0.021930,-0.001809,0.000000
907,-5.024740,686,1.410287,3,5,0.600000,0,1,-0.000292,-0.052478,0.033124,0.000477,-0.007289,0.021866,-0.002733,0.000000
908,-20.599231,682,0.972446,1,2,0.500000,0,1,-0.000293,-0.042155,0.012491,0.000303,-0.007331,0.007331,-0.000550,0.000000
909,-75.338768,685,2.400914,4,6,0.666667,0,1,-0.000292,-0.130657,0.010986,-0.000039,-0.007299,0.029197,-0.011880,0.000000
910,36.761591,687,1.276182,4,8,0.500000,0,1,-0.000291,-0.001092,0.036017,0.000263,-0.007278,0.029112,-0.003221,0.000000
911,20.900984,688,0.965718,3,4,0.750000,0,1,-0.000291,-0.005087,0.022116,0.000469,-0.007267,0.021802,-0.001363,0.000000
912,141.807254,379,83.879459,5,5,1.000000,1,1,-0.000298,-0.021768,0.012058,0.003067,0.000000,0.065963,-0.001484,0.316623
913,14.327435,689,1.797558,4,5,0.800000,0,1,-0.000290,-0.021771,0.025128,0.001726,-0.007257,0.029028,-0.005769,0.000000
914,-133.386482,689,3.338730,1,3,0.333333,0,1,-0.000290,-0.230044,0.041807,-0.001802,-0.007257,0.007257,-0.003266,0.000000
915,34.561190,690,1.568703,5,7,0.714286,0,1,-0.000290,0.000000,0.043663,0.001751,-0.007246,0.036232,-0.024022,0.000000
916,53.032997,689,1.564367,6,7,0.857143,0,1,-0.000290,0.000000,0.042132,0.003145,-0.007257,0.043541,-0.004300,0.000000
917,42.696718,688,1.800575,6,7,0.857143,0,1,-0.000291,0.000000,0.049609,0.002021,-0.007267,0.043605,-0.025618,0.000000
918,21.272804,689,1.888406,5,6,0.833333,0,1,-0.000290,-0.019956,0.024625,-0.000190,-0.007257,0.036284,-0.002340,0.000000
919,105.646110,377,78.338187,3,3,1.000000,1,1,-0.000296,-0.085544,0.008541,-0.000066,0.000000,0.039788,-0.000497,0.318302
920,-4.671421,689,1.192841,3,5,0.600000,0,1,-0.000290,-0.027939,0.019427,0.001278,-0.007257,0.021771,-0.013770,0.000000
921,139.265176,415,70.604986,3,3,1.000000,1,1,-0.000297,0.000000,0.011266,0.000754,0.000000,0.036145,-0.001446,0.289157
922,50.849932,690,2.139034,5,8,0.625000,0,1,-0.000290,0.000000,0.056370,0.000695,-0.007246,0.036232,-0.012065,0.000000
923,18.732730,690,1.119854,3,4,0.750000,0,1,-0.000290,-0.005435,0.019432,0.001232,-0.007246,0.021739,-0.002283,0.000000
924,119.351170,499,62.679197,3,3,1.000000,1,1,-0.000299,-0.042585,0.025586,0.001494,0.000000,0.030060,-0.015556,0.240481
925,25.355981,689,1.385880,5,8,0.625000,0,1,-0.000290,-0.019956,0.029705,0.000329,-0.007257,0.036284,-0.002014,0.000000
926,-16.895203,689,1.963461,4,6,0.666667,0,1,-0.000290,-0.055878,0.010281,0.000847,-0.007257,0.029028,-0.001252,0.000000
927,-107.316152,690,5.050324,7,8,0.875000,0,1,-0.000290,-0.226087,0.039945,0.000575,-0.007246,0.050725,-0.013152,0.000000
928,-29.342315,691,1.887463,4,5,0.800000,0,1,-0.000289,-0.063676,0.011089,-0.000224,-0.007236,0.028944,-0.011071,0.000000
929,61.825234,690,2.569890,7,8,0.875000,0,1,-0.000290,0.000000,0.064263,0.002313,-0.007246,0.050725,-0.020163,0.000000
930,140.275512,690,3.361051,3,5,0.600000,0,1,-0.000290,-0.015217,0.205342,0.000927,-0.007246,0.021739,-0.001957,0.000000
931,-23.404316,690,1.217627,2,4,0.500000,0,1,-0.000290,-0.055072,0.018194,-0.001334,-0.007246,0.014493,-0.002663,0.000000
932,116.872661,385,75.828358,1,1,1.000000,1,1,-0.000300,-0.022727,0.000420,0.001498,0.000000,0.012987,0.000000,0.311688
933,137.189219,505,58.093472,6,6,1.000000,1,1,-0.000300,-0.045545,0.018601,0.004104,0.000000,0.059406,-0.002228,0.237624
934,144.048317,379,78.110846,3,3,1.000000,1,1,-0.000298,0.000000,0.023962,0.001100,0.000000,0.039578,-0.000891,0.316623
935,0.387614,689,1.521936,4,8,0.500000,0,1,-0.000290,-0.053701,0.037483,-0.000727,-0.007257,0.029028,-0.003973,0.000000
936,-95.092334,690,3.502722,1,2,0.500000,0,1,-0.000290,-0.163768,0.028063,-0.000951,-0.007246,0.007246,-0.000870,0.000000
937,107.694002,320,91.813868,3,3,1.000000,1,1,-0.000298,-0.088281,0.005611,-0.000840,0.000000,0.046875,-0.001523,0.375000
938,139.589374,334,87.601976,4,4,1.000000,1,1,-0.000298,-0.020958,0.020336,0.002497,0.000000,0.059880,-0.002807,0.359281
939,16.809331,690,1.526547,4,5,0.800000,0,1,-0.000290,-0.007609,0.012919,0.000809,-0.007246,0.028986,-0.003207,0.000000
940,-21.937785,690,4.607752,5,6,0.833333,0,1,-0.000290,-0.084058,0.025258,0.002115,-0.007246,0.036232,-0.003804,0.000000
941,30.863836,690,1.478210,5,6,0.833333,0,1,-0.000290,-0.009420,0.026429,0.002178,-0.007246,0.036232,-0.003152,0.000000
942,48.483608,689,1.416565,4,5,0.800000,0,1,-0.000290,-0.003991,0.061824,0.000688,-0.007257,0.029028,-0.009634,0.000000
943,144.898252,227,131.047122,6,6,1.000000,1,1,-0.000301,-0.053965,0.037564,0.009756,0.000000,0.132159,-0.015529,0.528634
944,160.881286,163,183.305942,7,7,1.000000,1,1,-0.000303,0.000000,0.033517,0.010460,0.000000,0.214724,-0.007592,0.736196
945,-29.705750,690,3.677455,6,7,0.857143,0,1,-0.000290,-0.104348,0.025636,0.003685,-0.007246,0.043478,-0.003967,0.000000
946,46.658445,690,1.918249,5,6,0.833333,0,1,-0.000290,0.000000,0.041206,-0.000542,-0.007246,0.036232,-0.001739,0.000000
947,92.581364,605,49.222693,2,2,1.000000,1,1,-0.000300,-0.077273,0.025282,0.001537,0.000000,0.016529,-0.011095,0.198347
948,125.291450,16,1769.791237,1,1,1.000000,1,1,-0.000301,-0.031250,0.000002,0.049765,0.000000,0.312500,0.000000,7.500000
949,110.635535,264,113.403615,5,5,1.000000,1,1,-0.000299,-0.139205,0.006832,0.004207,0.000000,0.094697,-0.001705,0.454545
950,-35.055662,688,3.885506,7,8,0.875000,0,1,-0.000291,-0.117733,0.029376,0.001339,-0.007267,0.050872,-0.007249,0.000000
951,127.066297,354,84.442806,6,6,1.000000,1,1,-0.000300,-0.091808,0.031396,0.002920,0.000000,0.084746,-0.006992,0.338983
952,128.215327,325,88.941811,3,3,1.000000,1,1,-0.000303,-0.025385,0.007578,0.007041,0.000000,0.046154,-0.009808,0.369231
953,127.556973,73,385.371851,2,2,1.000000,1,1,-0.000302,-0.071918,0.021509,0.018272,0.000000,0.136986,-0.001027,1.643836
954,119.981367,252,113.852688,2,2,1.000000,1,1,-0.000300,-0.049603,0.002911,0.012295,0.000000,0.039683,-0.005060,0.476190
955,144.593818,39,731.175583,4,4,1.000000,1,1,-0.000303,0.000000,0.114465,0.023820,0.000000,0.512821,-0.020192,3.076923
956,116.136274,461,62.437112,1,1,1.000000,1,1,-0.000300,-0.018438,0.000125,-0.000614,0.000000,0.010846,0.000000,0.260304
957,35.173794,689,2.749460,6,7,0.857143,0,1,-0.000290,0.000000,0.025704,0.001000,-0.007257,0.043541,-0.011647,0.000000
958,133.354053,93,297.983871,4,4,1.000000,1,1,-0.000301,-0.088710,0.018268,0.004119,0.000000,0.215054,-0.004839,1.290323
959,145.972800,528,55.214590,5,5,1.000000,1,1,-0.000301,-0.001420,0.008710,0.000820,0.000000,0.047348,-0.005966,0.227273
960,153.710688,426,72.889769,6,6,1.000000,1,1,-0.000300,0.000000,0.013519,-0.001339,0.000000,0.070423,-0.003169,0.281690
961,137.884483,523,58.758031,7,7,1.000000,1,1,-0.000301,-0.066922,0.032466,0.005759,0.000000,0.066922,-0.003728,0.229446
962,119.953504,417,68.488347,2,2,1.000000,1,1,-0.000300,-0.025779,0.004586,0.002347,0.000000,0.023981,-0.004946,0.287770
963,-83.364483,689,3.383009,0,1,0.000000,0,0,-0.000290,-0.115747,0.002999,-0.000697,-0.007257,0.000000,0.000000,0.000000
964,31.579189,689,2.509855,6,7,0.857143,0,1,-0.000290,-0.018868,0.032596,0.000411,-0.007257,0.043541,-0.004300,0.000000
965,108.510137,690,2.563024,3,5,0.600000,0,1,-0.000290,-0.028261,0.173149,0.000181,-0.007246,0.021739,-0.002011,0.000000
966,11.228089,690,2.430383,5,6,0.833333,0,1,-0.000290,-0.046014,0.050188,0.001991,-0.007246,0.036232,-0.018587,0.000000
967,109.413384,537,53.465145,2,2,1.000000,1,1,-0.000300,-0.039106,0.002269,-0.000082,0.000000,0.018622,-0.001117,0.223464
968,-11.536792,689,1.121389,1,2,0.500000,0,1,-0.000290,-0.031205,0.015785,-0.000544,-0.007257,0.007257,-0.000490,0.000000
969,120.455180,38,751.046139,1,1,1.000000,1,1,-0.000292,-0.125000,0.005294,0.000398,0.000000,0.131579,0.000000,3.157895
970,15.649880,689,1.246709,2,5,0.400000,0,1,-0.000290,-0.038099,0.055210,-0.000657,-0.007257,0.014514,-0.000708,0.000000
971,112.122524,382,74.050325,2,2,1.000000,1,1,-0.000302,-0.050393,0.003535,0.000457,0.000000,0.026178,-0.000098,0.314136
972,-5.804918,602,51.395822,3,3,1.000000,1,1,-0.000299,-0.245432,0.010964,0.002055,0.000000,0.024917,-0.001184,0.199336
973,149.378019,511,57.312069,5,5,1.000000,1,1,-0.000299,-0.001468,0.011162,0.002401,0.000000,0.048924,-0.003229,0.234834
974,139.602576,136,215.710714,4,4,1.000000,1,1,-0.000297,-0.023897,0.019196,0.005385,0.000000,0.147059,-0.003309,0.882353
975,141.948610,563,55.761658,5,5,1.000000,1,1,-0.000299,-0.007105,0.002512,0.001869,0.000000,0.044405,-0.002398,0.213144
976,58.409372,367,79.578285,1,1,1.000000,1,1,-0.000300,-0.178474,0.000162,-0.002833,0.000000,0.013624,0.000000,0.326975
977,102.963664,572,52.286688,8,8,1.000000,1,1,-0.000300,-0.137238,0.039555,0.003710,0.000000,0.069930,-0.005441,0.209790
978,-13.232105,690,2.240278,4,5,0.800000,0,1,-0.000290,-0.038768,0.010606,0.000471,-0.007246,0.028986,-0.012935,0.000000
979,6.933562,690,2.619644,7,8,0.875000,0,1,-0.000290,-0.067391,0.035800,-0.000026,-0.007246,0.050725,-0.001522,0.000000
980,-13.053650,691,3.395582,5,6,0.833333,0,1,-0.000289,-0.059334,0.011992,0.000775,-0.007236,0.036179,-0.000977,0.000000
981,94.229105,168,188.659499,5,5,1.000000,1,1,-0.000299,-0.321429,0.010670,0.010413,0.000000,0.148810,-0.001563,0.714286
982,-56.830506,690,3.728467,5,8,0.625000,0,1,-0.000290,-0.122464,0.011739,0.001622,-0.007246,0.036232,-0.001957,0.000000
983,73.621725,690,2.026088,2,3,0.666667,0,1,-0.000290,0.000000,0.098611,0.001946,-0.007246,0.014493,-0.000815,0.000000
984,55.395865,690,1.552611,5,6,0.833333,0,1,-0.000290,0.000000,0.053174,0.001023,-0.007246,0.036232,-0.002609,0.000000
985,124.167338,381,75.805359,2,2,1.000000,1,1,-0.000300,-0.017060,0.001253,0.001291,0.000000,0.026247,-0.000492,0.314961
986,70.945399,318,91.958312,1,1,1.000000,1,1,-0.000300,-0.172956,0.001238,0.002035,0.000000,0.015723,0.000000,0.377358
987,248.949527,476,64.646003,5,5,1.000000,1,1,-0.000301,-0.012080,0.232464,0.004522,0.000000,0.052521,-0.006224,0.252101
988,118.819234,215,133.674007,1,1,1.000000,1,1,-0.000302,-0.024419,0.003853,-0.007881,0.000000,0.023256,0.000000,0.558140
989,0.659092,690,2.166587,4,6,0.666667,0,1,-0.000290,-0.065580,0.060691,0.000808,-0.007246,0.028986,-0.016413,0.000000
990,157.296046,523,55.971368,5,5,1.000000,1,1,-0.000300,-0.006692,0.029768,0.004463,0.000000,0.047801,-0.003728,0.229446
991,4.687117,690,1.388384,2,4,0.500000,0,1,-0.000290,-0.015942,0.015940,0.000491,-0.007246,0.014493,-0.000652,0.000000
992,122.444249,493,60.450773,5,5,1.000000,1,1,-0.000300,-0.155172,0.111795,0.001349,0.000000,0.050710,-0.003423,0.243408
993,129.848207,292,97.759262,2,2,1.000000,1,1,-0.000300,-0.003425,0.010208,0.001987,0.000000,0.034247,-0.008990,0.410959
994,137.126703,311,94.057063,4,4,1.000000,1,1,-0.000299,-0.020900,0.021985,0.004083,0.000000,0.064309,-0.014108,0.385852
995,177.220364,523,55.144671,6,6,1.000000,1,1,-0.000300,0.000000,0.051156,0.003486,0.000000,0.057361,-0.002294,0.229446
996,30.576923,690,2.772770,6,7,0.857143,0,1,-0.000290,-0.053261,0.064079,0.001413,-0.007246,0.043478,-0.003859,0.000000
997,117.944566,517,55.408243,3,3,1.000000,1,1,-0.000301,-0.057544,0.031171,0.000865,0.000000,0.029014,-0.007181,0.232108
998,168.416070,317,97.495354,6,6,1.000000,1,1,-0.000300,0.000000,0.059175,0.001112,0.000000,0.094637,-0.001893,0.378549
999,14.671290,690,2.972583,6,7,0.857143,0,1,-0.000290,-0.024638,0.021766,0.001507,-0.007246,0.043478,-0.013315,0.000000
1000,123.862010,555,51.557906,4,4,1.000000,1,1,-0.000301,-0.036036,0.008937,0.001431,0.000000,0.036036,-0.003108,0.216216
1001,104.017451,330,88.022236,3,3,1.000000,1,1,-0.000300,-0.100000,0.005803,0.002656,0.000000,0.045455,-0.002045,0.363636
1002,120.574367,119,238.286556,1,1,1.000000,1,1,-0.000300,-0.035714,0.000688,-0.001864,0.000000,0.042017,0.000000,1.008403
1003,16.168282,690,1.909576,3,4,0.750000,0,1,-0.000290,0.000000,0.009274,0.001640,-0.007246,0.021739,-0.001685,0.000000
1004,14.912680,469,64.084587,1,1,1.000000,1,1,-0.000301,-0.233475,0.000134,-0.001085,0.000000,0.010661,0.000000,0.255864
1005,144.634727,557,52.105126,6,6,1.000000,1,1,-0.000300,-0.057002,0.062899,0.003217,0.000000,0.053860,-0.018447,0.215440
1006,116.890011,346,80.263280,1,1,1.000000,1,1,-0.000301,-0.028179,0.005388,-0.000347,0.000000,0.014451,0.000000,0.346821
1007,122.705733,505,56.203957,3,3,1.000000,1,1,-0.000300,-0.035644,0.011735,0.000607,0.000000,0.029703,-0.000743,0.237624
1008,134.366515,25,1237.922314,3,3,1.000000,1,1,-0.000308,-0.080000,0.027693,0.030276,0.000000,0.600000,-0.003000,4.800000
1009,125.333369,9,2923.693848,1,1,1.000000,1,1,-0.000296,0.000000,0.027773,0.009563,0.000000,0.555556,0.000000,13.333333
1010,118.217458,439,67.283582,6,6,1.000000,1,1,-0.000300,-0.104214,0.034269,0.005023,0.000000,0.068337,-0.007175,0.273349
1011,140.530645,391,72.482972,5,5,1.000000,1,1,-0.000300,-0.011509,0.004340,0.002752,0.000000,0.063939,-0.006714,0.306905
1012,219.104338,660,46.216959,8,8,1.000000,1,1,-0.000298,0.000000,0.106876,0.003713,0.000000,0.060606,-0.020739,0.181818
1013,102.038093,330,85.960489,2,2,1.000000,1,1,-0.000300,-0.102273,0.014984,0.004105,0.000000,0.030303,-0.001250,0.363636
1014,144.814879,302,98.518682,8,8,1.000000,1,1,-0.000301,-0.091060,0.046010,0.003885,0.000000,0.132450,-0.008816,0.397351
1015,126.590941,78,355.139334,2,2,1.000000,1,1,-0.000303,-0.083333,0.036667,0.004706,0.000000,0.128205,-0.001442,1.538462
1016,101.342967,488,62.564768,7,7,1.000000,1,1,-0.000300,-0.140369,0.035349,0.005665,0.000000,0.071721,-0.010297,0.245902
1017,143.256317,474,57.562964,4,4,1.000000,1,1,-0.000299,-0.006329,0.015224,0.000885,0.000000,0.042194,-0.002611,0.253165
1018,66.660748,511,62.122109,8,8,1.000000,1,1,-0.000300,-0.224070,0.042642,0.003765,0.000000,0.078278,-0.004697,0.234834
1019,120.566098,234,120.643034,2,2,1.000000,1,1,-0.000299,-0.094017,0.053811,0.002593,0.000000,0.042735,-0.002404,0.512821
1020,63.390309,310,102.106009,5,5,1.000000,1,1,-0.000301,-0.275806,0.016665,0.005741,0.000000,0.080645,-0.009556,0.387097
1021,-29.192886,690,7.297185,5,6,0.833333,0,1,-0.000290,-0.117754,0.056766,0.002592,-0.007246,0.036232,-0.012609,0.000000
1022,127.522920,388,70.961484,1,1,1.000000,1,1,-0.000301,-0.005799,0.012137,0.000465,0.000000,0.012887,0.000000,0.309278
1023,170.098546,597,47.386693,7,7,1.000000,1,1,-0.000299,0.000000,0.029711,0.004296,0.000000,0.058626,-0.008417,0.201005
1024,78.201952,690,4.493729,6,8,0.750000,0,1,-0.000290,0.000000,0.100067,0.002436,-0.007246,0.043478,-0.025109,0.000000
1025,124.504932,361,76.479028,3,3,1.000000,1,1,-0.000301,-0.054709,0.029387,0.002576,0.000000,0.041551,-0.006025,0.332410
1026,-8.984512,689,5.751390,7,8,0.875000,0,1,-0.000290,-0.084906,0.036916,0.000951,-0.007257,0.050798,-0.009253,0.000000
1027,55.336390,356,84.296801,6,6,1.000000,1,1,-0.000301,-0.312500,0.054393,0.005877,0.000000,0.084270,-0.013378,0.337079
1028,142.715986,354,80.249908,4,4,1.000000,1,1,-0.000301,0.000000,0.003868,0.005800,0.000000,0.056497,-0.001695,0.338983
1029,164.681027,370,76.947734,6,6,1.000000,1,1,-0.000302,-0.004730,0.043001,0.006675,0.000000,0.081081,-0.004966,0.324324
1030,95.633693,355,79.345067,2,2,1.000000,1,1,-0.000300,-0.137324,0.040413,0.000827,0.000000,0.028169,-0.000423,0.338028
1031,-2.791442,690,5.521426,6,7,0.857143,0,1,-0.000290,-0.063768,0.026280,0.000435,-0.007246,0.043478,-0.002935,0.000000
1032,-14.085261,689,4.947319,4,5,0.800000,0,1,-0.000290,-0.053338,0.021404,0.000569,-0.007257,0.029028,-0.010559,0.000000
1033,132.008434,417,66.662136,6,6,1.000000,1,1,-0.000301,-0.074940,0.031267,0.004336,0.000000,0.071942,-0.003507,0.287770
1034,145.761103,195,148.995021,4,4,1.000000,1,1,-0.000303,0.000000,0.031593,0.004792,0.000000,0.102564,-0.006538,0.615385
1035,-0.315133,689,4.670621,4,5,0.800000,0,1,-0.000290,-0.048621,0.027143,0.000793,-0.007257,0.029028,-0.001252,0.000000
1036,133.559345,459,59.857823,5,5,1.000000,1,1,-0.000301,-0.049020,0.036923,0.002260,0.000000,0.054466,-0.014788,0.261438
1037,60.705309,688,3.599890,6,7,0.857143,0,1,-0.000291,0.000000,0.053045,0.002032,-0.007267,0.043605,-0.002889,0.000000
1038,-155.974653,691,8.895071,5,6,0.833333,0,1,-0.000289,-0.262301,0.015816,0.000139,-0.007236,0.036179,-0.008032,0.000000
1039,120.705920,100,287.629478,2,2,1.000000,1,1,-0.000305,-0.120000,0.023561,0.006803,0.000000,0.100000,-0.003000,1.200000
1040,132.125335,427,66.967800,6,6,1.000000,1,1,-0.000300,-0.088407,0.059145,0.002807,0.000000,0.070258,-0.015105,0.281030
1041,-79.396022,690,9.222243,7,8,0.875000,0,1,-0.000290,-0.215942,0.071378,0.001418,-0.007246,0.050725,-0.015109,0.000000
1042,149.665972,83,350.645105,5,5,1.000000,1,1,-0.000303,-0.003012,0.057909,0.016984,0.000000,0.301205,-0.015361,1.445783
1043,85.447951,273,110.622058,5,5,1.000000,1,1,-0.000301,-0.228938,0.012255,0.003653,0.000000,0.091575,-0.004808,0.439560
1044,-76.894953,690,5.333091,2,3,0.666667,0,1,-0.000290,-0.135145,0.021610,-0.000298,-0.007246,0.014493,-0.004565,0.000000
1045,-5.948667,690,3.043608,4,5,0.800000,0,1,-0.000290,-0.031884,0.008253,0.000462,-0.007246,0.028986,-0.006902,0.000000
1046,114.852324,310,94.236548,3,3,1.000000,1,1,-0.000301,-0.073387,0.010459,0.002107,0.000000,0.048387,-0.003871,0.387097
1047,-25.921874,690,4.614819,6,8,0.750000,0,1,-0.000290,-0.128623,0.062363,0.000359,-0.007246,0.043478,-0.007609,0.000000
1048,-35.756215,691,2.435803,2,3,0.666667,0,1,-0.000289,-0.087192,0.029222,-0.000450,-0.007236,0.014472,-0.000271,0.000000
1049,-123.950083,691,7.094443,5,6,0.833333,0,1,-0.000289,-0.206946,0.013671,0.000601,-0.007236,0.036179,-0.015358,0.000000
1050,-12.319887,691,3.783888,6,7,0.857143,0,1,-0.000289,-0.116860,0.078531,0.001324,-0.007236,0.043415,-0.016715,0.000000
1051,108.529505,436,65.610554,1,1,1.000000,1,1,-0.000301,-0.041284,0.005119,-0.001310,0.000000,0.011468,0.000000,0.275229
1052,-66.953989,691,2.502639,3,4,0.750000,0,1,-0.000289,-0.131331,0.031269,0.001033,-0.007236,0.021708,-0.012048,0.000000
1053,140.979529,54,585.401766,3,3,1.000000,1,1,-0.000304,0.000000,0.105855,0.009348,0.000000,0.277778,-0.004167,2.222222
1054,37.452634,273,112.174184,6,6,1.000000,1,1,-0.000302,-0.407509,0.020622,0.011741,0.000000,0.109890,-0.036813,0.439560
1055,105.319472,198,149.533439,3,3,1.000000,1,1,-0.000300,-0.152778,0.005742,0.002169,0.000000,0.075758,-0.004735,0.606061
1056,157.851260,308,104.487289,7,7,1.000000,1,1,-0.000300,-0.014610,0.024077,0.002890,0.000000,0.113636,-0.002800,0.389610
1057,119.143600,501,58.198547,3,3,1.000000,1,1,-0.000300,-0.043413,0.014070,-0.000210,0.000000,0.029940,-0.001796,0.239521
1058,106.795053,52,539.596390,1,1,1.000000,1,1,-0.000302,-0.384615,0.013162,0.021660,0.000000,0.096154,0.000000,2.307692
1059,164.165625,494,58.546525,8,8,1.000000,1,1,-0.000301,-0.020749,0.040270,0.002421,0.000000,0.080972,-0.013209,0.242915
1060,-69.060567,691,2.763031,0,1,0.000000,0,0,-0.000289,-0.096599,0.003965,0.000217,-0.007236,0.000000,0.000000,0.000000
1061,148.737792,169,171.349664,7,7,1.000000,1,1,-0.000301,-0.047337,0.026282,0.010485,0.000000,0.207101,-0.026183,0.710059
1062,-75.677840,691,4.946930,5,6,0.833333,0,1,-0.000289,-0.153039,0.016347,0.001015,-0.007236,0.036179,-0.002496,0.000000
1063,137.927504,284,99.837510,2,2,1.000000,1,1,-0.000301,-0.023768,0.047579,0.004800,0.000000,0.035211,-0.000396,0.422535
1064,118.237353,303,96.635349,6,6,1.000000,1,1,-0.000300,-0.147690,0.043999,0.003123,0.000000,0.099010,-0.003960,0.396040
1065,-25.169479,690,2.801614,3,4,0.750000,0,1,-0.000290,-0.057246,0.014969,0.002467,-0.007246,0.021739,-0.010870,0.000000
1066,151.085855,329,87.540216,5,5,1.000000,1,1,-0.000302,0.000000,0.019393,0.003625,0.000000,0.075988,-0.004217,0.364742
1067,156.596385,516,55.679213,5,5,1.000000,1,1,-0.000299,-0.104167,0.127235,0.002684,0.000000,0.048450,-0.002980,0.232558
1068,123.340710,405,69.526589,5,5,1.000000,1,1,-0.000301,-0.090123,0.046601,0.003862,0.000000,0.061728,-0.013519,0.296296
1069,124.946066,366,82.024227,7,7,1.000000,1,1,-0.000299,-0.130464,0.051714,0.005644,0.000000,0.095628,-0.008709,0.327869
1070,129.974321,227,123.513315,3,3,1.000000,1,1,-0.000301,-0.042952,0.020768,0.004971,0.000000,0.066079,-0.004626,0.528634
1071,100.307295,307,92.503239,2,2,1.000000,1,1,-0.000302,-0.098534,0.001263,0.000977,0.000000,0.032573,-0.000122,0.390879
1072,124.586149,387,74.823366,7,7,1.000000,1,1,-0.000301,-0.129199,0.053945,0.006171,0.000000,0.090439,-0.009205,0.310078
1073,94.615225,192,146.520319,1,1,1.000000,1,1,-0.000302,-0.161458,0.002049,0.001457,0.000000,0.026042,0.000000,0.625000
1074,133.568182,116,240.384489,6,6,1.000000,1,1,-0.000301,-0.198276,0.051547,0.010549,0.000000,0.258621,-0.005172,1.034483
1075,34.081507,690,5.367238,6,7,0.857143,0,1,-0.000290,0.000000,0.030113,0.001382,-0.007246,0.043478,-0.018043,0.000000
1076,-78.692599,689,7.739401,2,6,0.333333,0,1,-0.000290,-0.136067,0.016971,-0.000451,-0.007257,0.014514,-0.001633,0.000000
1077,-22.498123,690,5.984487,2,4,0.500000,0,1,-0.000290,-0.055797,0.017327,0.000429,-0.007246,0.014493,-0.001522,0.000000
1078,24.683582,690,3.646395,3,5,0.600000,0,1,-0.000290,-0.089130,0.110706,0.001516,-0.007246,0.021739,-0.001522,0.000000
1079,142.026852,329,85.134756,4,4,1.000000,1,1,-0.000301,-0.025076,0.032153,0.005767,0.000000,0.060790,-0.006383,0.364742
1080,141.587923,345,83.746428,6,6,1.000000,1,1,-0.000301,-0.094203,0.078685,0.004588,0.000000,0.086957,-0.013152,0.347826
1081,49.504140,688,3.247537,6,7,0.857143,0,1,-0.000291,0.000000,0.044905,0.002993,-0.007267,0.043605,-0.011991,0.000000
1082,173.555052,550,52.987357,7,7,1.000000,1,1,-0.000299,0.000000,0.039127,0.006159,0.000000,0.063636,-0.011250,0.218182
1083,136.556107,112,276.911784,3,3,1.000000,1,1,-0.000303,0.000000,0.010371,0.004495,0.000000,0.133929,-0.000670,1.071429
1084,72.607359,689,1.956165,3,4,0.750000,0,1,-0.000290,0.000000,0.098520,0.001019,-0.007257,0.021771,-0.008382,0.000000
1085,138.726362,267,109.289605,5,5,1.000000,1,1,-0.000298,-0.101124,0.074823,0.004929,0.000000,0.093633,-0.001826,0.449438
1086,123.760100,330,84.273604,3,3,1.000000,1,1,-0.000300,-0.047727,0.011811,0.002497,0.000000,0.045455,-0.000341,0.363636
1087,117.289729,549,53.240809,5,5,1.000000,1,1,-0.000300,-0.055556,0.008586,0.003079,0.000000,0.045537,-0.006284,0.218579
1088,121.045615,14,1961.554565,1,1,1.000000,1,1,-0.000306,-0.321429,0.011637,0.027641,0.000000,0.357143,0.000000,8.571429
1089,120.162396,57,481.533194,1,1,1.000000,1,1,-0.000300,-0.074561,0.004548,-0.014557,0.000000,0.087719,0.000000,2.105263
1090,111.727485,462,61.331891,2,2,1.000000,1,1,-0.000301,-0.047078,0.009258,0.000356,0.000000,0.021645,-0.001786,0.259740
1091,20.317408,690,3.843053,4,5,0.800000,0,1,-0.000290,-0.117754,0.127638,0.000285,-0.007246,0.028986,-0.002174,0.000000
1092,146.659142,177,163.501087,8,8,1.000000,1,1,-0.000300,-0.127119,0.053126,0.006760,0.000000,0.225989,-0.007839,0.677966
1093,159.499639,121,239.337837,6,6,1.000000,1,1,-0.000304,0.000000,0.070531,0.012001,0.000000,0.247934,-0.003719,0.991736
1094,147.097727,329,83.865414,4,4,1.000000,1,1,-0.000300,-0.002280,0.025763,0.001126,0.000000,0.060790,-0.002736,0.364742
1095,14.050791,689,3.747838,4,7,0.571429,0,1,-0.000290,-0.011248,0.014779,-0.000156,-0.007257,0.029028,-0.004463,0.000000
1096,124.936258,206,133.785197,2,2,1.000000,1,1,-0.000300,-0.024272,0.000813,-0.000640,0.000000,0.048544,-0.000182,0.582524
1097,77.505428,304,93.218933,3,3,1.000000,1,1,-0.000301,-0.193257,0.004195,0.001222,0.000000,0.049342,-0.000987,0.394737
1098,19.064448,689,4.858106,5,7,0.714286,0,1,-0.000290,-0.023585,0.024231,0.002695,-0.007257,0.036284,-0.004409,0.000000
1099,146.675818,498,61.374989,8,8,1.000000,1,1,-0.000301,-0.061245,0.038191,0.004280,0.000000,0.080321,-0.007681,0.240964
1100,95.436797,333,85.979289,4,4,1.000000,1,1,-0.000300,-0.147147,0.020162,0.007651,0.000000,0.060060,-0.014189,0.360360
1101,113.319264,119,243.020885,3,3,1.000000,1,1,-0.000298,-0.197479,0.013864,0.002983,0.000000,0.126050,-0.001261,1.008403
1102,154.822404,220,130.186738,7,7,1.000000,1,1,-0.000298,0.000000,0.011380,0.008395,0.000000,0.159091,-0.020284,0.545455
1103,126.632872,477,61.915547,6,6,1.000000,1,1,-0.000299,-0.079140,0.047982,0.002674,0.000000,0.062893,-0.020204,0.251572
1104,165.485268,364,76.650081,8,8,1.000000,1,1,-0.000299,-0.004808,0.018171,0.004272,0.000000,0.109890,-0.002266,0.329670
1105,141.158118,227,120.995841,6,6,1.000000,1,1,-0.000300,-0.091410,0.048979,0.008405,0.000000,0.132159,-0.004626,0.528634
1106,1.927796,690,6.340546,5,6,0.833333,0,1,-0.000290,-0.055797,0.030599,0.003155,-0.007246,0.036232,-0.003859,0.000000
1107,135.929704,130,209.600619,4,4,1.000000,1,1,-0.000300,-0.061538,0.029052,0.007534,0.000000,0.153846,-0.006058,0.923077
1108,152.401936,474,61.247128,7,7,1.000000,1,1,-0.000301,-0.040612,0.031249,0.006239,0.000000,0.073840,-0.002057,0.253165
1109,123.692599,6,3888.880646,1,1,1.000000,1,1,-0.000319,-0.291667,0.018116,0.055969,0.000000,0.833333,0.000000,20.000000
1110,172.420962,375,78.682731,5,5,1.000000,1,1,-0.000302,-0.088000,0.162652,0.001672,0.000000,0.066667,-0.002900,0.320000
1111,93.130487,270,104.341463,3,3,1.000000,1,1,-0.000302,-0.158333,0.008552,0.000566,0.000000,0.055556,-0.005556,0.444444
1112,38.223635,396,77.574849,5,5,1.000000,1,1,-0.000299,-0.294823,0.024176,0.004433,0.000000,0.063131,-0.003125,0.303030
1113,-10.539267,689,6.257889,5,6,0.833333,0,1,-0.000290,-0.103048,0.064485,0.002258,-0.007257,0.036284,-0.007729,0.000000
1114,77.693658,444,64.230312,1,1,1.000000,1,1,-0.000302,-0.107545,0.002807,-0.001506,0.000000,0.011261,0.000000,0.270270
1115,135.429924,185,149.535260,3,3,1.000000,1,1,-0.000302,0.000000,0.006955,0.002359,0.000000,0.081081,-0.006689,0.648649
1116,-27.747444,690,7.034937,5,6,0.833333,0,1,-0.000290,-0.085870,0.017593,0.000889,-0.007246,0.036232,-0.001522,0.000000
1117,158.042036,564,50.504884,6,6,1.000000,1,1,-0.000300,0.000000,0.018766,0.002242,0.000000,0.053191,-0.006449,0.212766
1118,165.153792,213,137.929679,6,6,1.000000,1,1,-0.000301,0.000000,0.071718,0.003777,0.000000,0.140845,-0.004049,0.563380
1119,148.557232,409,68.192222,5,5,1.000000,1,1,-0.000301,-0.001834,0.015742,0.002058,0.000000,0.061125,-0.006968,0.293399
1120,155.310735,218,131.799437,6,6,1.000000,1,1,-0.000300,0.000000,0.028087,0.003283,0.000000,0.137615,-0.006709,0.550459
1121,137.764551,125,229.140876,3,3,1.000000,1,1,-0.000301,0.000000,0.016029,0.009389,0.000000,0.120000,-0.003000,0.960000
1122,96.209435,259,109.900212,2,2,1.000000,1,1,-0.000302,-0.134170,0.020095,0.001141,0.000000,0.038610,-0.017230,0.463320
1123,99.844132,404,69.282157,2,2,1.000000,1,1,-0.000302,-0.075495,0.001149,0.000283,0.000000,0.024752,-0.000278,0.297030
1124,-59.978873,690,7.584130,5,6,0.833333,0,1,-0.000290,-0.121377,0.012647,0.000336,-0.007246,0.036232,-0.007228,0.000000
1125,177.021845,376,73.911193,7,7,1.000000,1,1,-0.000300,0.000000,0.059106,0.007643,0.000000,0.093085,-0.007879,0.319149
1126,111.525439,185,152.643787,1,1,1.000000,1,1,-0.000302,-0.083784,0.007650,0.003601,0.000000,0.027027,0.000000,0.648649
1127,118.795358,429,67.062421,6,6,1.000000,1,1,-0.000300,-0.101399,0.028352,0.003842,0.000000,0.069930,-0.003234,0.279720
1128,15.251696,689,5.201298,3,4,0.750000,0,1,-0.000290,0.000000,0.008031,0.001623,-0.007257,0.021771,-0.001742,0.000000
1129,24.794018,691,5.696485,6,7,0.857143,0,1,-0.000289,-0.047757,0.047942,0.001706,-0.007236,0.043415,-0.001899,0.000000
1130,-50.835599,690,6.960228,6,8,0.750000,0,1,-0.000290,-0.143116,0.048707,0.000716,-0.007246,0.043478,-0.015924,0.000000
1131,-9.640677,691,4.302920,3,5,0.600000,0,1,-0.000289,-0.157381,0.130621,-0.000018,-0.007236,0.021708,-0.001357,0.000000
1132,91.980613,261,117.833537,3,3,1.000000,1,1,-0.000301,-0.189655,0.041319,0.001628,0.000000,0.057471,-0.017816,0.459770
1133,-0.434526,690,3.435026,5,6,0.833333,0,1,-0.000290,-0.065580,0.036815,0.001069,-0.007246,0.036232,-0.001630,0.000000
1134,63.778297,251,115.290463,1,1,1.000000,1,1,-0.000300,-0.243028,0.003412,-0.003994,0.000000,0.019920,0.000000,0.478088
1135,138.970288,284,101.377954,4,4,1.000000,1,1,-0.000300,-0.013204,0.012464,0.000848,0.000000,0.070423,-0.003433,0.422535
1136,52.018214,463,65.212920,3,3,1.000000,1,1,-0.000299,-0.178726,0.014802,0.000953,0.000000,0.032397,-0.015956,0.259179
1137,144.014804,504,58.606585,8,8,1.000000,1,1,-0.000299,-0.069444,0.038805,0.002496,0.000000,0.079365,-0.003274,0.238095
1138,161.152980,206,149.118432,6,6,1.000000,1,1,-0.000300,0.000000,0.058493,0.003047,0.000000,0.145631,-0.007100,0.582524
1139,73.749008,301,92.343390,1,1,1.000000,1,1,-0.000300,-0.170266,0.001963,-0.001666,0.000000,0.016611,0.000000,0.398671
1140,29.309752,689,3.515809,5,7,0.714286,0,1,-0.000290,0.000000,0.024074,0.001430,-0.007257,0.036284,-0.011702,0.000000
1141,35.658689,690,3.872167,6,7,0.857143,0,1,-0.000290,0.000000,0.021672,0.000044,-0.007246,0.043478,-0.005978,0.000000
1142,-111.503819,690,4.835367,1,3,0.333333,0,1,-0.000290,-0.171014,0.030836,-0.001512,-0.007246,0.007246,-0.019620,0.000000
1143,119.412772,489,60.090515,7,7,1.000000,1,1,-0.000299,-0.118098,0.047821,0.002785,0.000000,0.071575,-0.004985,0.245399
1144,171.430872,544,52.326513,5,5,1.000000,1,1,-0.000300,-0.002298,0.056634,0.003029,0.000000,0.045956,-0.008479,0.220588
1145,-39.392147,690,3.584698,4,6,0.666667,0,1,-0.000290,-0.086957,0.011761,-0.000843,-0.007246,0.028986,-0.002500,0.000000
1146,169.490641,410,69.358539,6,6,1.000000,1,1,-0.000299,0.000000,0.050899,0.002883,0.000000,0.073171,-0.005945,0.292683
1147,123.586559,204,144.004005,3,3,1.000000,1,1,-0.000300,-0.073529,0.017985,0.000999,0.000000,0.073529,-0.001103,0.588235
1148,-15.342654,690,2.438831,3,4,0.750000,0,1,-0.000290,-0.043841,0.014648,0.002319,-0.007246,0.021739,-0.009565,0.000000
1149,127.473366,362,78.286509,3,3,1.000000,1,1,-0.000300,-0.029696,0.008566,0.003643,0.000000,0.041436,-0.003004,0.331492
1150,121.749352,142,205.662818,3,3,1.000000,1,1,-0.000297,-0.100352,0.006713,0.002999,0.000000,0.105634,-0.002377,0.845070
1151,103.390347,530,53.940117,2,2,1.000000,1,1,-0.000299,-0.053774,0.005903,-0.000976,0.000000,0.018868,-0.001061,0.226415
1152,135.649067,305,93.864483,5,5,1.000000,1,1,-0.000298,-0.040164,0.012206,0.004113,0.000000,0.081967,-0.006516,0.393443
1153,126.491924,11,2641.595413,2,2,1.000000,1,1,-0.000311,-0.386364,0.036744,0.037833,0.000000,0.909091,-0.006818,10.909091
1154,99.639904,274,101.222684,2,2,1.000000,1,1,-0.000298,-0.133212,0.032606,0.001323,0.000000,0.036496,-0.011223,0.437956
1155,153.053033,524,54.902458,7,7,1.000000,1,1,-0.000300,-0.016698,0.013844,0.001443,0.000000,0.066794,-0.002004,0.229008
1156,15.666079,686,3.332412,4,5,0.800000,0,1,-0.000292,-0.002551,0.009209,-0.000749,-0.007289,0.029155,-0.004647,0.000000
1157,-50.954172,686,5.210835,6,8,0.750000,0,1,-0.000292,-0.141399,0.037906,0.000499,-0.007289,0.043732,-0.007434,0.000000
1158,153.665659,437,68.891018,7,7,1.000000,1,1,-0.000301,-0.010297,0.012514,0.000780,0.000000,0.080092,-0.005749,0.274600
1159,101.086096,264,107.698945,4,4,1.000000,1,1,-0.000298,-0.174242,0.023532,0.005170,0.000000,0.075758,-0.001562,0.454545
1160,121.601590,215,139.909504,4,4,1.000000,1,1,-0.000300,-0.111628,0.029247,0.003910,0.000000,0.093023,-0.006802,0.558140
1161,14.763103,683,3.242661,4,5,0.800000,0,1,-0.000293,-0.002196,0.006847,-0.000861,-0.007321,0.029283,-0.003843,0.000000
1162,133.716811,212,136.735467,4,4,1.000000,1,1,-0.000301,-0.068396,0.039055,0.007787,0.000000,0.094340,-0.007783,0.566038
1163,-42.579158,685,6.484588,6,7,0.857143,0,1,-0.000292,-0.118613,0.022765,0.002467,-0.007299,0.043796,-0.004982,0.000000
1164,-39.806241,685,3.308569,2,3,0.666667,0,1,-0.000292,-0.072993,0.012856,-0.000822,-0.007299,0.014599,-0.004161,0.000000
1165,-20.062338,685,2.249410,1,2,0.500000,0,1,-0.000292,-0.031752,0.004273,-0.000368,-0.007299,0.007299,-0.001150,0.000000
1166,88.026089,190,150.315642,1,1,1.000000,1,1,-0.000299,-0.196053,0.000441,0.001311,0.000000,0.026316,0.000000,0.631579
1167,-66.758123,687,4.743631,5,8,0.625000,0,1,-0.000291,-0.148836,0.025857,0.001024,-0.007278,0.036390,-0.004039,0.000000
1168,99.949328,387,79.950550,8,8,1.000000,1,1,-0.000298,-0.188630,0.032739,0.007900,0.000000,0.103359,-0.006880,0.310078
1169,30.474186,688,2.893124,7,8,0.875000,0,1,-0.000291,-0.024709,0.032468,0.000143,-0.007267,0.050872,-0.006922,0.000000
1170,132.078275,244,119.588546,4,4,1.000000,1,1,-0.000298,-0.056352,0.019564,0.006310,0.000000,0.081967,-0.001691,0.491803
1171,14.571447,688,2.951273,7,8,0.875000,0,1,-0.000291,-0.036337,0.017515,0.001920,-0.007267,0.050872,-0.005233,0.000000
1172,149.339761,275,106.685830,6,6,1.000000,1,1,-0.000296,-0.032727,0.029948,0.004493,0.000000,0.109091,-0.003818,0.436364
1173,150.247614,542,52.968781,6,6,1.000000,1,1,-0.000299,-0.049815,0.057529,0.003698,0.000000,0.055351,-0.010655,0.221402
1174,124.734570,255,113.496385,3,3,1.000000,1,1,-0.000299,-0.044118,0.005798,0.001156,0.000000,0.058824,-0.002794,0.470588
1175,-94.658301,689,7.075357,7,8,0.875000,0,1,-0.000290,-0.230769,0.056343,0.000484,-0.007257,0.050798,-0.006694,0.000000
1176,93.290873,436,72.773369,8,8,1.000000,1,1,-0.000299,-0.208716,0.058182,0.001700,0.000000,0.091743,-0.003870,0.275229
1177,20.463331,689,1.715936,3,4,0.750000,0,1,-0.000290,-0.009071,0.027354,-0.001555,-0.007257,0.021771,-0.001252,0.000000
1178,22.485905,688,2.258371,6,7,0.857143,0,1,-0.000291,-0.014172,0.013612,0.000575,-0.007267,0.043605,-0.003379,0.000000
1179,122.456620,351,81.419014,4,4,1.000000,1,1,-0.000299,-0.062678,0.010046,0.004445,0.000000,0.056980,-0.001496,0.341880
1180,31.146352,688,2.629096,7,8,0.875000,0,1,-0.000291,-0.015262,0.020648,0.001421,-0.007267,0.050872,-0.004851,0.000000
1181,-44.879961,689,1.946162,2,4,0.500000,0,1,-0.000290,-0.094702,0.027520,0.000847,-0.007257,0.014514,-0.005769,0.000000
1182,11.323902,688,2.884595,7,8,0.875000,0,1,-0.000291,-0.046512,0.023898,0.001155,-0.007267,0.050872,-0.005396,0.000000
1183,151.754914,193,156.325043,7,7,1.000000,1,1,-0.000296,-0.034974,0.025572,0.007845,0.000000,0.181347,-0.014961,0.621762
1184,-21.926176,690,3.030897,5,7,0.714286,0,1,-0.000290,-0.080435,0.024139,0.000225,-0.007246,0.036232,-0.004402,0.000000
1185,159.791625,150,203.100212,3,3,1.000000,1,1,-0.000297,0.000000,0.166616,0.000708,0.000000,0.100000,-0.001750,0.800000
1186,145.105240,563,54.255480,8,8,1.000000,1,1,-0.000300,-0.056838,0.032270,0.004341,0.000000,0.071048,-0.005928,0.213144
1187,3.342349,690,2.922090,5,6,0.833333,0,1,-0.000290,-0.050362,0.029596,-0.001074,-0.007246,0.036232,-0.002011,0.000000
1188,128.932058,7,3778.210495,2,2,1.000000,1,1,-0.000308,-0.250000,0.024249,0.084210,0.000000,1.428571,-0.010714,17.142857
1189,15.543582,689,3.012965,4,5,0.800000,0,1,-0.000290,-0.101597,0.104636,-0.000382,-0.007257,0.029028,-0.001578,0.000000
1190,135.238095,53,537.015265,3,3,1.000000,1,1,-0.000301,0.000000,0.018976,-0.009229,0.000000,0.283019,-0.004953,2.264151
1191,157.124041,179,165.333104,6,6,1.000000,1,1,-0.000299,0.000000,0.049284,0.005060,0.000000,0.167598,-0.014246,0.670391
1192,103.622627,208,138.926743,4,4,1.000000,1,1,-0.000298,-0.193510,0.029925,0.006119,0.000000,0.096154,-0.017127,0.576923
1193,-24.745325,688,1.837308,1,2,0.500000,0,1,-0.000291,-0.037427,0.002403,-0.000270,-0.007267,0.007267,-0.000382,0.000000
1194,20.950891,687,1.818924,2,3,0.666667,0,1,-0.000291,0.000000,0.025315,-0.000660,-0.007278,0.014556,-0.001146,0.000000
1195,60.847993,685,2.202592,6,7,0.857143,0,1,-0.000292,0.000000,0.056082,0.001579,-0.007299,0.043796,-0.005036,0.000000
1196,-70.165383,687,4.657597,6,8,0.750000,0,1,-0.000291,-0.187773,0.052908,0.000836,-0.007278,0.043668,-0.004203,0.000000
1197,106.059259,165,176.159437,2,2,1.000000,1,1,-0.000300,-0.171212,0.022441,0.004658,0.000000,0.060606,-0.000682,0.727273
1198,97.874916,451,63.921719,1,1,1.000000,1,1,-0.000299,-0.065410,0.003051,0.002513,0.000000,0.011086,0.000000,0.266075
1199,136.369303,286,100.749700,3,3,1.000000,1,1,-0.000300,0.000000,0.003687,0.002711,0.000000,0.052448,-0.001311,0.419580
1200,155.420674,271,113.595201,5,5,1.000000,1,1,-0.000301,-0.005535,0.049571,0.008555,0.000000,0.092251,-0.013838,0.442804
1201,106.592331,101,283.154720,1,1,1.000000,1,1,-0.000298,-0.168317,0.000961,-0.014601,0.000000,0.049505,0.000000,1.188119
1202,173.077694,258,114.789179,3,3,1.000000,1,1,-0.000297,0.000000,0.147620,0.001137,0.000000,0.058140,-0.000872,0.465116
1203,151.807054,112,259.308706,5,5,1.000000,1,1,-0.000300,0.000000,0.058188,0.008246,0.000000,0.223214,-0.005357,1.071429
1204,50.895711,688,2.627903,6,7,0.857143,0,1,-0.000291,0.000000,0.055332,0.002002,-0.007267,0.043605,-0.019404,0.000000
1205,163.970551,152,190.372424,8,8,1.000000,1,1,-0.000300,-0.003289,0.036684,0.007090,0.000000,0.263158,-0.014063,0.789474
1206,46.975194,533,61.981480,8,8,1.000000,1,1,-0.000299,-0.262664,0.056338,0.003154,0.000000,0.075047,-0.008583,0.225141
1207,96.983977,488,60.346553,2,2,1.000000,1,1,-0.000299,-0.096824,0.035953,0.003197,0.000000,0.020492,-0.009682,0.245902
1208,112.712136,249,119.212069,6,6,1.000000,1,1,-0.000300,-0.147590,0.011396,0.005117,0.000000,0.120482,-0.018373,0.481928
1209,107.412668,135,214.620456,4,4,1.000000,1,1,-0.000300,-0.275926,0.033361,0.014255,0.000000,0.148148,-0.012778,0.888889
1210,143.405183,410,69.942177,4,4,1.000000,1,1,-0.000299,0.000000,0.006195,0.004055,0.000000,0.048780,-0.001646,0.292683
1211,112.046889,526,58.008233,7,7,1.000000,1,1,-0.000299,-0.107890,0.035388,0.005471,0.000000,0.066540,-0.014330,0.228137
1212,66.855580,356,82.280749,1,1,1.000000,1,1,-0.000297,-0.166433,0.003885,-0.000483,0.000000,0.014045,0.000000,0.337079
1213,97.705624,280,103.220090,6,6,1.000000,1,1,-0.000297,-0.211607,0.027308,0.007875,0.000000,0.107143,-0.010045,0.428571
1214,70.859272,501,61.398715,6,6,1.000000,1,1,-0.000297,-0.230539,0.081468,0.005025,0.000000,0.059880,-0.013623,0.239521
1215,160.110389,517,55.923179,7,7,1.000000,1,1,-0.000298,-0.029981,0.043261,0.003721,0.000000,0.067698,-0.006818,0.232108
1216,-8.798827,687,2.776963,3,4,0.750000,0,1,-0.000291,-0.045124,0.020140,0.001350,-0.007278,0.021834,-0.003439,0.000000
1217,121.568069,13,2047.601036,1,1,1.000000,1,1,-0.000315,-0.288462,0.009257,0.015524,0.000000,0.384615,0.000000,9.230769
1218,27.375290,686,3.561800,7,8,0.875000,0,1,-0.000292,-0.041545,0.044378,0.001832,-0.007289,0.051020,-0.008200,0.000000
1219,19.128431,571,55.077720,6,6,1.000000,1,1,-0.000298,-0.240368,0.023386,0.001809,0.000000,0.052539,-0.013726,0.210158
1220,125.036528,13,2091.948563,1,1,1.000000,1,1,-0.000306,0.000000,0.010065,-0.006949,0.000000,0.384615,0.000000,9.230769
1221,-2.369629,687,2.832063,4,7,0.571429,0,1,-0.000291,-0.053130,0.031931,0.001337,-0.007278,0.029112,-0.005131,0.000000
1222,17.089556,688,3.265079,6,7,0.857143,0,1,-0.000291,-0.041061,0.035348,0.001646,-0.007267,0.043605,-0.007140,0.000000
1223,92.975869,388,76.769735,6,6,1.000000,1,1,-0.000299,-0.171392,0.023658,0.004736,0.000000,0.077320,-0.003673,0.309278
1224,-151.258095,690,6.827453,1,2,0.500000,0,1,-0.000290,-0.222101,0.004664,-0.001325,-0.007246,0.007246,-0.000163,0.000000
1225,117.500603,248,117.660187,2,2,1.000000,1,1,-0.000299,-0.061492,0.022057,0.002488,0.000000,0.040323,-0.013155,0.483871
1226,-3.507438,687,3.299526,7,8,0.875000,0,1,-0.000291,-0.063319,0.020735,0.001525,-0.007278,0.050946,-0.007424,0.000000
1227,-6.996437,689,0.748198,0,1,0.000000,0,0,-0.000290,-0.006894,0.005098,-0.000811,-0.007257,0.000000,0.000000,0.000000
1228,24.909146,689,2.603740,3,5,0.600000,0,1,-0.000290,-0.118287,0.140110,0.000650,-0.007257,0.021771,-0.000544,0.000000
1229,128.719754,177,163.997743,2,2,1.000000,1,1,-0.000297,-0.025424,0.011801,0.006899,0.000000,0.056497,-0.000212,0.677966
1230,135.683636,489,58.794693,3,3,1.000000,1,1,-0.000301,0.000000,0.001280,0.001646,0.000000,0.030675,-0.001227,0.245399
1231,120.987647,486,60.161838,5,5,1.000000,1,1,-0.000298,-0.067387,0.018363,0.002923,0.000000,0.051440,-0.003009,0.246914
1232,126.325397,20,1431.414986,2,2,1.000000,1,1,-0.000306,-0.287500,0.056938,0.052763,0.000000,0.500000,-0.005625,6.000000
1233,121.303224,272,112.084181,6,6,1.000000,1,1,-0.000299,-0.129596,0.031198,0.006567,0.000000,0.110294,-0.013373,0.441176
1234,34.732577,688,1.607560,4,5,0.800000,0,1,-0.000291,-0.030523,0.060828,0.000030,-0.007267,0.029070,-0.001363,0.000000
1235,132.983151,17,1726.034302,2,2,1.000000,1,1,-0.000310,0.000000,0.107632,0.070363,0.000000,0.588235,-0.002206,7.058824
1236,-19.188840,379,87.325867,8,8,1.000000,1,1,-0.000296,-0.524406,0.054261,0.006850,0.000000,0.105541,-0.009202,0.316623
1237,145.050073,478,60.303404,6,6,1.000000,1,1,-0.000300,-0.058054,0.045166,0.004872,0.000000,0.062762,-0.002040,0.251046
1238,128.338055,9,2903.865875,2,2,1.000000,1,1,-0.000292,-0.250000,0.007357,0.066608,0.000000,1.111111,-0.008333,13.333333
1239,131.224858,140,213.570136,3,3,1.000000,1,1,-0.000302,-0.044643,0.012565,0.006485,0.000000,0.107143,-0.001071,0.857143
1240,-96.944916,684,6.617592,4,6,0.666667,0,1,-0.000292,-0.175073,0.011658,0.000484,-0.007310,0.029240,-0.000439,0.000000
1241,-14.156779,687,2.780899,3,6,0.500000,0,1,-0.000291,-0.063683,0.028765,0.001792,-0.007278,0.021834,-0.001747,0.000000
1242,-8.746873,687,2.559292,4,5,0.800000,0,1,-0.000291,-0.036026,0.007379,0.000486,-0.007278,0.029112,-0.006114,0.000000
1243,105.576480,650,48.593254,8,8,1.000000,1,1,-0.000298,-0.115385,0.035256,0.004198,0.000000,0.061538,-0.007500,0.184615
1244,-12.066994,686,1.255715,1,2,0.500000,0,1,-0.000292,-0.018950,0.005478,-0.002897,-0.007289,0.007289,-0.000929,0.000000
1245,122.144072,256,111.026935,4,4,1.000000,1,1,-0.000300,-0.110352,0.046669,0.004926,0.000000,0.078125,-0.010693,0.468750
1246,111.019243,540,52.813890,2,2,1.000000,1,1,-0.000299,-0.053704,0.018978,0.003555,0.000000,0.018519,-0.003681,0.222222
1247,175.374338,553,53.247672,7,7,1.000000,1,1,-0.000301,0.000000,0.041436,0.003642,0.000000,0.063291,-0.007934,0.216998
1248,67.738586,684,2.147477,6,8,0.750000,0,1,-0.000292,0.000000,0.081706,0.000697,-0.007310,0.043860,-0.019627,0.000000
1249,-203.138720,686,7.822358,1,2,0.500000,0,1,-0.000292,-0.303936,0.009569,-0.001024,-0.007289,0.007289,-0.000437,0.000000
1250,144.627214,602,46.858761,4,4,1.000000,1,1,-0.000299,0.000000,0.006329,0.002715,0.000000,0.033223,-0.001059,0.199336
1251,14.790854,686,2.119965,6,7,0.857143,0,1,-0.000292,-0.020044,0.015548,0.000510,-0.007289,0.043732,-0.010605,0.000000
1252,128.791855,121,238.856593,2,2,1.000000,1,1,-0.000297,-0.020661,0.002485,0.009109,0.000000,0.082645,-0.000620,0.991736
1253,154.100152,148,202.354614,3,3,1.000000,1,1,-0.000299,0.000000,0.123624,0.006237,0.000000,0.101351,-0.000507,0.810811
1254,166.660182,419,71.145144,7,7,1.000000,1,1,-0.000301,-0.002983,0.033525,0.005017,0.000000,0.083532,-0.007428,0.286396
1255,16.169688,686,1.025068,2,4,0.500000,0,1,-0.000292,-0.008382,0.027481,-0.000558,-0.007289,0.014577,-0.001968,0.000000
1256,187.631228,474,63.179613,8,8,1.000000,1,1,-0.000302,0.000000,0.078479,0.004405,0.000000,0.084388,-0.024288,0.253165
1257,109.557831,632,49.388771,8,8,1.000000,1,1,-0.000298,-0.105617,0.027609,0.003358,0.000000,0.063291,-0.004866,0.189873
1258,-27.845050,687,2.346063,3,4,0.750000,0,1,-0.000291,-0.083333,0.030928,-0.000099,-0.007278,0.021834,-0.002293,0.000000
1259,117.103393,72,398.042173,1,1,1.000000,1,1,-0.000298,-0.104167,0.004098,-0.009308,0.000000,0.069444,0.000000,1.666667
1260,10.444861,686,1.440548,3,4,0.750000,0,1,-0.000292,-0.020044,0.021102,0.001467,-0.007289,0.021866,-0.001585,0.000000
1261,167.299314,397,74.912210,7,7,1.000000,1,1,-0.000301,0.000000,0.032038,0.005005,0.000000,0.088161,-0.005762,0.302267
1262,134.598123,266,109.470994,4,4,1.000000,1,1,-0.000301,-0.041353,0.029377,0.002261,0.000000,0.075188,-0.010291,0.451128
1263,-204.894931,689,9.497003,5,6,0.833333,0,1,-0.000290,-0.313498,0.015445,0.001544,-0.007257,0.036284,-0.029608,0.000000
1264,3.878501,685,2.580564,5,6,0.833333,0,1,-0.000292,-0.052190,0.031236,-0.000209,-0.007299,0.036496,-0.002080,0.000000
1265,-3.273835,439,71.663370,6,6,1.000000,1,1,-0.000299,-0.345672,0.021600,0.004271,0.000000,0.068337,-0.029043,0.273349
1266,-168.821265,688,6.041402,4,6,0.666667,0,1,-0.000291,-0.289971,0.033555,0.001135,-0.007267,0.029070,-0.011610,0.000000
1267,156.717580,480,60.684752,5,5,1.000000,1,1,-0.000299,-0.006250,0.046792,0.002216,0.000000,0.052083,-0.018047,0.250000
1268,-86.907933,686,3.623848,4,6,0.666667,0,1,-0.000292,-0.157434,0.016550,-0.000655,-0.007289,0.029155,-0.006724,0.000000
1269,-176.361153,689,6.967924,5,6,0.833333,0,1,-0.000290,-0.273222,0.012399,0.000611,-0.007257,0.036284,-0.024492,0.000000
1270,135.087055,212,141.842019,5,5,1.000000,1,1,-0.000298,-0.073113,0.024384,0.007044,0.000000,0.117925,-0.004776,0.566038
1271,153.943566,136,233.656018,8,8,1.000000,1,1,-0.000298,-0.086397,0.043144,0.011151,0.000000,0.294118,-0.012132,0.882353
1272,40.672438,685,2.564040,7,8,0.875000,0,1,-0.000292,-0.013869,0.038568,0.001300,-0.007299,0.051095,-0.010128,0.000000
1273,42.556974,683,2.558524,6,7,0.857143,0,1,-0.000293,-0.002196,0.035243,0.001407,-0.007321,0.043924,-0.008455,0.000000
1274,-8.946353,684,0.969585,2,3,0.666667,0,1,-0.000292,-0.027412,0.008653,-0.000131,-0.007310,0.014620,-0.001206,0.000000
1275,123.024910,50,577.569256,1,1,1.000000,1,1,-0.000299,-0.060000,0.007032,0.013765,0.000000,0.100000,0.000000,2.400000
1276,4.690413,683,2.192208,5,6,0.833333,0,1,-0.000293,-0.042094,0.023098,0.003791,-0.007321,0.036603,-0.006918,0.000000
1277,147.424574,454,63.866593,4,4,1.000000,1,1,-0.000300,0.000000,0.016094,0.003202,0.000000,0.044053,-0.002643,0.264317
1278,-217.833160,689,8.326143,7,8,0.875000,0,1,-0.000290,-0.422351,0.068442,0.003698,-0.007257,0.050798,-0.009198,0.000000
1279,-60.707184,686,1.905290,2,3,0.666667,0,1,-0.000292,-0.118805,0.031728,0.001644,-0.007289,0.014577,-0.010058,0.000000
1280,55.616076,687,1.601417,6,7,0.857143,0,1,-0.000291,0.000000,0.048872,0.002426,-0.007278,0.043668,-0.006441,0.000000
1281,162.333754,156,192.221024,7,7,1.000000,1,1,-0.000300,0.000000,0.040205,0.012154,0.000000,0.224359,-0.005048,0.769231
1282,117.529023,45,632.676357,1,1,1.000000,1,1,-0.000302,-0.150000,0.003496,-0.019216,0.000000,0.111111,0.000000,2.666667
1283,143.861878,67,465.168072,5,5,1.000000,1,1,-0.000298,-0.070896,0.023525,0.034600,0.000000,0.373134,-0.003918,1.791045
1284,124.038409,69,407.243504,1,1,1.000000,1,1,-0.000302,-0.018116,0.006296,-0.001814,0.000000,0.072464,0.000000,1.739130
1285,98.205986,548,53.436619,2,2,1.000000,1,1,-0.000301,-0.074361,0.016396,0.000316,0.000000,0.018248,-0.000068,0.218978
1286,168.328894,216,135.498677,7,7,1.000000,1,1,-0.000300,0.000000,0.061473,0.008694,0.000000,0.162037,-0.008160,0.555556
1287,163.100151,258,112.364346,6,6,1.000000,1,1,-0.000299,0.000000,0.052297,0.004010,0.000000,0.116279,-0.005233,0.465116
1288,119.010959,190,147.255257,1,1,1.000000,1,1,-0.000300,-0.038158,0.002823,0.004114,0.000000,0.026316,0.000000,0.631579
1289,164.167128,432,68.371972,8,8,1.000000,1,1,-0.000300,-0.012153,0.026642,0.001707,0.000000,0.092593,-0.006250,0.277778
1290,113.053459,253,118.320663,3,3,1.000000,1,1,-0.000300,-0.093874,0.010750,-0.001840,0.000000,0.059289,-0.001482,0.474308
1291,107.291525,278,103.306391,2,2,1.000000,1,1,-0.000301,-0.089928,0.005982,0.002967,0.000000,0.035971,-0.000405,0.431655
1292,160.937976,315,94.504939,7,7,1.000000,1,1,-0.000300,-0.012698,0.031804,0.005164,0.000000,0.111111,-0.005119,0.380952
1293,163.222831,393,76.015574,7,7,1.000000,1,1,-0.000300,-0.006997,0.032629,0.003226,0.000000,0.089059,-0.007634,0.305344
1294,28.332079,689,2.115180,4,5,0.800000,0,1,-0.000290,-0.021771,0.044241,-0.000762,-0.007257,0.029028,-0.002068,0.000000
1295,131.320339,383,78.838791,7,7,1.000000,1,1,-0.000299,-0.139687,0.086963,0.005491,0.000000,0.091384,-0.014295,0.313316
1296,144.921936,195,144.090670,4,4,1.000000,1,1,-0.000299,-0.007692,0.040231,0.008000,0.000000,0.102564,-0.015000,0.615385
1297,-51.530401,688,2.627270,1,2,0.500000,0,1,-0.000291,-0.081032,0.007688,-0.000447,-0.007267,0.007267,-0.000818,0.000000
1298,-99.729776,690,7.476821,7,8,0.875000,0,1,-0.000290,-0.252536,0.070338,0.001920,-0.007246,0.050725,-0.007446,0.000000
1299,103.017062,360,85.077577,5,5,1.000000,1,1,-0.000299,-0.131944,0.013974,0.003734,0.000000,0.069444,-0.002083,0.333333
1300,12.814687,687,1.946256,2,4,0.500000,0,1,-0.000291,-0.018559,0.033781,0.000429,-0.007278,0.014556,-0.003985,0.000000
1301,109.126874,311,93.752350,3,3,1.000000,1,1,-0.000297,-0.099678,0.025520,0.000064,0.000000,0.048232,-0.008802,0.385852
1302,-13.328906,689,1.881436,2,4,0.500000,0,1,-0.000290,-0.043904,0.017959,0.001973,-0.007257,0.014514,-0.002340,0.000000
1303,-12.554175,688,1.609093,2,4,0.500000,0,1,-0.000291,-0.039608,0.017552,-0.000280,-0.007267,0.014535,-0.002889,0.000000
1304,-36.141900,688,2.063889,2,3,0.666667,0,1,-0.000291,-0.086119,0.026475,0.000735,-0.007267,0.014535,-0.000600,0.000000
1305,149.650280,313,97.693466,8,8,1.000000,1,1,-0.000298,-0.078275,0.044177,0.008279,0.000000,0.127796,-0.006949,0.383387
1306,-116.570239,689,4.429667,2,3,0.666667,0,1,-0.000290,-0.192308,0.018615,0.000096,-0.007257,0.014514,-0.002558,0.000000
1307,149.963520,209,139.089582,5,5,1.000000,1,1,-0.000299,0.000000,0.024059,0.004475,0.000000,0.119617,-0.004486,0.574163
1308,45.464319,689,2.135967,5,6,0.833333,0,1,-0.000290,0.000000,0.040013,0.003168,-0.007257,0.036284,-0.005933,0.000000
1309,25.791593,689,1.250122,3,4,0.750000,0,1,-0.000290,-0.008345,0.032720,0.002428,-0.007257,0.021771,-0.003592,0.000000
1310,157.081864,447,65.659156,4,4,1.000000,1,1,-0.000301,0.000000,0.034052,0.006729,0.000000,0.044743,-0.002265,0.268456
1311,129.970225,3,5939.188995,2,2,1.000000,1,1,-0.000325,0.000000,0.011696,0.003703,0.000000,3.333333,-0.025000,40.000000
1312,-57.742658,689,3.012930,4,5,0.800000,0,1,-0.000290,-0.115385,0.012502,0.001025,-0.007257,0.029028,-0.003429,0.000000
1313,28.970619,687,1.500138,5,7,0.714286,0,1,-0.000291,0.000000,0.019208,0.002547,-0.007278,0.036390,-0.008406,0.000000
1314,115.860886,469,64.250894,5,5,1.000000,1,1,-0.000298,-0.067164,0.007819,0.002870,0.000000,0.053305,-0.005357,0.255864
1315,-7.142080,686,2.018242,5,6,0.833333,0,1,-0.000292,-0.067055,0.028894,0.002277,-0.007289,0.036443,-0.003389,0.000000
1316,171.134028,295,100.876280,3,3,1.000000,1,1,-0.000298,0.000000,0.124130,0.000055,0.000000,0.050847,-0.001398,0.406780
1317,119.426723,315,95.220110,5,5,1.000000,1,1,-0.000298,-0.094444,0.011497,0.004441,0.000000,0.079365,-0.002381,0.380952
1318,129.693481,212,135.400855,2,2,1.000000,1,1,-0.000298,-0.002358,0.002684,0.002241,0.000000,0.047170,-0.003715,0.566038
1319,121.805349,533,56.493131,8,8,1.000000,1,1,-0.000296,-0.088649,0.017389,0.003273,0.000000,0.075047,-0.003377,0.225141
1320,177.876773,463,63.395927,7,7,1.000000,1,1,-0.000299,0.000000,0.052386,0.003154,0.000000,0.075594,-0.005832,0.259179
1321,-41.768629,689,5.265691,7,8,0.875000,0,1,-0.000290,-0.148403,0.059149,-0.000631,-0.007257,0.050798,-0.013988,0.000000
1322,95.035475,111,256.502328,2,2,1.000000,1,1,-0.000296,-0.322072,0.004049,0.005013,0.000000,0.090090,-0.001689,1.081081
1323,52.192922,690,2.026394,6,7,0.857143,0,1,-0.000290,0.000000,0.043152,0.001928,-0.007246,0.043478,-0.005380,0.000000
1324,-12.934311,690,1.926934,3,4,0.750000,0,1,-0.000290,-0.035145,0.012390,0.001056,-0.007246,0.021739,-0.011250,0.000000
1325,128.352632,289,101.371682,4,4,1.000000,1,1,-0.000297,-0.050173,0.012983,0.008863,0.000000,0.069204,-0.011678,0.415225
1326,-11.142177,690,2.291700,5,6,0.833333,0,1,-0.000290,-0.058696,0.015789,0.000944,-0.007246,0.036232,-0.002880,0.000000
1327,114.599511,469,60.377887,1,1,1.000000,1,1,-0.000296,-0.023454,0.000309,0.001265,0.000000,0.010661,0.000000,0.255864
1328,90.696436,325,96.727254,3,3,1.000000,1,1,-0.000295,-0.139231,0.026724,0.007406,0.000000,0.046154,-0.030923,0.369231
1329,134.826540,103,278.409635,3,3,1.000000,1,1,-0.000297,-0.009709,0.015274,0.004698,0.000000,0.145631,-0.011650,1.165049
1330,135.707516,387,75.741254,5,5,1.000000,1,1,-0.000297,-0.040698,0.015503,0.004096,0.000000,0.064599,-0.002616,0.310078
1331,137.029989,117,240.336040,3,3,1.000000,1,1,-0.000297,0.000000,0.018939,0.001273,0.000000,0.128205,-0.002564,1.025641
1332,135.122302,176,163.878006,4,4,1.000000,1,1,-0.000296,-0.038352,0.011502,0.004333,0.000000,0.113636,-0.004901,0.681818
1333,160.901076,624,48.719761,7,7,1.000000,1,1,-0.000299,-0.017228,0.029723,0.002669,0.000000,0.056090,-0.005409,0.192308
1334,159.540174,276,103.570223,5,5,1.000000,1,1,-0.000297,0.000000,0.053541,0.004057,0.000000,0.090580,-0.004620,0.434783
1335,170.429230,397,78.419950,6,6,1.000000,1,1,-0.000299,0.000000,0.050590,0.004190,0.000000,0.075567,-0.003023,0.302267
1336,122.947414,44,613.668030,1,1,1.000000,1,1,-0.000301,-0.051136,0.000002,0.004786,0.000000,0.113636,0.000000,2.727273
1337,167.451633,212,136.312624,6,6,1.000000,1,1,-0.000299,0.000000,0.088075,0.002149,0.000000,0.141509,-0.007606,0.566038
1338,162.941512,512,57.174647,7,7,1.000000,1,1,-0.000298,-0.006836,0.026871,0.003831,0.000000,0.068359,-0.008057,0.234375
1339,129.386255,19,1484.906944,2,2,1.000000,1,1,-0.000301,-0.052632,0.029920,-0.007317,0.000000,0.526316,-0.001974,6.315789
1340,128.340732,333,89.666273,8,8,1.000000,1,1,-0.000296,-0.132132,0.032358,0.008263,0.000000,0.120120,-0.003266,0.360360
1341,162.562842,384,75.457847,7,7,1.000000,1,1,-0.000300,-0.002604,0.024529,0.005589,0.000000,0.091146,-0.007520,0.312500
1342,126.324659,54,505.742386,2,2,1.000000,1,1,-0.000300,-0.078704,0.003519,0.008812,0.000000,0.185185,-0.001389,2.222222
1343,128.022208,183,151.795931,3,3,1.000000,1,1,-0.000298,-0.057377,0.014703,0.007301,0.000000,0.081967,-0.002459,0.655738
1344,162.036257,442,64.915997,6,6,1.000000,1,1,-0.000299,-0.011878,0.048005,0.005063,0.000000,0.067873,-0.013660,0.271493
1345,123.105034,70,381.967867,1,1,1.000000,1,1,-0.000298,-0.021429,0.000000,-0.005344,0.000000,0.071429,0.000000,1.714286
1346,123.853878,84,319.704144,1,1,1.000000,1,1,-0.000301,-0.017857,0.000578,0.003935,0.000000,0.059524,0.000000,1.428571
1347,-47.859606,691,6.540632,4,5,0.800000,0,1,-0.000289,-0.100941,0.020964,0.000477,-0.007236,0.028944,-0.011179,0.000000
1348,157.727360,143,196.598336,7,7,1.000000,1,1,-0.000301,-0.006993,0.029002,0.011263,0.000000,0.244755,-0.013899,0.839161
1349,-76.122406,690,6.910268,2,4,0.500000,0,1,-0.000290,-0.147826,0.033583,-0.001460,-0.007246,0.014493,-0.001576,0.000000
1350,168.297049,304,94.818016,8,8,1.000000,1,1,-0.000299,-0.043586,0.073070,0.006865,0.000000,0.131579,-0.008758,0.394737
1351,-10.962420,691,6.313553,5,6,0.833333,0,1,-0.000289,-0.061867,0.017932,0.002455,-0.007236,0.036179,-0.003039,0.000000
1352,136.481806,286,100.281956,6,6,1.000000,1,1,-0.000298,-0.111014,0.068089,0.006315,0.000000,0.104895,-0.010358,0.419580
1353,135.637799,146,187.339548,3,3,1.000000,1,1,-0.000298,-0.029110,0.016110,0.018694,0.000000,0.102740,-0.001027,0.821918
1354,129.021916,102,276.473521,3,3,1.000000,1,1,-0.000297,-0.083333,0.022241,0.003516,0.000000,0.147059,-0.000735,1.176471
1355,-21.981497,691,4.619552,2,5,0.400000,0,1,-0.000289,-0.073444,0.034534,0.000533,-0.007236,0.014472,-0.000380,0.000000
1356,147.736445,415,68.344315,4,4,1.000000,1,1,-0.000298,-0.019880,0.037021,0.004057,0.000000,0.048193,-0.002259,0.289157
1357,-41.195518,691,5.497277,4,5,0.800000,0,1,-0.000289,-0.096961,0.017164,0.001692,-0.007236,0.028944,-0.002931,0.000000
1358,105.758748,274,103.554858,4,4,1.000000,1,1,-0.000297,-0.142336,0.014757,0.004413,0.000000,0.072993,-0.001505,0.437956
1359,54.300613,691,2.808721,5,7,0.714286,0,1,-0.000289,0.000000,0.053929,0.001209,-0.007236,0.036179,-0.005210,0.000000
1360,-16.368527,691,2.992209,3,4,0.750000,0,1,-0.000289,-0.033285,0.016794,0.000708,-0.007236,0.021708,-0.022088,0.000000
1361,124.831854,15,1769.903404,1,1,1.000000,1,1,-0.000296,-0.066667,0.002533,0.053220,0.000000,0.333333,0.000000,8.000000
1362,7.876503,691,2.059587,3,5,0.600000,0,1,-0.000289,-0.028220,0.029777,0.001140,-0.007236,0.021708,-0.005481,0.000000
1363,-23.744238,691,1.984040,0,2,0.000000,0,0,-0.000289,-0.027858,0.002876,-0.001854,-0.007236,0.000000,0.000000,0.000000
1364,-7.632812,691,1.951632,2,5,0.400000,0,1,-0.000289,-0.051013,0.035345,-0.001836,-0.007236,0.014472,-0.000488,0.000000
1365,20.097269,691,1.710006,4,5,0.800000,0,1,-0.000289,-0.003980,0.018024,-0.000300,-0.007236,0.028944,-0.006078,0.000000
1366,-98.619741,691,4.544980,2,3,0.666667,0,1,-0.000289,-0.154124,0.018634,-0.000067,-0.007236,0.014472,-0.014110,0.000000
1367,116.522728,18,1520.327690,1,1,1.000000,1,1,-0.000298,-0.486111,0.024798,-0.009348,0.000000,0.277778,0.000000,6.666667
1368,115.386266,72,388.927942,1,1,1.000000,1,1,-0.000302,-0.138889,0.001660,0.004006,0.000000,0.069444,0.000000,1.666667
1369,136.161648,79,369.946825,3,3,1.000000,1,1,-0.000299,0.000000,0.016882,0.000020,0.000000,0.189873,-0.001899,1.518987
1370,93.263021,342,83.310739,1,1,1.000000,1,1,-0.000298,-0.095760,0.002787,0.000473,0.000000,0.014620,0.000000,0.350877
1371,-98.030919,691,5.033808,3,4,0.750000,0,1,-0.000289,-0.174747,0.031348,0.003086,-0.007236,0.021708,-0.015738,0.000000
1372,-15.877533,691,0.722265,0,1,0.000000,0,0,-0.000289,-0.016281,0.001955,-0.001127,-0.007236,0.000000,0.000000,0.000000
1373,31.178250,691,1.749667,5,6,0.833333,0,1,-0.000289,-0.030391,0.051338,0.001380,-0.007236,0.036179,-0.005861,0.000000
1374,149.983231,431,66.958989,4,4,1.000000,1,1,-0.000298,0.000000,0.028521,-0.000449,0.000000,0.046404,-0.004611,0.278422
1375,164.278417,246,128.962191,6,6,1.000000,1,1,-0.000300,0.000000,0.058971,0.002116,0.000000,0.121951,-0.002744,0.487805
1376,-5.733126,691,2.100293,5,6,0.833333,0,1,-0.000289,-0.074891,0.042112,0.000984,-0.007236,0.036179,-0.005156,0.000000
1377,153.656157,233,138.278389,7,7,1.000000,1,1,-0.000300,-0.032189,0.037480,0.008554,0.000000,0.150215,-0.019313,0.515021
1378,118.355713,154,187.574241,3,3,1.000000,1,1,-0.000298,-0.123377,0.018932,-0.002120,0.000000,0.097403,-0.001218,0.779221
1379,158.635443,167,177.542985,6,6,1.000000,1,1,-0.000296,0.000000,0.047309,0.007166,0.000000,0.179641,-0.002470,0.718563
1380,145.763349,76,374.711391,4,4,1.000000,1,1,-0.000298,0.000000,0.080953,0.007514,0.000000,0.263158,-0.012336,1.578947
1381,170.528583,355,82.607816,8,8,1.000000,1,1,-0.000297,-0.010563,0.042992,0.002808,0.000000,0.112676,-0.005282,0.338028
1382,102.639971,125,223.776316,1,1,1.000000,1,1,-0.000295,-0.180000,0.001558,-0.000143,0.000000,0.040000,0.000000,0.960000
1383,174.170688,445,65.162060,6,6,1.000000,1,1,-0.000297,0.000000,0.053735,0.003659,0.000000,0.067416,-0.002781,0.269663
1384,16.844205,385,82.821408,2,2,1.000000,1,1,-0.000294,-0.305195,0.009168,0.002703,0.000000,0.025974,-0.000292,0.311688
1385,8.118856,691,3.850588,7,8,0.875000,0,1,-0.000289,-0.073444,0.042997,0.001079,-0.007236,0.050651,-0.002008,0.000000
1386,6.323964,691,2.505483,4,5,0.800000,0,1,-0.000289,-0.051013,0.044453,0.000914,-0.007236,0.028944,-0.006621,0.000000
1387,96.457928,691,2.503257,4,5,0.800000,0,1,-0.000289,-0.029305,0.148963,0.002966,-0.007236,0.028944,-0.004450,0.000000
1388,-43.655459,691,5.209990,6,7,0.857143,0,1,-0.000289,-0.136758,0.046382,0.000318,-0.007236,0.043415,-0.009009,0.000000
1389,108.824997,343,84.641488,4,4,1.000000,1,1,-0.000298,-0.102041,0.011657,0.002526,0.000000,0.058309,-0.002733,0.349854
1390,123.556573,557,51.508838,3,3,1.000000,1,1,-0.000297,-0.060144,0.039862,0.001044,0.000000,0.026930,-0.001010,0.215440
1391,-9.105365,691,1.853557,2,3,0.666667,0,1,-0.000289,-0.030029,0.010008,0.001689,-0.007236,0.014472,-0.001791,0.000000
1392,134.063098,200,150.133834,4,4,1.000000,1,1,-0.000299,-0.052500,0.024563,0.003239,0.000000,0.100000,-0.004687,0.600000
1393,-60.827660,691,3.329225,4,6,0.666667,0,1,-0.000289,-0.137120,0.027772,0.000661,-0.007236,0.028944,-0.000760,0.000000
1394,-30.389217,691,3.459014,7,8,0.875000,0,1,-0.000289,-0.118307,0.032490,0.003162,-0.007236,0.050651,-0.004450,0.000000
1395,128.382081,375,77.075511,3,3,1.000000,1,1,-0.000299,-0.030667,0.013168,0.002249,0.000000,0.040000,-0.002100,0.320000
1396,155.279226,361,84.743418,6,6,1.000000,1,1,-0.000298,0.000000,0.015676,0.003713,0.000000,0.083102,-0.004467,0.332410
1397,57.061212,300,99.542625,2,2,1.000000,1,1,-0.000296,-0.249167,0.007551,-0.000093,0.000000,0.033333,-0.001125,0.400000
1398,18.152660,691,2.141132,5,6,0.833333,0,1,-0.000289,-0.017728,0.017750,0.002044,-0.007236,0.036179,-0.004450,0.000000
1399,145.130471,479,60.056418,2,2,1.000000,1,1,-0.000301,-0.014614,0.047554,0.000436,0.000000,0.020877,-0.001487,0.250522
1400,148.339537,374,77.537508,7,7,1.000000,1,1,-0.000300,-0.014037,0.015146,0.002539,0.000000,0.093583,-0.021156,0.320856
1401,136.482027,9,3368.668045,3,3,1.000000,1,1,-0.000303,0.000000,0.107057,0.066250,0.000000,1.666667,-0.008333,13.333333
1402,140.757205,406,69.825355,4,4,1.000000,1,1,-0.000299,-0.017857,0.018899,0.003801,0.000000,0.049261,-0.002679,0.295567
1403,152.965235,178,160.053254,5,5,1.000000,1,1,-0.000297,-0.098315,0.145590,0.001773,0.000000,0.140449,-0.004003,0.674157
1404,126.259429,303,95.928279,5,5,1.000000,1,1,-0.000299,-0.116337,0.052851,0.004410,0.000000,0.082508,-0.002475,0.396040
1405,110.491196,94,301.436483,1,1,1.000000,1,1,-0.000295,-0.151596,0.000749,-0.003207,0.000000,0.053191,0.000000,1.276596
1406,44.738358,405,75.635663,4,4,1.000000,1,1,-0.000298,-0.287037,0.054971,0.003075,0.000000,0.049383,-0.005926,0.296296
1407,118.422146,462,61.775112,3,3,1.000000,1,1,-0.000299,-0.039502,0.007822,0.003970,0.000000,0.032468,-0.007873,0.259740
1408,131.925697,172,164.421357,6,6,1.000000,1,1,-0.000301,-0.114826,0.009501,0.007519,0.000000,0.174419,-0.006977,0.697674
1409,122.239038,90,305.774792,2,2,1.000000,1,1,-0.000299,-0.086111,0.001115,-0.000521,0.000000,0.111111,-0.000417,1.333333
1410,99.648938,279,100.411064,2,2,1.000000,1,1,-0.000298,-0.116487,0.011356,-0.001877,0.000000,0.035842,-0.001478,0.430108
1411,66.132623,486,60.565702,2,2,1.000000,1,1,-0.000299,-0.145062,0.012351,0.002213,0.000000,0.020576,-0.000617,0.246914
1412,127.290786,236,116.611829,3,3,1.000000,1,1,-0.000297,-0.039195,0.009790,-0.002010,0.000000,0.063559,-0.000953,0.508475
1413,148.908929,364,76.425864,5,5,1.000000,1,1,-0.000301,-0.014423,0.025628,0.003750,0.000000,0.068681,-0.003915,0.329670
1414,124.556265,406,70.387931,8,8,1.000000,1,1,-0.000298,-0.119458,0.033879,0.004951,0.000000,0.098522,-0.006373,0.295567
1415,145.936764,244,113.366653,5,5,1.000000,1,1,-0.000299,-0.038934,0.053073,0.005522,0.000000,0.102459,-0.015523,0.491803
1416,123.605700,61,440.527752,1,1,1.000000,1,1,-0.000299,-0.028689,0.005300,0.000831,0.000000,0.081967,0.000000,1.967213
1417,145.036330,360,77.510390,5,5,1.000000,1,1,-0.000299,-0.024306,0.026930,0.003088,0.000000,0.069444,-0.005313,0.333333
1418,163.367554,431,66.263488,8,8,1.000000,1,1,-0.000298,-0.009281,0.021162,0.003452,0.000000,0.092807,-0.007222,0.278422
1419,56.711115,691,4.683026,5,7,0.714286,0,1,-0.000289,0.000000,0.054858,0.003118,-0.007236,0.036179,-0.004559,0.000000
1420,-21.770625,691,4.506897,2,3,0.666667,0,1,-0.000289,-0.065123,0.028982,-0.001063,-0.007236,0.014472,-0.001248,0.000000
1421,137.427647,48,595.153326,4,4,1.000000,1,1,-0.000304,-0.119792,0.045432,0.032010,0.000000,0.416667,-0.010938,2.500000
1422,150.256451,175,169.926037,6,6,1.000000,1,1,-0.000297,-0.042857,0.038947,0.008673,0.000000,0.171429,-0.003000,0.685714
1423,-136.386127,691,10.190213,6,8,0.750000,0,1,-0.000289,-0.280029,0.055768,0.001252,-0.007236,0.043415,-0.010257,0.000000
1424,-80.901477,690,5.691677,3,4,0.750000,0,1,-0.000290,-0.146014,0.026433,0.000739,-0.007246,0.021739,-0.012609,0.000000
1425,-3.971499,690,4.892316,7,8,0.875000,0,1,-0.000290,-0.077899,0.034260,0.001813,-0.007246,0.050725,-0.007120,0.000000
1426,135.060190,246,114.089219,3,3,1.000000,1,1,-0.000300,0.000000,0.005838,0.001566,0.000000,0.060976,-0.006860,0.487805
1427,110.707254,290,95.944094,4,4,1.000000,1,1,-0.000298,-0.122414,0.018818,0.005470,0.000000,0.068966,-0.002586,0.413793
1428,125.727126,104,267.479873,2,2,1.000000,1,1,-0.000300,-0.067308,0.020489,0.009639,0.000000,0.096154,-0.003606,1.153846
1429,155.732488,94,303.930651,3,3,1.000000,1,1,-0.000299,0.000000,0.208997,0.017446,0.000000,0.159574,-0.005585,1.276596
1430,141.330337,175,159.186411,4,4,1.000000,1,1,-0.000299,-0.044286,0.058827,0.006431,0.000000,0.114286,-0.013071,0.685714
1431,161.302556,389,78.866327,5,5,1.000000,1,1,-0.000299,-0.001285,0.051711,0.006628,0.000000,0.064267,-0.014846,0.308483
1432,10.371843,691,4.914141,7,8,0.875000,0,1,-0.000289,-0.079957,0.051628,0.002872,-0.007236,0.050651,-0.002659,0.000000
1433,121.305479,207,135.753566,3,3,1.000000,1,1,-0.000297,-0.089372,0.020348,0.005519,0.000000,0.072464,-0.002355,0.579710
1434,141.540876,114,241.384543,4,4,1.000000,1,1,-0.000297,0.000000,0.009349,0.009070,0.000000,0.175439,-0.004605,1.052632
1435,126.099542,66,416.902170,3,3,1.000000,1,1,-0.000297,-0.155303,0.018253,0.013287,0.000000,0.227273,-0.010795,1.818182
1436,86.281055,483,60.630516,2,2,1.000000,1,1,-0.000299,-0.096273,0.006534,0.000532,0.000000,0.020704,-0.001009,0.248447
1437,98.840717,427,79.294887,6,6,1.000000,1,1,-0.000297,-0.209016,0.092404,0.000524,0.000000,0.070258,-0.003425,0.281030
1438,53.173674,456,69.183491,8,8,1.000000,1,1,-0.000298,-0.282895,0.051916,0.006466,0.000000,0.087719,-0.009457,0.263158
1439,122.461101,92,303.849476,3,3,1.000000,1,1,-0.000300,-0.144022,0.006579,0.003080,0.000000,0.163043,-0.001630,1.304348
1440,121.343338,121,220.499926,1,1,1.000000,1,1,-0.000301,-0.035124,0.006765,-0.001560,0.000000,0.041322,0.000000,0.991736
1441,13.773410,691,4.942333,4,5,0.800000,0,1,-0.000289,-0.026773,0.026341,-0.000022,-0.007236,0.028944,-0.001031,0.000000
1442,160.506496,375,77.508359,7,7,1.000000,1,1,-0.000298,0.000000,0.025497,0.006485,0.000000,0.093333,-0.017000,0.320000
1443,135.686819,380,73.360434,3,3,1.000000,1,1,-0.000299,0.000000,0.002630,0.002634,0.000000,0.039474,-0.003158,0.315789
1444,-18.767558,691,5.643400,4,6,0.666667,0,1,-0.000289,-0.066208,0.017540,0.001555,-0.007236,0.028944,-0.001465,0.000000
1445,122.899648,27,994.534428,1,1,1.000000,1,1,-0.000302,-0.046296,0.000000,-0.031192,0.000000,0.185185,0.000000,4.444444
1446,138.223287,213,136.088317,3,3,1.000000,1,1,-0.000300,0.000000,0.014673,0.002344,0.000000,0.070423,-0.001585,0.563380
1447,63.128753,691,3.619644,6,7,0.857143,0,1,-0.000289,0.000000,0.056756,0.002349,-0.007236,0.043415,-0.003636,0.000000
1448,119.804959,149,185.535000,2,2,1.000000,1,1,-0.000297,-0.080537,0.012530,0.000887,0.000000,0.067114,-0.001007,0.805369
1449,-64.425060,690,6.124227,4,7,0.571429,0,1,-0.000290,-0.138043,0.025753,-0.000354,-0.007246,0.028986,-0.002174,0.000000
1450,170.501635,460,61.751848,5,5,1.000000,1,1,-0.000299,-0.001630,0.056893,0.004877,0.000000,0.054348,-0.004402,0.260870
1451,42.256740,523,56.659906,6,6,1.000000,1,1,-0.000297,-0.218929,0.024971,0.002729,0.000000,0.057361,-0.014484,0.229446
1452,149.893667,216,134.805302,8,8,1.000000,1,1,-0.000297,-0.067130,0.015382,0.009597,0.000000,0.185185,-0.004340,0.555556
1453,122.502369,102,265.643072,1,1,1.000000,1,1,-0.000302,-0.029412,0.005870,-0.000643,0.000000,0.049020,0.000000,1.176471
1454,121.089895,163,168.035429,1,1,1.000000,1,1,-0.000300,-0.026074,0.006040,-0.003655,0.000000,0.030675,0.000000,0.736196
1455,143.237498,395,76.237795,6,6,1.000000,1,1,-0.000298,-0.043671,0.025668,0.002415,0.000000,0.075949,-0.001234,0.303797
1456,7.646886,690,7.630078,5,6,0.833333,0,1,-0.000290,-0.131159,0.112971,0.002206,-0.007246,0.036232,-0.001630,0.000000
1457,125.246541,292,98.838104,8,8,1.000000,1,1,-0.000299,-0.162671,0.048669,0.003887,0.000000,0.136986,-0.008604,0.410959
1458,38.714782,691,4.731462,7,8,0.875000,0,1,-0.000289,-0.016643,0.034388,0.001289,-0.007236,0.050651,-0.006132,0.000000
1459,197.807988,467,61.273391,3,3,1.000000,1,1,-0.000301,0.000000,0.135741,0.001461,0.000000,0.032120,-0.002409,0.256959
1460,162.500282,469,61.317759,7,7,1.000000,1,1,-0.000300,-0.006930,0.023831,0.003229,0.000000,0.074627,-0.003838,0.255864
1461,-18.661164,691,4.743042,6,7,0.857143,0,1,-0.000289,-0.090810,0.031422,0.000237,-0.007236,0.043415,-0.003745,0.000000
1462,33.386440,691,3.551896,6,7,0.857143,0,1,-0.000289,0.000000,0.023130,0.001723,-0.007236,0.043415,-0.012428,0.000000
1463,-115.174781,690,6.531652,4,6,0.666667,0,1,-0.000290,-0.196014,0.011566,-0.000116,-0.007246,0.028986,-0.003804,0.000000
1464,125.406841,13,2117.409615,1,1,1.000000,1,1,-0.000305,0.000000,0.020130,0.011471,0.000000,0.384615,0.000000,9.230769
1465,-63.571081,690,2.852971,0,1,0.000000,0,0,-0.000290,-0.086232,0.002617,-0.000981,-0.007246,0.000000,0.000000,0.000000
1466,147.284229,437,65.567060,4,4,1.000000,1,1,-0.000300,-0.005721,0.023589,0.002704,0.000000,0.045767,-0.003604,0.274600
1467,163.737620,308,96.096222,8,8,1.000000,1,1,-0.000300,-0.018669,0.038598,0.005655,0.000000,0.129870,-0.013149,0.389610
1468,134.380182,327,86.344158,5,5,1.000000,1,1,-0.000301,-0.042049,0.007038,0.005587,0.000000,0.076453,-0.002752,0.366972
1469,122.913808,87,321.651402,1,1,1.000000,1,1,-0.000299,-0.020115,0.002093,-0.005658,0.000000,0.057471,0.000000,1.379310
1470,121.461294,53,523.711189,1,1,1.000000,1,1,-0.000299,-0.042453,0.000629,-0.024645,0.000000,0.094340,0.000000,2.264151
1471,-6.476580,691,3.296340,4,5,0.800000,0,1,-0.000289,-0.047757,0.016508,0.002086,-0.007236,0.028944,-0.001628,0.000000
1472,-6.065688,691,2.572123,2,4,0.500000,0,1,-0.000289,-0.035456,0.020111,0.000543,-0.007236,0.014472,-0.000923,0.000000
1473,-56.396633,690,6.102063,7,8,0.875000,0,1,-0.000290,-0.181159,0.058354,0.001035,-0.007246,0.050725,-0.003152,0.000000
1474,130.604579,46,603.384304,2,2,1.000000,1,1,-0.000299,-0.021739,0.031172,0.005639,0.000000,0.217391,-0.001630,2.608696
1475,122.657133,6,3916.594299,1,1,1.000000,1,1,-0.000319,-0.458333,0.031873,0.036302,0.000000,0.833333,0.000000,20.000000
1476,-4.765167,690,2.876607,6,8,0.750000,0,1,-0.000290,-0.075362,0.033973,0.000824,-0.007246,0.043478,-0.002283,0.000000
1477,186.477181,420,67.015977,3,3,1.000000,1,1,-0.000299,0.000000,0.123020,0.001539,0.000000,0.035714,-0.001696,0.285714
1478,-75.103540,691,5.773994,3,6,0.500000,0,1,-0.000289,-0.177641,0.056380,-0.000958,-0.007236,0.021708,-0.000651,0.000000
1479,129.763132,268,112.798006,3,3,1.000000,1,1,-0.000297,-0.034515,0.018224,0.002365,0.000000,0.055970,-0.005317,0.447761
1480,50.269602,691,2.068012,4,5,0.800000,0,1,-0.000289,-0.002894,0.065989,0.001749,-0.007236,0.028944,-0.013513,0.000000
1481,124.479389,135,212.819221,3,3,1.000000,1,1,-0.000296,-0.105556,0.025689,0.004176,0.000000,0.111111,-0.001944,0.888889
1482,33.796736,691,2.226711,4,5,0.800000,0,1,-0.000289,-0.036541,0.065697,0.000452,-0.007236,0.028944,-0.002116,0.000000
1483,131.850332,596,50.228341,4,4,1.000000,1,1,-0.000298,-0.030201,0.016277,0.002372,0.000000,0.033557,-0.001825,0.201342
1484,28.259585,691,2.337430,6,7,0.857143,0,1,-0.000289,-0.007959,0.020286,0.000712,-0.007236,0.043415,-0.008032,0.000000
1485,124.859536,294,96.418176,3,3,1.000000,1,1,-0.000298,-0.039966,0.026068,-0.001036,0.000000,0.051020,-0.019260,0.408163
1486,149.699330,330,89.376420,7,7,1.000000,1,1,-0.000298,-0.028030,0.026501,0.005537,0.000000,0.106061,-0.019773,0.363636
1487,95.163687,209,140.562517,5,5,1.000000,1,1,-0.000296,-0.265550,0.022637,0.006372,0.000000,0.119617,-0.001615,0.574163
1488,128.996588,96,294.429340,2,2,1.000000,1,1,-0.000298,-0.028646,0.016953,0.014039,0.000000,0.104167,-0.012500,1.250000
1489,22.069563,690,2.162629,4,6,0.666667,0,1,-0.000290,-0.040580,0.056962,0.000240,-0.007246,0.028986,-0.006087,0.000000
1490,122.609570,209,132.787175,1,1,1.000000,1,1,-0.000297,-0.009569,0.000420,-0.001991,0.000000,0.023923,0.000000,0.574163
1491,-5.745222,689,2.110058,3,4,0.750000,0,1,-0.000290,-0.019956,0.010245,-0.000822,-0.007257,0.021771,-0.012028,0.000000
1492,128.051195,307,91.802080,2,2,1.000000,1,1,-0.000298,-0.040717,0.032283,0.002505,0.000000,0.032573,-0.000122,0.390879
1493,86.590761,278,103.502680,1,1,1.000000,1,1,-0.000297,-0.139388,0.003348,-0.001825,0.000000,0.017986,0.000000,0.431655
1494,30.549428,691,2.635848,6,7,0.857143,0,1,-0.000289,0.000000,0.019790,0.002044,-0.007236,0.043415,-0.013513,0.000000
1495,147.752271,126,228.237691,3,3,1.000000,1,1,-0.000301,0.000000,0.102579,0.002502,0.000000,0.119048,-0.003571,0.952381
1496,115.358275,436,69.902009,5,5,1.000000,1,1,-0.000297,-0.075688,0.010724,0.003555,0.000000,0.057339,-0.006279,0.275229
1497,181.052784,491,60.098149,7,7,1.000000,1,1,-0.000300,0.000000,0.053841,0.004713,0.000000,0.071283,-0.005193,0.244399
1498,104.709762,168,168.053210,1,1,1.000000,1,1,-0.000297,-0.129464,0.004185,0.004802,0.000000,0.029762,0.000000,0.714286
1499,127.163476,336,81.703339,2,2,1.000000,1,1,-0.000300,-0.017113,0.008822,0.000261,0.000000,0.029762,-0.000112,0.357143
1500,149.883853,182,153.754263,5,5,1.000000,1,1,-0.000298,-0.016484,0.033095,0.013200,0.000000,0.137363,-0.002679,0.659341
1501,110.524836,390,71.996001,2,2,1.000000,1,1,-0.000299,-0.055128,0.004956,0.000631,0.000000,0.025641,-0.000096,0.307692
1502,33.506594,691,3.917801,5,6,0.833333,0,1,-0.000289,0.000000,0.023631,0.002283,-0.007236,0.036179,-0.006078,0.000000
1503,131.787475,97,300.637455,5,5,1.000000,1,1,-0.000297,-0.152062,0.014762,0.008343,0.000000,0.257732,-0.006959,1.237113
1504,150.563473,224,145.775310,6,6,1.000000,1,1,-0.000298,-0.032366,0.027073,0.009613,0.000000,0.133929,-0.001507,0.535714
1505,142.974031,339,82.203557,4,4,1.000000,1,1,-0.000298,-0.021386,0.030667,0.004547,0.000000,0.058997,-0.004757,0.353982
1506,86.685811,351,83.137181,6,6,1.000000,1,1,-0.000299,-0.197293,0.017756,0.004261,0.000000,0.085470,-0.004808,0.341880
1507,-20.457948,690,4.095168,2,3,0.666667,0,1,-0.000290,-0.047464,0.011312,0.000307,-0.007246,0.014493,-0.000761,0.000000
1508,151.713472,244,114.601269,5,5,1.000000,1,1,-0.000299,-0.007172,0.029727,0.008178,0.000000,0.102459,-0.002920,0.491803
1509,135.195900,312,88.702114,2,2,1.000000,1,1,-0.000299,-0.016827,0.033202,0.003583,0.000000,0.032051,-0.003005,0.384615
1510,143.992251,429,65.803892,4,4,1.000000,1,1,-0.000299,-0.021562,0.036530,0.001979,0.000000,0.046620,-0.007343,0.279720
1511,134.217041,194,140.637337,2,2,1.000000,1,1,-0.000300,-0.012887,0.031345,0.006285,0.000000,0.051546,-0.002706,0.618557
1512,144.415581,90,310.811169,4,4,1.000000,1,1,-0.000299,0.000000,0.066412,0.001283,0.000000,0.222222,-0.018333,1.333333
1513,112.083471,71,384.193348,1,1,1.000000,1,1,-0.000300,-0.172535,0.000383,-0.009471,0.000000,0.070423,0.000000,1.690141
1514,160.582982,201,137.468723,3,3,1.000000,1,1,-0.000300,0.000000,0.134330,0.000525,0.000000,0.074627,-0.007276,0.597015
1515,-0.261840,690,6.809020,4,6,0.666667,0,1,-0.000290,-0.061957,0.054014,0.001222,-0.007246,0.028986,-0.015109,0.000000
1516,-30.047602,690,7.643974,6,8,0.750000,0,1,-0.000290,-0.094203,0.030496,0.000576,-0.007246,0.043478,-0.016359,0.000000
1517,195.169750,251,111.267045,5,5,1.000000,1,1,-0.000300,0.000000,0.194192,0.008079,0.000000,0.099602,-0.002092,0.478088
1518,128.744030,214,125.885509,4,4,1.000000,1,1,-0.000300,-0.085280,0.034299,0.006744,0.000000,0.093458,-0.008061,0.560748
1519,-82.791312,690,8.582570,3,4,0.750000,0,1,-0.000290,-0.151812,0.020286,-0.000328,-0.007246,0.021739,-0.002337,0.000000
1520,152.032870,263,102.975323,6,6,1.000000,1,1,-0.000301,-0.012357,0.015363,0.009017,0.000000,0.114068,-0.003992,0.456274
1521,162.108907,240,114.611066,7,7,1.000000,1,1,-0.000299,0.000000,0.029174,0.007308,0.000000,0.145833,-0.006563,0.500000
1522,-17.892553,691,6.719992,7,8,0.875000,0,1,-0.000289,-0.100217,0.036519,0.003144,-0.007236,0.050651,-0.008466,0.000000
1523,123.739829,66,396.377281,1,1,1.000000,1,1,-0.000299,-0.026515,0.009850,-0.002130,0.000000,0.075758,0.000000,1.818182
1524,103.802460,354,79.548332,2,2,1.000000,1,1,-0.000301,-0.074859,0.000712,0.001820,0.000000,0.028249,-0.001377,0.338983
1525,108.196588,311,88.812082,1,1,1.000000,1,1,-0.000301,-0.053055,0.000419,-0.001094,0.000000,0.016077,0.000000,0.385852
1526,126.700702,27,994.861351,1,1,1.000000,1,1,-0.000305,0.000000,0.026499,0.036794,0.000000,0.185185,0.000000,4.444444
1527,128.259629,206,130.928721,2,2,1.000000,1,1,-0.000301,-0.010922,0.001547,0.002138,0.000000,0.048544,-0.000910,0.582524
1528,97.787530,309,97.154717,8,8,1.000000,1,1,-0.000297,-0.256472,0.055495,0.007585,0.000000,0.129450,-0.007646,0.388350
1529,134.232905,512,57.589456,2,2,1.000000,1,1,-0.000302,-0.020508,0.027510,0.003325,0.000000,0.019531,-0.001758,0.234375
1530,159.306979,352,79.162995,7,7,1.000000,1,1,-0.000299,-0.034801,0.048010,0.007529,0.000000,0.099432,-0.008203,0.340909
1531,129.374258,339,80.365002,2,2,1.000000,1,1,-0.000301,-0.031711,0.027815,0.004563,0.000000,0.029499,-0.002212,0.353982
1532,8.334005,691,5.077117,5,6,0.833333,0,1,-0.000289,-0.064399,0.061886,0.002146,-0.007236,0.036179,-0.016226,0.000000
1533,113.362921,261,104.224355,1,1,1.000000,1,1,-0.000301,-0.046935,0.003658,-0.001008,0.000000,0.019157,0.000000,0.459770
1534,154.280044,166,174.037050,5,5,1.000000,1,1,-0.000303,0.000000,0.051696,0.006995,0.000000,0.150602,-0.002485,0.722892
1535,-29.997961,691,4.433017,1,2,0.500000,0,1,-0.000289,-0.045586,0.005799,-0.002685,-0.007236,0.007236,-0.000651,0.000000
1536,169.015204,293,103.911110,8,8,1.000000,1,1,-0.000301,-0.004266,0.044828,0.006634,0.000000,0.136519,-0.016126,0.409556
1537,-41.723513,689,3.940881,0,1,0.000000,0,0,-0.000290,-0.056967,0.004467,-0.000510,-0.007257,0.000000,0.000000,0.000000
1538,-4.782940,691,4.567729,4,5,0.800000,0,1,-0.000289,-0.185962,0.159204,0.000698,-0.007236,0.028944,-0.002279,0.000000
1539,125.321779,238,116.990196,3,3,1.000000,1,1,-0.000298,-0.048319,0.011353,-0.002140,0.000000,0.063025,-0.001261,0.504202
1540,34.302253,690,3.866603,6,7,0.857143,0,1,-0.000290,-0.004710,0.025497,0.000322,-0.007246,0.043478,-0.007337,0.000000
1541,-68.594644,690,4.378364,3,4,0.750000,0,1,-0.000290,-0.132609,0.020562,-0.000102,-0.007246,0.021739,-0.001467,0.000000
1542,130.407960,187,151.408540,5,5,1.000000,1,1,-0.000298,-0.089572,0.013631,0.005026,0.000000,0.133690,-0.006818,0.641711
1543,159.438108,344,81.230984,7,7,1.000000,1,1,-0.000300,0.000000,0.023216,0.004920,0.000000,0.101744,-0.014935,0.348837
1544,109.848047,186,148.297262,1,1,1.000000,1,1,-0.000298,-0.087366,0.003664,0.002537,0.000000,0.026882,0.000000,0.645161
1545,137.229483,78,369.759552,3,3,1.000000,1,1,-0.000300,0.000000,0.021133,0.009192,0.000000,0.192308,-0.001442,1.538462
1546,5.786292,691,4.174980,7,8,0.875000,0,1,-0.000289,-0.062229,0.033944,0.002812,-0.007236,0.050651,-0.009280,0.000000
1547,-58.711444,690,6.609962,4,6,0.666667,0,1,-0.000290,-0.197464,0.111814,-0.000291,-0.007246,0.028986,-0.020598,0.000000
1548,145.762421,83,347.232794,3,3,1.000000,1,1,-0.000300,0.000000,0.118671,0.014460,0.000000,0.180723,-0.003163,1.445783
1549,183.971297,417,68.066948,7,7,1.000000,1,1,-0.000302,0.000000,0.068775,0.007118,0.000000,0.083933,-0.006115,0.287770
1550,82.592137,690,2.841225,4,5,0.800000,0,1,-0.000290,-0.025725,0.125022,0.002268,-0.007246,0.028986,-0.003315,0.000000
1551,139.974371,99,282.186580,4,4,1.000000,1,1,-0.000301,-0.007576,0.014702,0.006930,0.000000,0.202020,-0.014015,1.212121
1552,76.161820,448,67.351985,4,4,1.000000,1,1,-0.000299,-0.168527,0.026202,0.002053,0.000000,0.044643,-0.001925,0.267857
1553,-17.024617,690,2.675471,2,3,0.666667,0,1,-0.000290,-0.053623,0.024637,0.000835,-0.007246,0.014493,-0.003478,0.000000
1554,0.919868,691,2.685651,7,8,0.875000,0,1,-0.000289,-0.086831,0.049836,-0.000024,-0.007236,0.050651,-0.004776,0.000000
1555,204.742273,315,91.326662,5,5,1.000000,1,1,-0.000302,-0.014286,0.200692,0.007125,0.000000,0.079365,-0.003571,0.380952
1556,117.462785,28,993.969265,1,1,1.000000,1,1,-0.000300,-0.303571,0.000483,0.034202,0.000000,0.178571,0.000000,4.285714
1557,117.969303,690,2.718930,4,5,0.800000,0,1,-0.000290,-0.025000,0.179735,0.000818,-0.007246,0.028986,-0.006033,0.000000
1558,163.629936,319,88.126427,7,7,1.000000,1,1,-0.000301,-0.003135,0.033980,0.004620,0.000000,0.109718,-0.008111,0.376176
1559,10.978180,690,2.908447,6,8,0.750000,0,1,-0.000290,-0.034783,0.018914,-0.000196,-0.007246,0.043478,-0.003967,0.000000
1560,31.548242,690,3.168577,5,7,0.714286,0,1,-0.000290,-0.048551,0.066586,0.000622,-0.007246,0.036232,-0.001630,0.000000
1561,114.660513,150,189.695611,3,3,1.000000,1,1,-0.000300,-0.131667,0.001607,-0.002737,0.000000,0.100000,-0.002500,0.800000
1562,0.669355,691,2.529177,4,5,0.800000,0,1,-0.000289,-0.045224,0.035208,0.000964,-0.007236,0.028944,-0.011397,0.000000
1563,121.426837,57,494.473814,1,1,1.000000,1,1,-0.000299,-0.083333,0.006203,0.014742,0.000000,0.087719,0.000000,2.105263
1564,-72.859337,691,2.942391,0,1,0.000000,0,0,-0.000289,-0.098770,0.001952,-0.001097,-0.007236,0.000000,0.000000,0.000000
1565,124.872275,46,602.722973,1,1,1.000000,1,1,-0.000304,-0.005435,0.003281,-0.000319,0.000000,0.108696,0.000000,2.608696
1566,154.848768,210,137.954358,7,7,1.000000,1,1,-0.000298,-0.022619,0.017353,0.009129,0.000000,0.166667,-0.004286,0.571429
1567,83.218737,691,2.413522,7,8,0.875000,0,1,-0.000289,0.000000,0.089604,0.001052,-0.007236,0.050651,-0.013350,0.000000
1568,44.492828,691,2.496797,5,6,0.833333,0,1,-0.000289,0.000000,0.036661,0.000973,-0.007236,0.036179,-0.001899,0.000000
1569,21.950026,690,2.021087,5,7,0.714286,0,1,-0.000290,-0.006522,0.014549,0.001393,-0.007246,0.036232,-0.006304,0.000000
1570,156.459998,427,69.548415,6,6,1.000000,1,1,-0.000299,-0.011124,0.021064,0.007860,0.000000,0.070258,-0.002371,0.281030
1571,26.258602,690,1.906606,6,8,0.750000,0,1,-0.000290,-0.026449,0.032490,0.000910,-0.007246,0.043478,-0.004837,0.000000
1572,-24.486209,691,1.801707,5,6,0.833333,0,1,-0.000289,-0.063314,0.006984,-0.000162,-0.007236,0.036179,-0.007598,0.000000
1573,-53.598065,691,3.264253,4,5,0.800000,0,1,-0.000289,-0.106006,0.010541,0.001093,-0.007236,0.028944,-0.004613,0.000000
1574,2.877126,690,3.874439,7,8,0.875000,0,1,-0.000290,-0.095290,0.066155,0.000823,-0.007246,0.050725,-0.010707,0.000000
1575,45.337701,690,1.889576,6,7,0.857143,0,1,-0.000290,-0.026449,0.057303,0.001031,-0.007246,0.043478,-0.002120,0.000000
1576,-39.999563,690,1.642782,2,4,0.500000,0,1,-0.000290,-0.087319,0.024987,0.000176,-0.007246,0.014493,-0.002772,0.000000
1577,-20.963179,691,1.891176,5,8,0.625000,0,1,-0.000289,-0.041245,0.007342,0.001231,-0.007236,0.036179,-0.026321,0.000000
1578,-102.977562,691,4.964539,4,5,0.800000,0,1,-0.000289,-0.176918,0.009665,0.001312,-0.007236,0.028944,-0.004504,0.000000
1579,153.389625,144,206.748178,3,3,1.000000,1,1,-0.000300,0.000000,0.126522,0.003046,0.000000,0.104167,-0.001563,0.833333
1580,42.542932,691,1.728600,5,6,0.833333,0,1,-0.000289,0.000000,0.036174,0.000863,-0.007236,0.036179,-0.004124,0.000000
1581,136.069549,105,276.689970,3,3,1.000000,1,1,-0.000300,-0.026190,0.038056,0.003621,0.000000,0.142857,-0.005000,1.142857
1582,124.713734,18,1571.535538,1,1,1.000000,1,1,-0.000306,-0.027778,0.005747,0.006434,0.000000,0.277778,0.000000,6.666667
1583,120.531530,158,186.528902,3,3,1.000000,1,1,-0.000297,-0.148734,0.053339,0.005306,0.000000,0.094937,-0.001187,0.759494
1584,22.902474,352,88.052816,2,2,1.000000,1,1,-0.000296,-0.315341,0.011531,-0.000042,0.000000,0.028409,-0.000107,0.340909
1585,138.607254,295,98.496256,3,3,1.000000,1,1,-0.000296,-0.033898,0.044853,0.002205,0.000000,0.050847,-0.000636,0.406780
1586,109.943997,218,130.051440,1,1,1.000000,1,1,-0.000299,-0.073394,0.002849,0.001780,0.000000,0.022936,0.000000,0.550459
1587,147.593337,504,59.013178,8,8,1.000000,1,1,-0.000299,-0.063988,0.041596,0.003283,0.000000,0.079365,-0.005208,0.238095
1588,135.459319,288,97.426237,3,3,1.000000,1,1,-0.000300,0.000000,0.001204,0.003295,0.000000,0.052083,-0.002604,0.416667
1589,8.485619,690,3.538503,4,5,0.800000,0,1,-0.000290,-0.030797,0.025846,-0.000504,-0.007246,0.028986,-0.003696,0.000000
1590,121.653082,373,75.429347,3,3,1.000000,1,1,-0.000298,-0.028820,0.006933,0.005706,0.000000,0.040214,-0.019303,0.321716
1591,1.331259,691,3.199563,5,8,0.625000,0,1,-0.000289,-0.078148,0.053479,0.000655,-0.007236,0.036179,-0.002713,0.000000
1592,144.244746,316,88.824582,4,4,1.000000,1,1,-0.000300,-0.001582,0.025350,0.004561,0.000000,0.063291,-0.014597,0.379747
1593,123.992516,8,3137.629669,1,1,1.000000,1,1,-0.000307,-0.125000,0.000000,-0.000628,0.000000,0.625000,0.000000,15.000000
1594,135.788555,379,75.969496,5,5,1.000000,1,1,-0.000300,-0.036280,0.013547,0.002092,0.000000,0.065963,-0.003364,0.316623
1595,107.628977,444,64.579113,4,4,1.000000,1,1,-0.000301,-0.079955,0.010023,0.000029,0.000000,0.045045,-0.002703,0.270270
1596,118.075632,141,200.875776,3,3,1.000000,1,1,-0.000296,-0.134752,0.017952,-0.001605,0.000000,0.106383,-0.001330,0.851064
1597,130.339326,169,166.988490,2,2,1.000000,1,1,-0.000299,-0.029586,0.025701,0.006413,0.000000,0.059172,-0.000222,0.710059
1598,117.933769,270,105.194681,3,3,1.000000,1,1,-0.000298,-0.070370,0.007663,0.000631,0.000000,0.055556,-0.000833,0.444444
1599,126.476069,387,75.390355,5,5,1.000000,1,1,-0.000299,-0.055556,0.005526,0.004983,0.000000,0.064599,-0.002519,0.310078
1600,92.182454,486,63.623659,8,8,1.000000,1,1,-0.000298,-0.188272,0.061408,0.001586,0.000000,0.082305,-0.013966,0.246914
1601,121.215305,56,491.867096,1,1,1.000000,1,1,-0.000299,-0.075893,0.002696,0.005912,0.000000,0.089286,0.000000,2.142857
1602,93.242360,605,53.257147,6,6,1.000000,1,1,-0.000298,-0.190496,0.104318,0.004376,0.000000,0.049587,-0.011715,0.198347
1603,157.892290,392,73.197216,7,7,1.000000,1,1,-0.000302,-0.013393,0.025794,0.003027,0.000000,0.089286,-0.007749,0.306122
1604,123.378249,7,3519.927399,1,1,1.000000,1,1,-0.000313,-0.285714,0.014225,0.040123,0.000000,0.714286,0.000000,17.142857
1605,141.725657,378,72.379503,6,6,1.000000,1,1,-0.000300,-0.050265,0.029140,0.004595,0.000000,0.079365,-0.005060,0.317460
1606,21.481655,690,3.869110,3,4,0.750000,0,1,-0.000290,0.000000,0.016581,0.001436,-0.007246,0.021739,-0.001087,0.000000
1607,138.194071,356,82.246644,8,8,1.000000,1,1,-0.000298,-0.087781,0.035806,0.001870,0.000000,0.112360,-0.010850,0.337079
1608,28.701438,690,3.903409,5,7,0.714286,0,1,-0.000290,0.000000,0.016474,0.000286,-0.007246,0.036232,-0.003859,0.000000
1609,-48.585398,690,6.971158,5,7,0.714286,0,1,-0.000290,-0.120652,0.025602,-0.000200,-0.007246,0.036232,-0.003859,0.000000
1610,25.914625,690,3.331610,6,8,0.750000,0,1,-0.000290,-0.040942,0.044974,-0.000025,-0.007246,0.043478,-0.002391,0.000000
1611,-99.118289,691,8.111031,7,8,0.875000,0,1,-0.000289,-0.194284,0.024107,0.000975,-0.007236,0.050651,-0.017366,0.000000
1612,141.240166,269,105.951741,4,4,1.000000,1,1,-0.000299,-0.006506,0.011186,0.002180,0.000000,0.074349,-0.001952,0.446097
1613,14.967339,690,2.952581,6,8,0.750000,0,1,-0.000290,-0.036594,0.024105,0.000902,-0.007246,0.043478,-0.002663,0.000000
1614,2.275803,690,1.681258,2,3,0.666667,0,1,-0.000290,-0.028261,0.026988,-0.001026,-0.007246,0.014493,-0.001359,0.000000
1615,44.321794,689,1.916876,6,7,0.857143,0,1,-0.000290,0.000000,0.031894,0.001392,-0.007257,0.043541,-0.004953,0.000000
1616,132.052509,476,60.267147,4,4,1.000000,1,1,-0.000302,-0.025735,0.028242,0.000873,0.000000,0.042017,-0.019774,0.252101
1617,11.468835,689,1.664683,4,6,0.666667,0,1,-0.000290,-0.057692,0.064012,-0.000432,-0.007257,0.029028,-0.010722,0.000000
1618,127.470109,548,54.636705,6,6,1.000000,1,1,-0.000299,-0.069343,0.035290,0.003093,0.000000,0.054745,-0.009854,0.218978
1619,-37.363577,691,3.286874,6,8,0.750000,0,1,-0.000289,-0.109624,0.024438,0.000814,-0.007236,0.043415,-0.005590,0.000000
1620,-13.051295,690,1.610775,3,5,0.600000,0,1,-0.000290,-0.123913,0.092604,-0.000016,-0.007246,0.021739,-0.001793,0.000000
1621,95.957285,400,76.298165,6,6,1.000000,1,1,-0.000298,-0.155000,0.023550,0.003391,0.000000,0.075000,-0.006750,0.300000
1622,-108.521109,691,5.550032,5,6,0.833333,0,1,-0.000289,-0.205499,0.021575,-0.000259,-0.007236,0.036179,-0.001520,0.000000
1623,-61.207787,691,4.205290,5,8,0.625000,0,1,-0.000289,-0.164616,0.049531,0.000946,-0.007236,0.036179,-0.003093,0.000000
1624,24.194946,690,2.790710,7,8,0.875000,0,1,-0.000290,-0.024275,0.027264,0.001225,-0.007246,0.050725,-0.012337,0.000000
1625,-67.909765,690,3.374456,3,4,0.750000,0,1,-0.000290,-0.120652,0.009159,-0.000424,-0.007246,0.021739,-0.000707,0.000000
1626,-141.700092,690,6.711927,5,7,0.714286,0,1,-0.000290,-0.250362,0.017120,0.001086,-0.007246,0.036232,-0.001902,0.000000
1627,6.731400,690,0.729636,2,4,0.500000,0,1,-0.000290,-0.009783,0.013540,-0.000089,-0.007246,0.014493,-0.000870,0.000000
1628,30.913797,690,2.058845,5,7,0.714286,0,1,-0.000290,-0.037681,0.056028,0.000205,-0.007246,0.036232,-0.002446,0.000000
1629,2.155093,691,0.191260,0,1,0.000000,0,0,-0.000289,-0.001447,0.013510,-0.001419,-0.007236,0.000000,0.000000,0.000000
1630,-29.345244,690,2.233335,5,8,0.625000,0,1,-0.000290,-0.089855,0.023823,0.001112,-0.007246,0.036232,-0.006304,0.000000
1631,152.587512,215,145.635641,7,7,1.000000,1,1,-0.000299,-0.026744,0.017080,0.001883,0.000000,0.162791,-0.003140,0.558140
1632,128.933010,30,986.605202,3,3,1.000000,1,1,-0.000301,-0.391667,0.157098,0.050137,0.000000,0.500000,-0.017500,4.000000
1633,35.207125,690,1.622824,6,7,0.857143,0,1,-0.000290,0.000000,0.021028,-0.000130,-0.007246,0.043478,-0.005815,0.000000
1634,-26.571450,690,0.861910,1,2,0.500000,0,1,-0.000290,-0.042754,0.007005,-0.002362,-0.007246,0.007246,-0.000109,0.000000
1635,181.984569,434,68.848581,3,3,1.000000,1,1,-0.000300,0.000000,0.108368,0.000795,0.000000,0.034562,-0.000605,0.276498
1636,-3.034755,690,1.734786,5,6,0.833333,0,1,-0.000290,-0.063043,0.035999,-0.000234,-0.007246,0.036232,-0.005815,0.000000
1637,8.181971,690,1.122504,3,5,0.600000,0,1,-0.000290,-0.015942,0.015567,-0.000666,-0.007246,0.021739,-0.001304,0.000000
1638,53.761357,690,2.016946,6,8,0.750000,0,1,-0.000290,0.000000,0.065342,0.001522,-0.007246,0.043478,-0.024891,0.000000
1639,125.011971,575,51.646837,4,4,1.000000,1,1,-0.000298,-0.024783,0.013154,0.000991,0.000000,0.034783,-0.015130,0.208696
1640,3.098113,690,1.920851,5,7,0.714286,0,1,-0.000290,-0.016667,0.011490,0.000754,-0.007246,0.036232,-0.019783,0.000000
1641,33.937277,690,1.642130,6,7,0.857143,0,1,-0.000290,0.000000,0.015998,0.001973,-0.007246,0.043478,-0.004728,0.000000
1642,135.701310,14,2124.884811,3,3,1.000000,1,1,-0.000305,0.000000,0.026717,0.034396,0.000000,1.071429,-0.010714,8.571429
1643,7.876157,690,1.455690,4,5,0.800000,0,1,-0.000290,-0.044203,0.037802,0.000551,-0.007246,0.028986,-0.004185,0.000000
1644,-36.428036,690,0.660724,0,2,0.000000,0,0,-0.000290,-0.058333,0.012562,0.000514,-0.007246,0.000000,0.000000,0.000000
1645,135.010545,410,72.055627,3,3,1.000000,1,1,-0.000299,-0.011585,0.014925,-0.001735,0.000000,0.036585,-0.001280,0.292683
1646,127.511811,169,173.048300,3,3,1.000000,1,1,-0.000301,-0.045858,0.007395,0.000446,0.000000,0.088757,-0.005991,0.710059
1647,-7.138827,690,1.705984,4,5,0.800000,0,1,-0.000290,-0.063043,0.035155,0.001527,-0.007246,0.028986,-0.005435,0.000000
1648,92.839105,402,73.089027,3,3,1.000000,1,1,-0.000299,-0.116915,0.010953,0.002037,0.000000,0.037313,-0.000653,0.298507
1649,144.717404,310,95.505813,5,5,1.000000,1,1,-0.000298,-0.019355,0.021351,-0.000312,0.000000,0.080645,-0.002298,0.387097
1650,2.866813,690,2.494955,7,8,0.875000,0,1,-0.000290,-0.068478,0.031413,0.001782,-0.007246,0.050725,-0.003750,0.000000
1651,144.839080,546,55.407595,7,7,1.000000,1,1,-0.000299,-0.052198,0.034860,0.003629,0.000000,0.064103,-0.004602,0.219780
1652,172.061705,502,59.076074,8,8,1.000000,1,1,-0.000297,-0.005976,0.031867,0.002467,0.000000,0.079681,-0.004034,0.239044
1653,-32.836001,690,2.414819,5,6,0.833333,0,1,-0.000290,-0.081159,0.009921,-0.000698,-0.007246,0.036232,-0.004348,0.000000
1654,139.540752,364,79.392727,4,4,1.000000,1,1,-0.000297,-0.026099,0.029058,0.002567,0.000000,0.054945,-0.006490,0.329670
1655,117.977050,393,73.931298,2,2,1.000000,1,1,-0.000298,-0.034987,0.004549,0.001861,0.000000,0.025445,-0.001718,0.305344
1656,-159.890084,690,5.674294,1,2,0.500000,0,1,-0.000290,-0.242391,0.011841,-0.000722,-0.007246,0.007246,-0.000163,0.000000
1657,137.379791,299,95.970601,3,3,1.000000,1,1,-0.000299,0.000000,0.008203,0.001561,0.000000,0.050167,-0.001505,0.401338
1658,-38.099164,690,2.090256,2,3,0.666667,0,1,-0.000290,-0.078261,0.023331,0.000475,-0.007246,0.014493,-0.007717,0.000000
1659,125.933935,167,176.911739,3,3,1.000000,1,1,-0.000294,-0.076347,0.016363,0.007113,0.000000,0.089820,-0.001123,0.718563
1660,123.897801,5,4495.464554,1,1,1.000000,1,1,-0.000316,-0.250000,0.012685,0.017191,0.000000,1.000000,0.000000,24.000000
1661,121.581973,16,1743.092094,1,1,1.000000,1,1,-0.000302,-0.218750,0.003513,0.001912,0.000000,0.312500,0.000000,7.500000
1662,120.830366,451,63.732619,1,1,1.000000,1,1,-0.000298,-0.009978,0.000222,0.000808,0.000000,0.011086,0.000000,0.266075
1663,-29.858387,690,1.874988,1,2,0.500000,0,1,-0.000290,-0.046377,0.004775,-0.000946,-0.007246,0.007246,-0.000435,0.000000
1664,24.668285,690,2.195458,5,7,0.714286,0,1,-0.000290,-0.009058,0.020328,-0.000954,-0.007246,0.036232,-0.003261,0.000000
1665,11.246151,690,2.417753,6,7,0.857143,0,1,-0.000290,-0.032246,0.018129,-0.000580,-0.007246,0.043478,-0.004946,0.000000
1666,51.471951,691,1.969193,5,6,0.833333,0,1,-0.000289,0.000000,0.050946,-0.001258,-0.007236,0.036179,-0.003853,0.000000
1667,149.395290,518,57.220786,7,7,1.000000,1,1,-0.000299,-0.015927,0.016762,0.003991,0.000000,0.067568,-0.015347,0.231660
1668,19.415885,690,0.966700,2,3,0.666667,0,1,-0.000290,0.000000,0.021322,0.000078,-0.007246,0.014493,-0.000217,0.000000
1669,26.344119,690,2.670646,6,7,0.857143,0,1,-0.000290,-0.014855,0.021586,0.000344,-0.007246,0.043478,-0.004837,0.000000
1670,-175.536077,691,7.937633,6,8,0.750000,0,1,-0.000289,-0.359624,0.074217,0.000531,-0.007236,0.043415,-0.005047,0.000000
1671,159.427136,387,77.821491,8,8,1.000000,1,1,-0.000299,-0.034884,0.046190,0.001563,0.000000,0.103359,-0.014050,0.310078
1672,225.327451,434,72.725045,5,5,1.000000,1,1,-0.000299,-0.014401,0.201186,0.004389,0.000000,0.057604,-0.005789,0.276498
1673,63.500170,689,2.885919,7,8,0.875000,0,1,-0.000290,0.000000,0.083535,0.001189,-0.007257,0.050798,-0.035813,0.000000
1674,133.560457,422,69.004198,4,4,1.000000,1,1,-0.000299,-0.039100,0.026575,0.002985,0.000000,0.047393,-0.005421,0.284360
1675,150.670343,282,104.448139,7,7,1.000000,1,1,-0.000297,-0.018617,0.008632,-0.002146,0.000000,0.124113,-0.002926,0.425532
1676,159.640832,488,60.076411,5,5,1.000000,1,1,-0.000299,-0.004611,0.049256,0.006711,0.000000,0.051230,-0.021055,0.245902
1677,128.974207,15,1901.234863,2,2,1.000000,1,1,-0.000300,-0.133333,0.019600,0.050648,0.000000,0.666667,-0.005000,8.000000
1678,147.311135,562,53.816614,7,7,1.000000,1,1,-0.000299,-0.065836,0.055607,0.003987,0.000000,0.062278,-0.007140,0.213523
1679,20.891700,690,2.453515,5,6,0.833333,0,1,-0.000290,-0.034420,0.046283,0.003144,-0.007246,0.036232,-0.013424,0.000000
1680,130.372863,327,87.403557,3,3,1.000000,1,1,-0.000301,-0.006881,0.011972,0.002275,0.000000,0.045872,-0.021216,0.366972
1681,132.000822,356,80.453218,3,3,1.000000,1,1,-0.000299,0.000000,0.007612,0.004171,0.000000,0.042135,-0.019909,0.337079
1682,-11.037205,690,3.320552,6,8,0.750000,0,1,-0.000290,-0.104710,0.059512,0.000325,-0.007246,0.043478,-0.007065,0.000000
1683,120.422916,485,60.933758,6,6,1.000000,1,1,-0.000300,-0.078866,0.017175,0.003327,0.000000,0.061856,-0.002320,0.247423
1684,140.933126,114,245.150628,4,4,1.000000,1,1,-0.000299,0.000000,0.008182,0.009513,0.000000,0.175439,-0.009211,1.052632
1685,145.301350,14,2110.055023,5,5,1.000000,1,1,-0.000300,-0.053571,0.009057,0.087768,0.000000,1.785714,-0.021429,8.571429
1686,-140.995091,691,6.909827,5,6,0.833333,0,1,-0.000289,-0.231187,0.018644,0.000683,-0.007236,0.036179,-0.020839,0.000000
1687,84.940989,134,215.022264,1,1,1.000000,1,1,-0.000299,-0.315299,0.009756,0.006894,0.000000,0.037313,0.000000,0.895522
1688,104.149783,395,73.345791,4,4,1.000000,1,1,-0.000299,-0.105063,0.013716,0.002121,0.000000,0.050633,-0.001234,0.303797
1689,-21.401452,690,3.529439,5,6,0.833333,0,1,-0.000290,-0.075000,0.018461,-0.000021,-0.007246,0.036232,-0.003152,0.000000
1690,119.205526,618,50.091784,8,8,1.000000,1,1,-0.000301,-0.116909,0.057685,0.003102,0.000000,0.064725,-0.009587,0.194175
1691,112.981748,192,146.677544,3,3,1.000000,1,1,-0.000299,-0.115885,0.004689,0.002286,0.000000,0.078125,-0.005469,0.625000
1692,160.314498,91,322.614622,8,8,1.000000,1,1,-0.000298,-0.021978,0.047393,0.003889,0.000000,0.439560,-0.025549,1.318681
1693,112.982591,289,99.481715,3,3,1.000000,1,1,-0.000299,-0.089965,0.011647,0.003471,0.000000,0.051903,-0.001038,0.415225
1694,140.544501,273,103.252029,4,4,1.000000,1,1,-0.000299,-0.005495,0.006275,0.005222,0.000000,0.073260,-0.003709,0.439560
1695,152.830617,238,130.474520,7,7,1.000000,1,1,-0.000297,-0.013655,0.011355,-0.000687,0.000000,0.147059,-0.005830,0.504202
1696,184.197993,633,53.081431,6,6,1.000000,1,1,-0.000303,-0.072670,0.127317,0.001754,0.000000,0.047393,-0.002073,0.189573
1697,30.363169,690,3.860622,6,7,0.857143,0,1,-0.000290,0.000000,0.014261,0.000486,-0.007246,0.043478,-0.006685,0.000000
1698,-61.273369,691,6.229452,7,8,0.875000,0,1,-0.000289,-0.158828,0.034880,0.000994,-0.007236,0.050651,-0.008846,0.000000
1699,153.247072,211,145.888818,6,6,1.000000,1,1,-0.000298,0.000000,0.014496,0.004213,0.000000,0.142180,-0.003021,0.568720
1700,99.502547,213,131.577604,3,3,1.000000,1,1,-0.000299,-0.214789,0.050401,0.001376,0.000000,0.070423,-0.003345,0.563380
1701,121.866512,24,1115.529293,1,1,1.000000,1,1,-0.000300,-0.135417,0.003758,0.001396,0.000000,0.208333,0.000000,5.000000
1702,91.508924,384,74.890914,1,1,1.000000,1,1,-0.000300,-0.093099,0.006223,-0.000041,0.000000,0.013021,0.000000,0.312500
1703,-33.415403,691,5.549009,7,8,0.875000,0,1,-0.000289,-0.136397,0.057852,0.002636,-0.007236,0.050651,-0.015575,0.000000
1704,138.376142,313,88.526213,3,3,1.000000,1,1,-0.000300,0.000000,0.009121,0.003763,0.000000,0.047923,-0.001797,0.383387
1705,139.563720,424,67.485552,5,5,1.000000,1,1,-0.000300,-0.037736,0.026998,0.002462,0.000000,0.058962,-0.004245,0.283019
1706,115.903217,177,157.677494,1,1,1.000000,1,1,-0.000297,-0.050847,0.001267,-0.001516,0.000000,0.028249,0.000000,0.677966
1707,119.808153,117,237.456487,2,2,1.000000,1,1,-0.000297,-0.102564,0.016615,0.000098,0.000000,0.085470,-0.000962,1.025641
1708,31.462397,329,102.608964,6,6,1.000000,1,1,-0.000300,-0.348784,0.020571,0.003551,0.000000,0.091185,-0.035334,0.364742
1709,130.523093,418,69.706045,4,4,1.000000,1,1,-0.000300,-0.029904,0.011250,0.001755,0.000000,0.047847,-0.005472,0.287081
1710,15.121268,690,4.942456,6,7,0.857143,0,1,-0.000290,-0.059058,0.047224,0.003079,-0.007246,0.043478,-0.005272,0.000000
1711,-6.492671,691,5.836905,7,8,0.875000,0,1,-0.000289,-0.105282,0.071649,0.000974,-0.007236,0.050651,-0.019863,0.000000
1712,-144.263874,691,8.254092,7,8,0.875000,0,1,-0.000289,-0.286541,0.066104,0.000663,-0.007236,0.050651,-0.032127,0.000000
1713,108.490540,426,66.944340,3,3,1.000000,1,1,-0.000301,-0.066901,0.007776,-0.000865,0.000000,0.035211,-0.001937,0.281690
1714,151.350988,319,88.782094,5,5,1.000000,1,1,-0.000301,-0.003135,0.035958,0.001728,0.000000,0.078370,-0.014342,0.376176
1715,-187.673716,690,10.977857,4,5,0.800000,0,1,-0.000290,-0.304348,0.016001,0.000504,-0.007246,0.028986,-0.005598,0.000000
1716,153.330368,274,104.783148,6,6,1.000000,1,1,-0.000299,0.000000,0.018477,0.003557,0.000000,0.109489,-0.009580,0.437956
1717,115.234092,145,192.449351,2,2,1.000000,1,1,-0.000300,-0.115517,0.012539,0.001961,0.000000,0.068966,-0.000517,0.827586
1718,114.320217,168,165.356492,1,1,1.000000,1,1,-0.000304,-0.069940,0.004515,0.002159,0.000000,0.029762,0.000000,0.714286
1719,118.857763,118,236.157460,1,1,1.000000,1,1,-0.000298,-0.055085,0.003145,0.000186,0.000000,0.042373,0.000000,1.016949
1720,94.334479,483,59.802446,2,2,1.000000,1,1,-0.000302,-0.076605,0.003997,-0.000156,0.000000,0.020704,-0.000776,0.248447
1721,129.458623,190,147.588957,3,3,1.000000,1,1,-0.000298,-0.035526,0.009999,0.000608,0.000000,0.078947,-0.003947,0.631579
1722,123.967785,88,310.665699,1,1,1.000000,1,1,-0.000299,-0.014205,0.002558,0.000216,0.000000,0.056818,0.000000,1.363636
1723,126.113062,329,85.833180,4,4,1.000000,1,1,-0.000298,-0.047872,0.017107,0.003215,0.000000,0.060790,-0.014362,0.364742
1724,125.084222,14,1906.393631,1,1,1.000000,1,1,-0.000304,0.000000,0.004710,0.001610,0.000000,0.357143,0.000000,8.571429
1725,137.969015,225,121.771088,3,3,1.000000,1,1,-0.000299,0.000000,0.013964,0.000698,0.000000,0.066667,-0.001167,0.533333
1726,-64.305852,690,6.250856,4,6,0.666667,0,1,-0.000290,-0.130435,0.022227,0.000573,-0.007246,0.028986,-0.007011,0.000000
1727,43.450732,690,6.196325,3,6,0.500000,0,1,-0.000290,-0.073188,0.124848,-0.000554,-0.007246,0.021739,-0.002337,0.000000
1728,104.072841,286,96.752419,1,1,1.000000,1,1,-0.000300,-0.085664,0.007075,0.005717,0.000000,0.017483,0.000000,0.419580
1729,130.168704,629,50.321765,5,5,1.000000,1,1,-0.000303,-0.063990,0.043641,0.001664,0.000000,0.039746,-0.004591,0.190779
1730,125.335201,7,3479.546356,1,1,1.000000,1,1,-0.000308,-0.035714,0.014435,0.069474,0.000000,0.714286,0.000000,17.142857
1731,142.054207,424,66.336451,5,5,1.000000,1,1,-0.000300,-0.039505,0.034782,0.001878,0.000000,0.058962,-0.003803,0.283019
1732,49.246689,691,5.394056,5,6,0.833333,0,1,-0.000289,-0.061143,0.107005,-0.001673,-0.007236,0.036179,-0.001574,0.000000
1733,124.625278,2,6502.832581,1,1,1.000000,1,1,-0.000327,-0.250000,0.016760,0.046206,0.000000,2.500000,0.000000,60.000000
1734,128.573010,11,2438.755096,2,2,1.000000,1,1,-0.000307,-0.159091,0.021609,0.014881,0.000000,0.909091,-0.006818,10.909091
1735,-14.237741,691,4.974111,5,6,0.833333,0,1,-0.000289,-0.068379,0.020879,0.000738,-0.007236,0.036179,-0.002496,0.000000
1736,38.810346,691,3.958028,7,8,0.875000,0,1,-0.000289,-0.006512,0.027424,0.000811,-0.007236,0.050651,-0.008683,0.000000
1737,-16.761179,691,2.943983,2,3,0.666667,0,1,-0.000289,-0.038350,0.016457,-0.001278,-0.007236,0.014472,-0.008032,0.000000
1738,-5.401648,691,2.411594,1,2,0.500000,0,1,-0.000289,-0.056440,0.048150,0.002065,-0.007236,0.007236,-0.001302,0.000000
1739,149.013719,370,77.071855,7,7,1.000000,1,1,-0.000299,-0.030405,0.025189,0.004235,0.000000,0.094595,-0.014899,0.324324
1740,91.611140,318,90.704112,3,3,1.000000,1,1,-0.000299,-0.139151,0.007477,-0.002112,0.000000,0.047170,-0.002358,0.377358
1741,151.354636,271,110.288488,5,5,1.000000,1,1,-0.000299,-0.000923,0.041108,0.007502,0.000000,0.092251,-0.023939,0.442804
1742,11.960388,691,1.773796,1,2,0.500000,0,1,-0.000289,-0.020260,0.037491,0.001399,-0.007236,0.007236,-0.001031,0.000000
1743,-22.282854,691,2.582965,2,3,0.666667,0,1,-0.000289,-0.047757,0.007823,0.002368,-0.007236,0.014472,-0.001628,0.000000
1744,122.220934,76,361.256710,2,2,1.000000,1,1,-0.000301,-0.108553,0.005304,0.001687,0.000000,0.131579,-0.000493,1.578947
1745,139.096128,181,159.792951,6,6,1.000000,1,1,-0.000300,-0.077348,0.016500,0.008157,0.000000,0.165746,-0.007251,0.662983
1746,134.794964,228,122.987069,4,4,1.000000,1,1,-0.000298,-0.032895,0.007189,0.004491,0.000000,0.087719,-0.001316,0.526316
1747,133.271006,44,629.229721,2,2,1.000000,1,1,-0.000298,-0.051136,0.091255,0.037930,0.000000,0.227273,-0.003409,2.727273
1748,156.590854,307,92.415759,6,6,1.000000,1,1,-0.000300,-0.077362,0.112338,0.008291,0.000000,0.097720,-0.021498,0.390879
1749,123.072711,49,552.204803,1,1,1.000000,1,1,-0.000298,-0.030612,0.003783,-0.012204,0.000000,0.102041,0.000000,2.448980
1750,124.494249,326,86.023444,2,2,1.000000,1,1,-0.000300,-0.014571,0.003084,-0.001307,0.000000,0.030675,-0.003796,0.368098
1751,148.869597,294,94.889413,5,5,1.000000,1,1,-0.000300,0.000000,0.016371,0.002958,0.000000,0.085034,-0.005867,0.408163
1752,173.749456,386,73.411292,6,6,1.000000,1,1,-0.000301,0.000000,0.065041,0.003295,0.000000,0.077720,-0.006509,0.310881
1753,114.015093,249,111.115535,2,2,1.000000,1,1,-0.000299,-0.074297,0.011697,-0.000243,0.000000,0.040161,-0.001054,0.481928
1754,130.617698,546,55.921243,5,5,1.000000,1,1,-0.000301,-0.053571,0.047605,0.002522,0.000000,0.045788,-0.022596,0.219780
1755,147.683354,216,127.611133,4,4,1.000000,1,1,-0.000301,0.000000,0.032072,0.006752,0.000000,0.092593,-0.002951,0.555556
1756,124.533830,259,105.595798,2,2,1.000000,1,1,-0.000300,-0.029923,0.008452,0.001390,0.000000,0.038610,-0.000724,0.463320
1757,157.630225,218,128.169474,5,5,1.000000,1,1,-0.000300,0.000000,0.056734,0.003911,0.000000,0.114679,-0.002408,0.550459
1758,128.396287,33,817.560486,2,2,1.000000,1,1,-0.000303,-0.090909,0.017148,0.027739,0.000000,0.303030,-0.002273,3.636364
1759,146.009415,425,67.875427,6,6,1.000000,1,1,-0.000298,-0.047647,0.039030,0.003672,0.000000,0.070588,-0.004147,0.282353
1760,159.871889,435,68.022820,7,7,1.000000,1,1,-0.000300,-0.001149,0.016808,-0.000107,0.000000,0.080460,-0.004052,0.275862
1761,138.163303,219,124.697344,5,5,1.000000,1,1,-0.000298,-0.095890,0.065408,0.010693,0.000000,0.114155,-0.011130,0.547945
1762,150.991760,120,231.659234,3,3,1.000000,1,1,-0.000301,0.000000,0.126409,0.007781,0.000000,0.125000,-0.000625,1.000000
1763,156.970549,330,84.650583,7,7,1.000000,1,1,-0.000300,-0.001515,0.010241,0.003455,0.000000,0.106061,-0.005909,0.363636
1764,-21.619702,691,7.283426,5,6,0.833333,0,1,-0.000289,-0.087192,0.034107,0.000036,-0.007236,0.036179,-0.006892,0.000000
1765,155.500478,578,52.233003,5,5,1.000000,1,1,-0.000301,-0.002163,0.024670,0.001411,0.000000,0.043253,-0.005450,0.207612
1766,104.628128,392,73.296556,6,6,1.000000,1,1,-0.000298,-0.155612,0.041654,0.006069,0.000000,0.076531,-0.007557,0.306122
1767,-4.999648,691,4.684732,3,4,0.750000,0,1,-0.000289,-0.034370,0.020264,0.000775,-0.007236,0.021708,-0.008086,0.000000
1768,-82.083722,691,8.363618,5,6,0.833333,0,1,-0.000289,-0.163893,0.022211,0.001348,-0.007236,0.036179,-0.007109,0.000000
1769,123.328556,28,956.063671,1,1,1.000000,1,1,-0.000298,-0.089286,0.006928,0.022961,0.000000,0.178571,0.000000,4.285714
1770,127.920619,473,59.388753,3,3,1.000000,1,1,-0.000300,-0.025899,0.009053,0.003685,0.000000,0.031712,-0.001506,0.253700
1771,124.561005,2,6494.578888,1,1,1.000000,1,1,-0.000327,-0.250000,0.021493,0.009336,0.000000,2.500000,0.000000,60.000000
1772,4.147995,691,3.099867,3,4,0.750000,0,1,-0.000289,-0.029305,0.024924,0.001466,-0.007236,0.021708,-0.005264,0.000000
1773,118.675815,125,222.879038,1,1,1.000000,1,1,-0.000299,-0.046000,0.000000,-0.004295,0.000000,0.040000,0.000000,0.960000
1774,1.738593,691,2.457272,1,4,0.250000,0,1,-0.000289,-0.035818,0.038055,0.001111,-0.007236,0.007236,-0.000543,0.000000
1775,160.175341,296,100.880067,7,7,1.000000,1,1,-0.000299,-0.034628,0.057519,0.004268,0.000000,0.118243,-0.009375,0.405405
1776,126.247407,440,63.194121,3,3,1.000000,1,1,-0.000301,0.000000,0.012323,0.000813,0.000000,0.034091,-0.032727,0.272727
1777,-179.261203,691,8.388987,0,3,0.000000,0,0,-0.000289,-0.307525,0.056428,-0.000800,-0.007236,0.000000,0.000000,0.000000
1778,136.480005,197,144.792687,5,5,1.000000,1,1,-0.000298,-0.054569,0.015941,0.005385,0.000000,0.126904,-0.009708,0.609137
1779,22.004439,691,2.466863,4,5,0.800000,0,1,-0.000289,-0.003256,0.019346,0.001011,-0.007236,0.028944,-0.006675,0.000000
1780,133.022718,238,118.948688,3,3,1.000000,1,1,-0.000298,-0.017857,0.016784,0.006456,0.000000,0.063025,-0.013393,0.504202
1781,188.542477,331,86.586356,8,8,1.000000,1,1,-0.000299,0.000000,0.099337,0.008039,0.000000,0.120846,-0.020846,0.362538
1782,26.627822,691,4.123219,6,7,0.857143,0,1,-0.000289,-0.015919,0.026107,0.000164,-0.007236,0.043415,-0.007706,0.000000
1783,37.626823,691,3.104594,7,8,0.875000,0,1,-0.000289,-0.007959,0.026853,0.000736,-0.007236,0.050651,-0.008303,0.000000
1784,85.027518,405,71.947665,5,5,1.000000,1,1,-0.000299,-0.161728,0.014187,0.003371,0.000000,0.061728,-0.003611,0.296296
1785,-53.199888,691,3.016812,2,3,0.666667,0,1,-0.000289,-0.094790,0.015177,-0.000796,-0.007236,0.014472,-0.003527,0.000000
1786,72.347534,536,56.474925,6,6,1.000000,1,1,-0.000298,-0.172108,0.032214,0.003294,0.000000,0.055970,-0.007976,0.223881
1787,118.718933,485,58.443131,3,3,1.000000,1,1,-0.000300,-0.040206,0.009228,0.000338,0.000000,0.030928,-0.002629,0.247423
1788,36.513189,691,2.740088,6,7,0.857143,0,1,-0.000289,-0.007598,0.030340,0.000938,-0.007236,0.043415,-0.006729,0.000000
1789,-31.841454,691,3.479045,5,6,0.833333,0,1,-0.000289,-0.107091,0.039282,0.003006,-0.007236,0.036179,-0.009931,0.000000
1790,120.420589,295,97.688585,4,4,1.000000,1,1,-0.000298,-0.081356,0.015144,0.005859,0.000000,0.067797,-0.005720,0.406780
1791,122.893742,196,148.006408,2,2,1.000000,1,1,-0.000296,-0.040816,0.009131,0.006823,0.000000,0.051020,-0.011097,0.612245
1792,122.551057,202,142.953978,3,3,1.000000,1,1,-0.000297,-0.080446,0.017726,0.001760,0.000000,0.074257,-0.000371,0.594059
1793,122.229374,111,251.560691,1,1,1.000000,1,1,-0.000300,-0.031532,0.007073,-0.000203,0.000000,0.045045,0.000000,1.081081
1794,136.438818,285,99.340024,5,5,1.000000,1,1,-0.000298,-0.035965,0.014145,0.001553,0.000000,0.087719,-0.009474,0.421053
1795,203.759393,313,96.367302,5,5,1.000000,1,1,-0.000298,-0.014377,0.209143,0.008237,0.000000,0.079872,-0.014976,0.383387
1796,128.492946,53,525.225002,2,2,1.000000,1,1,-0.000301,-0.056604,0.018336,0.012256,0.000000,0.188679,-0.002123,2.264151
1797,10.939469,691,2.827120,5,6,0.833333,0,1,-0.000289,-0.037988,0.029681,0.001563,-0.007236,0.036179,-0.006078,0.000000
1798,121.450450,433,66.833786,4,4,1.000000,1,1,-0.000298,-0.048499,0.008523,0.002804,0.000000,0.046189,-0.005370,0.277136
1799,113.635010,413,67.773154,2,2,1.000000,1,1,-0.000299,-0.041768,0.004343,-0.000993,0.000000,0.024213,-0.000908,0.290557
1800,101.690931,521,54.788550,2,2,1.000000,1,1,-0.000299,-0.060461,0.004785,0.002502,0.000000,0.019194,-0.000864,0.230326
1801,161.572926,379,75.366359,6,6,1.000000,1,1,-0.000299,0.000000,0.036086,0.002466,0.000000,0.079156,-0.007718,0.316623
1802,122.410437,192,145.268329,1,1,1.000000,1,1,-0.000301,-0.015625,0.000184,0.002254,0.000000,0.026042,0.000000,0.625000
1803,-19.000516,377,86.847798,6,6,1.000000,1,1,-0.000298,-0.439655,0.030068,0.003285,0.000000,0.079576,-0.041678,0.318302
1804,122.422700,247,114.114433,2,2,1.000000,1,1,-0.000298,-0.031377,0.000907,0.000546,0.000000,0.040486,-0.000455,0.485830
1805,117.594105,387,73.015090,6,6,1.000000,1,1,-0.000297,-0.133721,0.049789,0.003302,0.000000,0.077519,-0.002810,0.310078
1806,194.114553,503,56.551779,8,8,1.000000,1,1,-0.000299,0.000000,0.087888,0.004836,0.000000,0.079523,-0.024602,0.238569
1807,32.187541,691,5.627647,5,6,0.833333,0,1,-0.000289,-0.082851,0.101245,0.001920,-0.007236,0.036179,-0.002388,0.000000
1808,119.318651,479,58.779350,3,3,1.000000,1,1,-0.000299,-0.052192,0.017034,0.003893,0.000000,0.031315,-0.001174,0.250522
1809,-93.032489,691,7.702957,5,6,0.833333,0,1,-0.000289,-0.176194,0.016469,-0.000416,-0.007236,0.036179,-0.003148,0.000000
1810,110.303356,340,83.847064,4,4,1.000000,1,1,-0.000297,-0.111765,0.028058,0.005926,0.000000,0.058824,-0.009265,0.352941
1811,129.616549,344,81.132030,3,3,1.000000,1,1,-0.000298,-0.042151,0.026976,0.002658,0.000000,0.043605,-0.002834,0.348837
1812,111.969498,244,116.952648,2,2,1.000000,1,1,-0.000298,-0.088115,0.018416,-0.000057,0.000000,0.040984,-0.003842,0.491803
1813,157.118690,300,96.361674,7,7,1.000000,1,1,-0.000297,-0.008333,0.014134,0.007059,0.000000,0.116667,-0.005500,0.400000
1814,165.669410,429,67.045038,6,6,1.000000,1,1,-0.000299,0.000000,0.039277,0.004890,0.000000,0.069930,-0.007343,0.279720
1815,148.932273,382,71.878503,4,4,1.000000,1,1,-0.000299,0.000000,0.025157,0.003434,0.000000,0.052356,-0.004908,0.314136
1816,129.128983,320,91.509569,6,6,1.000000,1,1,-0.000300,-0.141406,0.076729,0.003623,0.000000,0.093750,-0.003867,0.375000
1817,166.527279,584,51.874548,8,8,1.000000,1,1,-0.000300,-0.005565,0.019767,0.004852,0.000000,0.068493,-0.007577,0.205479
1818,162.991152,220,133.281349,8,8,1.000000,1,1,-0.000297,-0.010227,0.020784,0.008279,0.000000,0.181818,-0.004943,0.545455
1819,145.943192,478,62.321137,7,7,1.000000,1,1,-0.000299,-0.025105,0.016561,0.004566,0.000000,0.073222,-0.014671,0.251046
1820,210.726866,521,56.746244,8,8,1.000000,1,1,-0.000302,0.000000,0.106794,0.006563,0.000000,0.076775,-0.015691,0.230326
1821,157.349007,390,75.710567,7,7,1.000000,1,1,-0.000298,-0.042308,0.049737,0.004469,0.000000,0.089744,-0.005577,0.307692
1822,28.872814,691,5.070202,6,7,0.857143,0,1,-0.000289,-0.018090,0.029310,-0.000062,-0.007236,0.043415,-0.005264,0.000000
1823,157.157627,626,50.707390,7,7,1.000000,1,1,-0.000300,-0.059904,0.065848,0.004633,0.000000,0.055911,-0.006829,0.191693
1824,156.722612,294,96.081256,8,8,1.000000,1,1,-0.000298,-0.034014,0.023902,0.005385,0.000000,0.136054,-0.006122,0.408163
1825,-17.246219,690,5.591644,6,8,0.750000,0,1,-0.000290,-0.129348,0.073371,0.000909,-0.007246,0.043478,-0.005870,0.000000
1826,62.097776,350,83.788624,5,5,1.000000,1,1,-0.000299,-0.259286,0.022590,0.005381,0.000000,0.071429,-0.005250,0.342857
1827,130.179028,321,88.994740,6,6,1.000000,1,1,-0.000298,-0.082555,0.023013,0.001596,0.000000,0.093458,-0.003505,0.373832
1828,92.965103,249,113.003892,1,1,1.000000,1,1,-0.000296,-0.123494,0.000897,-0.005761,0.000000,0.020080,0.000000,0.481928
1829,162.106403,465,58.860551,5,5,1.000000,1,1,-0.000302,-0.007527,0.051976,0.006753,0.000000,0.053763,-0.014113,0.258065
1830,181.234090,469,58.795171,7,7,1.000000,1,1,-0.000299,0.000000,0.058393,0.005758,0.000000,0.074627,-0.007916,0.255864
1831,-23.146341,691,5.171738,7,8,0.875000,0,1,-0.000289,-0.118669,0.048647,0.001376,-0.007236,0.050651,-0.007978,0.000000
1832,136.255953,308,88.791087,3,3,1.000000,1,1,-0.000296,0.000000,0.002118,0.003718,0.000000,0.048701,-0.001461,0.389610
1833,-60.862302,691,7.244090,5,6,0.833333,0,1,-0.000289,-0.154486,0.041981,0.004564,-0.007236,0.036179,-0.008792,0.000000
1834,175.796095,336,82.955061,6,6,1.000000,1,1,-0.000297,0.000000,0.082133,0.001300,0.000000,0.089286,-0.006362,0.357143
1835,105.672243,245,113.382765,1,1,1.000000,1,1,-0.000298,-0.077551,0.001105,-0.002144,0.000000,0.020408,0.000000,0.489796
1836,128.877912,72,402.942635,2,2,1.000000,1,1,-0.000300,-0.034722,0.020547,-0.000067,0.000000,0.138889,-0.001042,1.666667
1837,155.789852,191,160.761571,6,6,1.000000,1,1,-0.000298,-0.005236,0.024098,0.015283,0.000000,0.157068,-0.003534,0.628272
1838,138.196928,254,107.737768,3,3,1.000000,1,1,-0.000297,0.000000,0.011768,0.003773,0.000000,0.059055,-0.002657,0.472441
1839,130.429946,166,168.960921,4,4,1.000000,1,1,-0.000298,-0.075301,0.040599,0.011686,0.000000,0.120482,-0.034337,0.722892
1840,19.772701,691,5.679011,5,7,0.714286,0,1,-0.000289,-0.024240,0.029344,0.001260,-0.007236,0.036179,-0.006404,0.000000
1841,124.642383,17,1623.416138,2,2,1.000000,1,1,-0.000302,-0.352941,0.012821,0.029681,0.000000,0.588235,-0.004412,7.058824
1842,8.547232,691,5.315808,2,4,0.500000,0,1,-0.000289,-0.031114,0.037985,0.000235,-0.007236,0.014472,-0.001682,0.000000
1843,131.972816,332,81.707403,3,3,1.000000,1,1,-0.000298,0.000000,0.010599,0.001364,0.000000,0.045181,-0.020783,0.361446
1844,116.447190,312,89.973372,2,2,1.000000,1,1,-0.000298,-0.052083,0.007790,0.002836,0.000000,0.032051,-0.001683,0.384615
1845,135.728792,408,67.487546,5,5,1.000000,1,1,-0.000299,-0.036152,0.013462,0.003942,0.000000,0.061275,-0.003676,0.294118
1846,-39.261071,691,7.698207,7,8,0.875000,0,1,-0.000289,-0.156295,0.061003,0.004411,-0.007236,0.050651,-0.009063,0.000000
1847,129.072040,356,80.088224,8,8,1.000000,1,1,-0.000300,-0.124298,0.038759,0.005599,0.000000,0.112360,-0.006636,0.337079
1848,159.072172,593,50.745100,7,7,1.000000,1,1,-0.000301,-0.009275,0.019676,0.003407,0.000000,0.059022,-0.006640,0.202361
1849,128.934679,443,64.990311,6,6,1.000000,1,1,-0.000299,-0.101016,0.054647,0.003857,0.000000,0.067720,-0.004740,0.270880
1850,147.325493,83,364.584372,5,5,1.000000,1,1,-0.000298,0.000000,0.015762,0.017524,0.000000,0.301205,-0.004970,1.445783
1851,141.960861,435,65.444202,4,4,1.000000,1,1,-0.000301,-0.018966,0.027391,0.002158,0.000000,0.045977,-0.005776,0.275862
1852,125.123418,3,5718.639435,1,1,1.000000,1,1,-0.000324,0.000000,0.051573,-0.010110,0.000000,1.666667,0.000000,40.000000
1853,160.003953,372,76.333480,8,8,1.000000,1,1,-0.000298,-0.009409,0.018367,0.001835,0.000000,0.107527,-0.010484,0.322581
1854,33.043845,691,3.755574,4,6,0.666667,0,1,-0.000289,-0.015195,0.048638,0.000774,-0.007236,0.028944,-0.007815,0.000000
1855,103.857412,441,63.304866,4,4,1.000000,1,1,-0.000298,-0.103741,0.030475,0.001388,0.000000,0.045351,-0.009779,0.272109
1856,-26.969910,691,4.705676,3,4,0.750000,0,1,-0.000289,-0.053907,0.010140,0.000649,-0.007236,0.021708,-0.010094,0.000000
1857,17.280078,691,4.275572,4,7,0.571429,0,1,-0.000289,-0.011939,0.022354,-0.001128,-0.007236,0.028944,-0.005698,0.000000
1858,167.941167,508,53.987585,6,6,1.000000,1,1,-0.000298,0.000000,0.038051,0.001182,0.000000,0.059055,-0.003617,0.236220
1859,120.465702,107,265.062232,2,2,1.000000,1,1,-0.000297,-0.081776,0.002106,-0.005985,0.000000,0.093458,-0.003154,1.121495
1860,-105.457067,691,6.953079,5,6,0.833333,0,1,-0.000289,-0.185962,0.011042,-0.000976,-0.007236,0.036179,-0.005373,0.000000
1861,28.605086,691,4.137933,7,8,0.875000,0,1,-0.000289,-0.007236,0.007844,0.002384,-0.007236,0.050651,-0.004721,0.000000
1862,-47.732118,691,4.007945,4,5,0.800000,0,1,-0.000289,-0.091534,0.006688,0.002382,-0.007236,0.028944,-0.008032,0.000000
1863,122.797191,96,299.593813,2,2,1.000000,1,1,-0.000298,-0.072917,0.005003,-0.006037,0.000000,0.104167,-0.000781,1.250000
1864,17.993032,691,2.463765,4,7,0.571429,0,1,-0.000289,-0.003618,0.010962,-0.000390,-0.007236,0.028944,-0.002334,0.000000
1865,6.077161,691,3.358200,6,7,0.857143,0,1,-0.000289,-0.052822,0.031116,-0.000559,-0.007236,0.043415,-0.004830,0.000000
1866,127.296994,182,157.474980,3,3,1.000000,1,1,-0.000298,-0.056319,0.006306,0.008605,0.000000,0.082418,-0.000618,0.659341
1867,180.601840,567,51.312233,6,6,1.000000,1,1,-0.000299,0.000000,0.055843,0.002793,0.000000,0.052910,-0.004365,0.211640
1868,126.937148,269,106.741343,2,2,1.000000,1,1,-0.000297,-0.056691,0.043453,0.002428,0.000000,0.037175,-0.000279,0.446097
1869,158.800381,642,48.652887,6,6,1.000000,1,1,-0.000299,-0.055685,0.073006,0.002995,0.000000,0.046729,-0.006308,0.186916
1870,-118.618160,690,4.896829,2,3,0.666667,0,1,-0.000290,-0.211594,0.032910,0.001339,-0.007246,0.014493,-0.001522,0.000000
1871,114.789615,350,83.405230,4,4,1.000000,1,1,-0.000297,-0.080000,0.012720,0.000262,0.000000,0.057143,-0.004714,0.342857
1872,-20.281772,691,4.613845,7,8,0.875000,0,1,-0.000289,-0.104920,0.044743,0.002244,-0.007236,0.050651,-0.014544,0.000000
1873,118.847337,38,726.910397,1,1,1.000000,1,1,-0.000298,-0.171053,0.007055,0.002384,0.000000,0.131579,0.000000,3.157895
1874,118.774436,96,286.285120,1,1,1.000000,1,1,-0.000298,-0.080729,0.007768,0.008410,0.000000,0.052083,0.000000,1.250000
1875,124.074502,2,6464.375610,1,1,1.000000,1,1,-0.000326,-0.500000,0.000000,0.037577,0.000000,2.500000,0.000000,60.000000
1876,113.654616,228,126.063313,2,2,1.000000,1,1,-0.000297,-0.089912,0.015013,0.003670,0.000000,0.043860,-0.000164,0.526316
1877,185.365566,569,51.520274,6,6,1.000000,1,1,-0.000300,0.000000,0.067292,0.000500,0.000000,0.052724,-0.005338,0.210896
1878,93.401399,369,82.008942,5,5,1.000000,1,1,-0.000299,-0.165312,0.024985,0.003841,0.000000,0.067751,-0.003049,0.325203
1879,161.341300,262,115.354552,8,8,1.000000,1,1,-0.000296,-0.069656,0.076618,0.005897,0.000000,0.152672,-0.007443,0.458015
1880,125.281073,111,252.547771,2,2,1.000000,1,1,-0.000297,-0.060811,0.005979,0.013967,0.000000,0.090090,-0.001351,1.081081
1881,115.462981,84,322.878664,1,1,1.000000,1,1,-0.000302,-0.127976,0.011303,0.003438,0.000000,0.059524,0.000000,1.428571
1882,31.781837,691,3.757022,6,7,0.857143,0,1,-0.000289,-0.002894,0.016816,-0.000616,-0.007236,0.043415,-0.003202,0.000000
1883,22.397822,691,3.101427,5,7,0.714286,0,1,-0.000289,0.000000,0.018296,0.001961,-0.007236,0.036179,-0.016498,0.000000
1884,132.908864,382,76.216230,5,5,1.000000,1,1,-0.000297,-0.069372,0.036383,0.003008,0.000000,0.065445,-0.001374,0.314136
1885,-240.080446,691,13.947573,2,4,0.500000,0,1,-0.000289,-0.374457,0.021711,0.001888,-0.007236,0.014472,-0.003527,0.000000
1886,146.368323,639,47.632083,5,5,1.000000,1,1,-0.000301,-0.016041,0.021916,0.002377,0.000000,0.039124,-0.005810,0.187793
1887,178.713006,535,54.618326,7,7,1.000000,1,1,-0.000301,0.000000,0.052024,0.002344,0.000000,0.065421,-0.009743,0.224299
1888,158.227678,176,164.656846,4,4,1.000000,1,1,-0.000299,0.000000,0.113874,0.002989,0.000000,0.113636,-0.012997,0.681818
1889,-39.934835,691,3.942150,4,5,0.800000,0,1,-0.000289,-0.089001,0.012487,-0.000037,-0.007236,0.028944,-0.002659,0.000000
1890,144.600138,509,55.550737,4,4,1.000000,1,1,-0.000301,0.000000,0.010828,0.000352,0.000000,0.039293,-0.001842,0.235756
1891,156.445389,654,47.374579,6,6,1.000000,1,1,-0.000299,-0.022936,0.033742,0.003305,0.000000,0.045872,-0.003956,0.183486
1892,88.368919,576,52.664936,8,8,1.000000,1,1,-0.000300,-0.162326,0.041714,0.002738,0.000000,0.069444,-0.006185,0.208333
1893,-63.879076,581,59.432787,4,4,1.000000,1,1,-0.000298,-0.366179,0.020426,-0.000277,0.000000,0.034423,-0.004583,0.206540
1894,145.987904,190,154.782164,6,6,1.000000,1,1,-0.000298,-0.052632,0.027828,0.009314,0.000000,0.157895,-0.005329,0.631579
1895,163.173624,171,184.712174,8,8,1.000000,1,1,-0.000299,0.000000,0.016551,0.006474,0.000000,0.233918,-0.004167,0.701754
1896,106.550652,571,49.461760,6,6,1.000000,1,1,-0.000298,-0.096322,0.029919,0.002692,0.000000,0.052539,-0.012084,0.210158
1897,191.427639,550,51.848520,8,8,1.000000,1,1,-0.000300,0.000000,0.063934,0.006870,0.000000,0.072727,-0.013364,0.218182
1898,7.946042,690,2.984643,4,5,0.800000,0,1,-0.000290,-0.027899,0.020097,0.001238,-0.007246,0.028986,-0.003370,0.000000
1899,108.327487,293,99.253671,2,2,1.000000,1,1,-0.000298,-0.105802,0.037951,-0.003130,0.000000,0.034130,-0.002688,0.409556
1900,100.411282,554,52.556110,6,6,1.000000,1,1,-0.000299,-0.098827,0.014193,0.001108,0.000000,0.054152,-0.005686,0.216606
1901,151.406245,156,184.910490,8,8,1.000000,1,1,-0.000298,-0.065705,0.010423,0.009626,0.000000,0.256410,-0.009135,0.769231
1902,140.006418,542,51.488538,4,4,1.000000,1,1,-0.000299,-0.028598,0.037523,-0.000173,0.000000,0.036900,-0.008441,0.221402
1903,-28.539789,690,4.401225,4,5,0.800000,0,1,-0.000290,-0.089493,0.031232,-0.000474,-0.007246,0.028986,-0.004076,0.000000
1904,-19.736780,691,4.268651,7,8,0.875000,0,1,-0.000289,-0.136397,0.068467,0.001451,-0.007236,0.050651,-0.005210,0.000000
1905,162.435945,355,82.747362,7,7,1.000000,1,1,-0.000299,-0.007042,0.026487,0.006765,0.000000,0.098592,-0.004965,0.338028
1906,45.625794,691,3.154161,4,5,0.800000,0,1,-0.000289,-0.051375,0.099833,0.001253,-0.007236,0.028944,-0.005101,0.000000
1907,124.424860,97,292.359856,1,1,1.000000,1,1,-0.000297,-0.015464,0.007631,0.002201,0.000000,0.051546,0.000000,1.237113
1908,-217.263861,690,11.694906,7,8,0.875000,0,1,-0.000290,-0.414130,0.067672,0.001547,-0.007246,0.050725,-0.013152,0.000000
1909,136.575520,398,71.495471,3,3,1.000000,1,1,-0.000299,0.000000,0.004726,0.001699,0.000000,0.037688,-0.002167,0.301508
1910,142.900095,247,121.009511,8,8,1.000000,1,1,-0.000297,-0.097166,0.027784,0.009407,0.000000,0.161943,-0.008957,0.485830
1911,158.933184,388,75.166893,7,7,1.000000,1,1,-0.000297,-0.050258,0.063313,0.006271,0.000000,0.090206,-0.008892,0.309278
1912,135.616672,439,67.083235,8,8,1.000000,1,1,-0.000299,-0.100228,0.046926,0.002842,0.000000,0.091116,-0.004784,0.273349
1913,118.013024,374,76.852049,6,6,1.000000,1,1,-0.000297,-0.110294,0.023698,0.005878,0.000000,0.080214,-0.004512,0.320856
1914,166.824978,202,147.947772,6,6,1.000000,1,1,-0.000300,0.000000,0.082259,0.007088,0.000000,0.148515,-0.005755,0.594059
1915,148.577237,159,178.993877,6,6,1.000000,1,1,-0.000298,-0.045597,0.030171,0.009135,0.000000,0.188679,-0.002358,0.754717
1916,118.587628,295,98.620238,4,4,1.000000,1,1,-0.000298,-0.083898,0.014122,0.004609,0.000000,0.067797,-0.007119,0.406780
1917,136.526509,512,55.790553,8,8,1.000000,1,1,-0.000299,-0.077637,0.039668,0.004653,0.000000,0.078125,-0.012231,0.234375
1918,31.338708,690,4.436760,6,7,0.857143,0,1,-0.000290,-0.006884,0.025044,0.001805,-0.007246,0.043478,-0.010489,0.000000
1919,113.836673,530,54.148473,1,1,1.000000,1,1,-0.000299,-0.025472,0.003649,0.001059,0.000000,0.009434,0.000000,0.226415
1920,154.389719,224,127.464863,6,6,1.000000,1,1,-0.000299,-0.007812,0.020033,0.008847,0.000000,0.133929,-0.001172,0.535714
1921,183.763436,328,90.731238,8,8,1.000000,1,1,-0.000299,0.000000,0.072504,0.006533,0.000000,0.121951,-0.006288,0.365854
1922,120.120057,59,465.398445,1,1,1.000000,1,1,-0.000297,-0.114407,0.009627,0.022366,0.000000,0.084746,0.000000,2.033898
1923,127.144901,33,824.048466,2,2,1.000000,1,1,-0.000302,-0.098485,0.008573,0.004832,0.000000,0.303030,-0.001136,3.636364
1924,147.003993,490,56.123347,4,4,1.000000,1,1,-0.000301,0.000000,0.014842,0.003044,0.000000,0.040816,-0.003291,0.244898
1925,69.809445,144,199.480008,4,4,1.000000,1,1,-0.000297,-0.503472,0.012391,0.007329,0.000000,0.138889,-0.003385,0.833333
1926,162.897779,433,65.122946,7,7,1.000000,1,1,-0.000301,-0.013857,0.035020,0.001188,0.000000,0.080831,-0.003811,0.277136
1927,145.302918,418,65.620754,4,4,1.000000,1,1,-0.000300,0.000000,0.011842,0.002938,0.000000,0.047847,-0.001794,0.287081
1928,142.969976,327,86.505680,4,4,1.000000,1,1,-0.000299,0.000000,0.007182,0.004149,0.000000,0.061162,-0.001950,0.366972
1929,160.080770,367,74.583185,7,7,1.000000,1,1,-0.000299,-0.009537,0.026821,0.001968,0.000000,0.095368,-0.005109,0.326975
1930,155.045980,397,77.709599,7,7,1.000000,1,1,-0.000300,-0.013854,0.019260,-0.000456,0.000000,0.088161,-0.004534,0.302267
1931,129.828732,384,72.578001,5,5,1.000000,1,1,-0.000300,-0.055339,0.020348,0.000079,0.000000,0.065104,-0.004297,0.312500
1932,159.061188,264,107.167842,8,8,1.000000,1,1,-0.000297,-0.015152,0.016349,0.003782,0.000000,0.151515,-0.008239,0.454545
1933,114.784617,316,92.559761,6,6,1.000000,1,1,-0.000300,-0.130538,0.013506,0.009807,0.000000,0.094937,-0.003916,0.379747
1934,106.603956,164,169.507514,3,3,1.000000,1,1,-0.000300,-0.184451,0.013340,0.001695,0.000000,0.091463,-0.003430,0.731707
1935,-82.226102,690,14.382042,6,8,0.750000,0,1,-0.000290,-0.201087,0.050572,0.001275,-0.007246,0.043478,-0.005870,0.000000
1936,158.837671,236,118.538499,7,7,1.000000,1,1,-0.000298,-0.023305,0.034636,0.010313,0.000000,0.148305,-0.005085,0.508475
1937,128.611832,100,279.323638,2,2,1.000000,1,1,-0.000300,-0.020000,0.002201,0.006093,0.000000,0.100000,-0.001875,1.200000
1938,-58.800907,689,11.005407,5,6,0.833333,0,1,-0.000290,-0.133164,0.023701,0.000717,-0.007257,0.036284,-0.005334,0.000000
1939,150.158969,362,76.131161,5,5,1.000000,1,1,-0.000302,-0.009669,0.022995,0.004541,0.000000,0.069061,-0.003315,0.331492
1940,129.221514,204,136.686882,6,6,1.000000,1,1,-0.000298,-0.117647,0.012205,0.007929,0.000000,0.147059,-0.004044,0.588235
1941,147.959520,440,61.815372,5,5,1.000000,1,1,-0.000302,-0.014773,0.023133,0.002588,0.000000,0.056818,-0.003920,0.272727
1942,96.245085,634,51.038069,6,6,1.000000,1,1,-0.000300,-0.095426,0.017191,0.003803,0.000000,0.047319,-0.010055,0.189274
1943,124.995839,2,6383.418182,1,1,1.000000,1,1,-0.000326,0.000000,0.009395,-0.011150,0.000000,2.500000,0.000000,60.000000
1944,177.614209,428,64.816919,7,7,1.000000,1,1,-0.000302,0.000000,0.057589,0.002909,0.000000,0.081776,-0.007360,0.280374
1945,140.593041,257,110.411202,6,6,1.000000,1,1,-0.000298,-0.092412,0.059550,0.008814,0.000000,0.116732,-0.012257,0.466926
1946,143.371726,495,60.770902,7,7,1.000000,1,1,-0.000301,-0.059596,0.032863,0.009451,0.000000,0.070707,-0.005909,0.242424
1947,129.011503,240,114.721163,3,3,1.000000,1,1,-0.000295,-0.033333,0.008359,0.003911,0.000000,0.062500,-0.003594,0.500000
1948,151.658479,334,80.964239,6,6,1.000000,1,1,-0.000300,-0.012725,0.017321,0.004598,0.000000,0.089820,-0.003930,0.359281
1949,168.554679,380,76.230881,7,7,1.000000,1,1,-0.000300,0.000000,0.059159,0.004541,0.000000,0.092105,-0.027730,0.315789
1950,127.723846,59,467.886232,2,2,1.000000,1,1,-0.000295,-0.059322,0.022078,-0.000404,0.000000,0.169492,-0.000636,2.033898
1951,164.665434,410,66.781890,6,6,1.000000,1,1,-0.000298,0.000000,0.038043,0.002232,0.000000,0.073171,-0.004207,0.292683
1952,83.308890,480,60.510868,1,1,1.000000,1,1,-0.000300,-0.088542,0.002146,-0.000161,0.000000,0.010417,0.000000,0.250000
1953,136.198254,9,3257.281815,3,3,1.000000,1,1,-0.000297,-0.027778,0.058879,0.110669,0.000000,1.666667,-0.008333,13.333333
1954,-5.890835,687,7.172675,1,4,0.250000,0,1,-0.000291,-0.023290,0.016000,-0.000394,-0.007278,0.007278,-0.000600,0.000000
1955,-2.651404,689,6.530861,2,4,0.500000,0,1,-0.000290,-0.026488,0.017325,-0.000454,-0.007257,0.014514,-0.001197,0.000000
1956,158.496524,359,76.050148,7,7,1.000000,1,1,-0.000296,-0.039694,0.044266,0.009119,0.000000,0.097493,-0.003656,0.334262
1957,150.260068,95,305.221642,6,6,1.000000,1,1,-0.000295,-0.081579,0.073687,0.020003,0.000000,0.315789,-0.009079,1.263158
1958,131.362685,9,3005.044952,2,2,1.000000,1,1,-0.000303,0.000000,0.143655,0.012224,0.000000,1.111111,-0.004167,13.333333
1959,-7.500302,560,58.526490,8,8,1.000000,1,1,-0.000300,-0.334375,0.049771,0.002537,0.000000,0.071429,-0.016741,0.214286
1960,82.112182,580,55.409878,8,8,1.000000,1,1,-0.000299,-0.172845,0.045688,0.004028,0.000000,0.068966,-0.010862,0.206897
1961,159.752888,415,64.860406,6,6,1.000000,1,1,-0.000299,-0.002410,0.026732,0.005984,0.000000,0.072289,-0.006506,0.289157
1962,152.982338,396,69.463286,6,6,1.000000,1,1,-0.000299,-0.001894,0.013675,0.002205,0.000000,0.075758,-0.006155,0.303030
1963,157.749218,419,68.055840,7,7,1.000000,1,1,-0.000298,-0.022076,0.025429,0.007355,0.000000,0.083532,-0.003848,0.286396
1964,119.743507,233,118.572241,2,2,1.000000,1,1,-0.000296,-0.053648,0.008232,0.001854,0.000000,0.042918,-0.000161,0.515021
1965,107.256253,636,50.253433,6,6,1.000000,1,1,-0.000299,-0.090409,0.029039,0.004249,0.000000,0.047170,-0.009788,0.188679
1966,170.828052,200,144.128147,4,4,1.000000,1,1,-0.000297,0.000000,0.171840,0.003410,0.000000,0.100000,-0.020813,0.600000
1967,126.658315,156,182.382688,2,2,1.000000,1,1,-0.000299,-0.076923,0.055126,0.004281,0.000000,0.064103,-0.003606,0.769231
1968,126.441214,456,61.373225,6,6,1.000000,1,1,-0.000300,-0.077851,0.028146,0.002945,0.000000,0.065789,-0.004605,0.263158
1969,105.734167,564,50.352274,2,2,1.000000,1,1,-0.000300,-0.046543,0.003333,0.001349,0.000000,0.017730,-0.000864,0.212766
1970,163.994370,594,50.099685,7,7,1.000000,1,1,-0.000300,-0.009680,0.025582,0.003201,0.000000,0.058923,-0.003662,0.202020
1971,155.302749,398,66.795797,6,6,1.000000,1,1,-0.000299,0.000000,0.013888,0.003881,0.000000,0.075377,-0.004146,0.301508
1972,116.104222,371,73.610592,3,3,1.000000,1,1,-0.000299,-0.055256,0.007214,-0.000469,0.000000,0.040431,-0.002123,0.323450
1973,128.529621,243,116.183690,2,2,1.000000,1,1,-0.000297,-0.016461,0.006516,0.005580,0.000000,0.041152,-0.001389,0.493827
1974,121.038906,94,293.224354,2,2,1.000000,1,1,-0.000297,-0.106383,0.012128,-0.000380,0.000000,0.106383,-0.000399,1.276596
1975,129.040191,92,305.917088,3,3,1.000000,1,1,-0.000298,-0.095109,0.022531,0.011356,0.000000,0.163043,-0.003261,1.304348
1976,24.326375,309,99.133147,6,6,1.000000,1,1,-0.000299,-0.402104,0.032004,0.007014,0.000000,0.097087,-0.043325,0.388350
1977,-4.219709,690,8.233528,3,5,0.600000,0,1,-0.000290,-0.025000,0.005918,0.001589,-0.007246,0.021739,-0.002826,0.000000
1978,13.304775,688,7.561928,4,5,0.800000,0,1,-0.000291,-0.007631,0.012610,0.000260,-0.007267,0.029070,-0.007413,0.000000
1979,131.146314,364,75.126971,2,2,1.000000,1,1,-0.000299,-0.006868,0.008458,0.002064,0.000000,0.027473,-0.000206,0.329670
1980,142.599911,429,63.747614,4,4,1.000000,1,1,-0.000299,0.000000,0.004991,0.004254,0.000000,0.046620,-0.002885,0.279720
1981,146.168163,420,69.495834,7,7,1.000000,1,1,-0.000300,-0.027381,0.008762,0.002623,0.000000,0.083333,-0.004732,0.285714
1982,149.454630,442,62.860214,4,4,1.000000,1,1,-0.000299,-0.005656,0.030607,0.002508,0.000000,0.045249,-0.005769,0.271493
1983,117.864011,314,88.831869,3,3,1.000000,1,1,-0.000298,-0.058917,0.006514,-0.000916,0.000000,0.047771,-0.000955,0.382166
1984,104.004900,582,50.739770,6,6,1.000000,1,1,-0.000301,-0.094502,0.019058,0.002514,0.000000,0.051546,-0.005799,0.206186
1985,140.560321,317,88.898748,6,6,1.000000,1,1,-0.000296,-0.060726,0.047021,0.006226,0.000000,0.094637,-0.022003,0.378549
1986,146.809324,166,179.863855,8,8,1.000000,1,1,-0.000296,-0.146084,0.063216,0.011158,0.000000,0.240964,-0.007455,0.722892
1987,143.562731,354,84.976080,8,8,1.000000,1,1,-0.000301,-0.127119,0.084995,0.003195,0.000000,0.112994,-0.007203,0.338983
1988,139.485871,253,112.124063,6,6,1.000000,1,1,-0.000300,-0.069170,0.028069,0.005031,0.000000,0.118577,-0.005188,0.474308
1989,140.970426,434,62.110777,3,3,1.000000,1,1,-0.000299,0.000000,0.015585,-0.000233,0.000000,0.034562,-0.001296,0.276498
1990,148.062358,437,67.149373,8,8,1.000000,1,1,-0.000302,-0.068078,0.042349,0.007810,0.000000,0.091533,-0.009096,0.274600
1991,155.939294,335,82.628724,6,6,1.000000,1,1,-0.000299,-0.089552,0.117175,0.004734,0.000000,0.089552,-0.014328,0.358209
1992,117.450613,50,552.975601,1,1,1.000000,1,1,-0.000295,-0.145000,0.005419,-0.011112,0.000000,0.100000,0.000000,2.400000
1993,124.948911,326,82.787094,3,3,1.000000,1,1,-0.000297,-0.049080,0.013955,0.004820,0.000000,0.046012,-0.000230,0.368098
1994,-54.649449,688,9.661261,5,6,0.833333,0,1,-0.000291,-0.126090,0.020287,0.001843,-0.007267,0.036337,-0.004251,0.000000
1995,-139.622041,688,12.923759,7,8,0.875000,0,1,-0.000291,-0.291424,0.063905,0.002306,-0.007267,0.050872,-0.021039,0.000000
1996,126.806583,418,66.379173,5,5,1.000000,1,1,-0.000299,-0.049043,0.007982,0.003038,0.000000,0.059809,-0.005203,0.287081
1997,-41.364628,688,6.170085,1,2,0.500000,0,1,-0.000291,-0.063227,0.004368,-0.000047,-0.007267,0.007267,-0.000927,0.000000
1998,158.131649,291,109.122533,7,7,1.000000,1,1,-0.000298,-0.002577,0.010105,0.006496,0.000000,0.120275,-0.002964,0.412371
1999,162.595591,381,70.842051,6,6,1.000000,1,1,-0.000300,-0.001969,0.035634,0.004024,0.000000,0.078740,-0.004331,0.314961
2000,-88.495057,686,12.631254,7,8,0.875000,0,1,-0.000292,-0.221574,0.053566,0.003930,-0.007289,0.051020,-0.008364,0.000000
2001,39.287003,684,4.875106,5,6,0.833333,0,1,-0.000292,0.000000,0.032839,-0.000676,-0.007310,0.036550,-0.003673,0.000000
2002,151.775515,232,125.532861,6,6,1.000000,1,1,-0.000297,-0.001078,0.012761,0.007096,0.000000,0.129310,-0.010830,0.517241
2003,160.121505,362,86.132411,7,7,1.000000,1,1,-0.000299,0.000000,0.008830,0.008207,0.000000,0.096685,-0.002590,0.331492
2004,120.785111,35,789.207916,1,1,1.000000,1,1,-0.000296,-0.128571,0.012637,-0.004195,0.000000,0.142857,0.000000,3.428571
2005,145.783187,624,48.502424,4,4,1.000000,1,1,-0.000301,-0.022035,0.034506,0.002086,0.000000,0.032051,-0.004988,0.192308
2006,157.319774,633,47.805900,7,7,1.000000,1,1,-0.000299,-0.003160,0.014004,0.003960,0.000000,0.055292,-0.010841,0.189573
2007,123.119866,418,67.237895,4,4,1.000000,1,1,-0.000302,-0.056220,0.015468,0.003541,0.000000,0.047847,-0.002871,0.287081
2008,121.319168,109,256.879062,2,2,1.000000,1,1,-0.000297,-0.089450,0.011381,0.000101,0.000000,0.091743,-0.001376,1.100917
2009,-57.526265,688,9.110192,6,8,0.750000,0,1,-0.000291,-0.156250,0.039906,0.001262,-0.007267,0.043605,-0.004578,0.000000
2010,142.228145,237,122.853700,6,6,1.000000,1,1,-0.000297,-0.129747,0.110218,0.003806,0.000000,0.126582,-0.016772,0.506329
2011,57.199361,557,54.632506,5,5,1.000000,1,1,-0.000299,-0.169659,0.014760,0.002010,0.000000,0.044883,-0.004443,0.215440
2012,169.593192,604,49.128545,5,5,1.000000,1,1,-0.000299,-0.005795,0.052282,0.002910,0.000000,0.041391,-0.008382,0.198675
2013,128.217051,14,1986.373444,2,2,1.000000,1,1,-0.000303,-0.196429,0.052832,0.021904,0.000000,0.714286,-0.005357,8.571429
2014,157.144952,301,97.132966,7,7,1.000000,1,1,-0.000298,-0.002492,0.014653,0.000994,0.000000,0.116279,-0.005731,0.398671
2015,61.453906,348,82.392303,3,3,1.000000,1,1,-0.000299,-0.221983,0.011591,0.003338,0.000000,0.043103,-0.003987,0.344828
2016,147.941873,626,46.116573,4,4,1.000000,1,1,-0.000300,-0.003594,0.016523,0.001855,0.000000,0.031949,-0.001797,0.191693
2017,130.912007,268,104.699128,2,2,1.000000,1,1,-0.000297,-0.009328,0.006289,0.006880,0.000000,0.037313,-0.000140,0.447761
2018,-37.238694,544,59.404020,6,6,1.000000,1,1,-0.000300,-0.340074,0.021431,0.003775,0.000000,0.055147,-0.029021,0.220588
2019,158.210830,438,62.523560,6,6,1.000000,1,1,-0.000300,-0.032534,0.053753,0.004591,0.000000,0.068493,-0.006764,0.273973
2020,139.246099,539,54.555256,7,7,1.000000,1,1,-0.000301,-0.046382,0.027328,0.004877,0.000000,0.064935,-0.014750,0.222635
2021,158.625247,289,100.990786,8,8,1.000000,1,1,-0.000297,-0.029412,0.020502,0.007694,0.000000,0.138408,-0.003244,0.415225
2022,135.507072,407,69.340176,7,7,1.000000,1,1,-0.000298,-0.081081,0.037220,0.003360,0.000000,0.085995,-0.007095,0.294840
2023,148.463837,550,51.922191,8,8,1.000000,1,1,-0.000301,-0.040455,0.028254,0.002368,0.000000,0.072727,-0.010841,0.218182
2024,-33.366321,676,5.483333,1,2,0.500000,0,1,-0.000296,-0.056953,0.008314,0.000353,-0.007396,0.007396,-0.000777,0.000000
2025,151.699683,193,149.465708,6,6,1.000000,1,1,-0.000297,0.000000,0.007803,0.006352,0.000000,0.155440,-0.005052,0.621762
2026,147.420815,456,61.390386,5,5,1.000000,1,1,-0.000303,-0.006579,0.015162,0.003114,0.000000,0.054825,-0.006086,0.263158
2027,123.287668,444,62.129068,5,5,1.000000,1,1,-0.000300,-0.065315,0.017203,0.002889,0.000000,0.056306,-0.003378,0.270270
2028,156.559497,351,84.443568,6,6,1.000000,1,1,-0.000299,-0.081197,0.099539,0.003957,0.000000,0.085470,-0.003312,0.341880
2029,13.469345,677,6.107545,5,6,0.833333,0,1,-0.000295,-0.087149,0.079111,0.003949,-0.007386,0.036928,-0.005262,0.000000
2030,12.400024,432,69.886231,2,2,1.000000,1,1,-0.000300,-0.282407,0.009808,0.001545,0.000000,0.023148,-0.000868,0.277778
2031,168.989066,252,114.185286,6,6,1.000000,1,1,-0.000298,0.000000,0.073614,0.005014,0.000000,0.119048,-0.002976,0.476190
2032,5.431674,680,4.312888,3,4,0.750000,0,1,-0.000294,-0.020221,0.017232,0.000700,-0.007353,0.022059,-0.004136,0.000000
2033,120.041371,525,53.988022,4,4,1.000000,1,1,-0.000301,-0.051905,0.015069,0.002692,0.000000,0.038095,-0.003571,0.228571
2034,18.028315,680,3.618619,3,4,0.750000,0,1,-0.000294,-0.023162,0.039438,0.001559,-0.007353,0.022059,-0.005735,0.000000
2035,127.471844,549,53.112381,8,8,1.000000,1,1,-0.000302,-0.110200,0.053584,0.003407,0.000000,0.072860,-0.005738,0.218579
2036,124.899787,8,3247.861023,1,1,1.000000,1,1,-0.000307,-0.093750,0.009099,0.072432,0.000000,0.625000,0.000000,15.000000
2037,132.682146,526,55.753972,8,8,1.000000,1,1,-0.000301,-0.111692,0.071601,0.003642,0.000000,0.076046,-0.015185,0.228137
2038,159.286036,414,69.519142,7,7,1.000000,1,1,-0.000299,-0.002415,0.014263,0.004692,0.000000,0.084541,-0.005888,0.289855
2039,38.537543,682,4.040747,6,7,0.857143,0,1,-0.000293,0.000000,0.022938,0.002758,-0.007331,0.043988,-0.005554,0.000000
2040,114.116108,225,125.520919,1,1,1.000000,1,1,-0.000297,-0.046667,0.001186,-0.002595,0.000000,0.022222,0.000000,0.533333
2041,127.677512,201,142.999333,3,3,1.000000,1,1,-0.000299,-0.050995,0.009782,0.006201,0.000000,0.074627,-0.001119,0.597015
2042,121.695086,53,530.983892,2,2,1.000000,1,1,-0.000299,-0.169811,0.010148,0.004681,0.000000,0.188679,-0.001415,2.264151
2043,163.202984,319,98.687943,8,8,1.000000,1,1,-0.000299,-0.021944,0.034193,0.004556,0.000000,0.125392,-0.006466,0.376176
2044,156.787475,548,54.411999,7,7,1.000000,1,1,-0.000301,-0.002281,0.012239,0.004348,0.000000,0.063869,-0.010744,0.218978
2045,108.326756,449,65.325364,6,6,1.000000,1,1,-0.000301,-0.110802,0.019976,0.003073,0.000000,0.066815,-0.004761,0.267261
2046,147.186828,552,49.670309,4,4,1.000000,1,1,-0.000302,-0.006341,0.021885,0.003756,0.000000,0.036232,-0.005978,0.217391
2047,-14.417452,684,5.479871,6,8,0.750000,0,1,-0.000292,-0.101974,0.045876,0.003312,-0.007310,0.043860,-0.004550,0.000000
2048,117.135625,247,113.183840,1,1,1.000000,1,1,-0.000301,-0.031377,0.000000,-0.000162,0.000000,0.020243,0.000000,0.485830
2049,121.417282,248,115.582613,2,2,1.000000,1,1,-0.000299,-0.073589,0.037708,0.005655,0.000000,0.040323,-0.004083,0.483871
2050,167.337275,479,59.116404,8,8,1.000000,1,1,-0.000302,-0.004697,0.023214,0.003445,0.000000,0.083507,-0.006341,0.250522
2051,140.178996,167,182.543336,5,5,1.000000,1,1,-0.000299,-0.091317,0.066243,0.002343,0.000000,0.149701,-0.005838,0.718563
2052,-32.904081,687,4.976698,3,4,0.750000,0,1,-0.000291,-0.076055,0.021273,0.001683,-0.007278,0.021834,-0.009061,0.000000
2053,113.868750,488,57.816186,3,3,1.000000,1,1,-0.000300,-0.083504,0.038363,0.002831,0.000000,0.030738,-0.000692,0.245902
2054,109.213220,324,89.675210,4,4,1.000000,1,1,-0.000300,-0.101852,0.013646,0.007026,0.000000,0.061728,-0.013542,0.370370
2055,1.123686,688,3.552033,3,4,0.750000,0,1,-0.000291,-0.026890,0.028571,-0.000067,-0.007267,0.021802,-0.014226,0.000000
2056,156.865130,291,101.942368,8,8,1.000000,1,1,-0.000300,-0.066151,0.054865,0.007386,0.000000,0.137457,-0.006572,0.412371
2057,131.708666,144,200.995766,5,5,1.000000,1,1,-0.000300,-0.130208,0.039792,0.014301,0.000000,0.173611,-0.015885,0.833333
2058,128.230335,443,65.370463,5,5,1.000000,1,1,-0.000301,-0.092551,0.057356,0.002381,0.000000,0.056433,-0.004740,0.270880
2059,91.707338,330,86.522347,1,1,1.000000,1,1,-0.000298,-0.101515,0.002343,-0.001417,0.000000,0.015152,0.000000,0.363636
2060,137.352460,351,79.376100,3,3,1.000000,1,1,-0.000300,0.000000,0.007102,0.003746,0.000000,0.042735,-0.003846,0.341880
2061,156.880619,368,80.298572,6,6,1.000000,1,1,-0.000298,-0.084918,0.116454,0.005089,0.000000,0.081522,-0.017629,0.326087
2062,-32.683384,685,7.903611,7,8,0.875000,0,1,-0.000292,-0.133212,0.048745,0.001845,-0.007299,0.051095,-0.008595,0.000000
2063,-89.262299,688,10.172533,5,6,0.833333,0,1,-0.000291,-0.169695,0.016395,0.000829,-0.007267,0.036337,-0.006050,0.000000
2064,154.929722,334,85.095091,6,6,1.000000,1,1,-0.000299,-0.004491,0.025461,0.007450,0.000000,0.089820,-0.013361,0.359281
2065,97.764611,420,66.638140,2,2,1.000000,1,1,-0.000298,-0.088690,0.010887,0.002154,0.000000,0.023810,-0.000804,0.285714
2066,119.354408,461,61.240565,5,5,1.000000,1,1,-0.000300,-0.109544,0.054329,0.004441,0.000000,0.054230,-0.004555,0.260304
2067,140.580182,500,58.246392,8,8,1.000000,1,1,-0.000303,-0.060000,0.034294,0.002244,0.000000,0.080000,-0.015075,0.240000
2068,111.554195,178,157.805679,2,2,1.000000,1,1,-0.000298,-0.116573,0.014773,0.000155,0.000000,0.056180,-0.001685,0.674157
2069,145.180480,167,172.577821,6,6,1.000000,1,1,-0.000297,-0.050898,0.016548,0.012525,0.000000,0.179641,-0.006737,0.718563
2070,119.757805,425,67.809762,8,8,1.000000,1,1,-0.000299,-0.145882,0.052360,0.003280,0.000000,0.094118,-0.004147,0.282353
2071,171.628010,392,70.220096,4,4,1.000000,1,1,-0.000299,0.000000,0.081856,0.006205,0.000000,0.051020,-0.007079,0.306122
2072,160.759129,476,62.618577,7,7,1.000000,1,1,-0.000300,0.000000,0.017704,0.003439,0.000000,0.073529,-0.008745,0.252101
2073,124.463103,477,60.806319,6,6,1.000000,1,1,-0.000300,-0.077044,0.026461,0.001435,0.000000,0.062893,-0.004088,0.251572
2074,138.906267,213,137.750984,4,4,1.000000,1,1,-0.000298,-0.016432,0.007514,0.006722,0.000000,0.093897,-0.002641,0.563380
2075,128.951018,201,150.676446,3,3,1.000000,1,1,-0.000298,-0.054726,0.022434,0.003428,0.000000,0.074627,-0.000933,0.597015
2076,116.284328,225,124.128860,2,2,1.000000,1,1,-0.000300,-0.061111,0.002218,-0.000766,0.000000,0.044444,-0.001000,0.533333
2077,93.653344,231,125.715776,4,4,1.000000,1,1,-0.000298,-0.248918,0.049329,0.003635,0.000000,0.086580,-0.004383,0.519481
2078,131.672774,222,128.262012,6,6,1.000000,1,1,-0.000299,-0.099099,0.017344,0.006256,0.000000,0.135135,-0.006757,0.540541
2079,138.127015,458,61.485422,3,3,1.000000,1,1,-0.000300,0.000000,0.007263,0.002158,0.000000,0.032751,-0.002293,0.262009
2080,93.051771,491,60.853783,8,8,1.000000,1,1,-0.000301,-0.167515,0.036670,0.005870,0.000000,0.081466,-0.011074,0.244399
2081,-51.483147,676,10.477493,7,8,0.875000,0,1,-0.000296,-0.156435,0.045136,0.002153,-0.007396,0.051775,-0.011095,0.000000
2082,119.771274,314,89.538911,3,3,1.000000,1,1,-0.000300,-0.071656,0.018044,0.007084,0.000000,0.047771,-0.001672,0.382166
2083,-2.673360,675,7.412680,6,7,0.857143,0,1,-0.000296,-0.040000,0.027246,0.002164,-0.007407,0.044444,-0.030111,0.000000
2084,-29.580187,676,6.619176,5,6,0.833333,0,1,-0.000296,-0.088757,0.025850,0.003062,-0.007396,0.036982,-0.013203,0.000000
2085,155.233356,388,74.202435,8,8,1.000000,1,1,-0.000302,-0.031572,0.022575,0.004166,0.000000,0.103093,-0.007152,0.309278
2086,125.018566,8,3210.059326,1,1,1.000000,1,1,-0.000302,0.000000,0.003320,-0.000698,0.000000,0.625000,0.000000,15.000000
2087,121.605954,18,1549.948921,1,1,1.000000,1,1,-0.000303,-0.208333,0.000000,0.020078,0.000000,0.277778,0.000000,6.666667
2088,142.416228,309,89.542134,4,4,1.000000,1,1,-0.000297,-0.006472,0.015577,0.001318,0.000000,0.064725,-0.002306,0.388350
2089,130.497371,8,3332.854233,2,2,1.000000,1,1,-0.000310,0.000000,0.017808,0.054048,0.000000,1.250000,-0.009375,15.000000
2090,125.039872,1,7560.299347,1,1,1.000000,1,1,-0.000329,0.000000,0.027823,0.012378,0.000000,5.000000,0.000000,120.000000
2091,164.608444,297,94.393467,6,6,1.000000,1,1,-0.000298,0.000000,0.055150,0.003931,0.000000,0.101010,-0.009596,0.404040
2092,134.579059,241,116.341604,4,4,1.000000,1,1,-0.000296,-0.036307,0.011588,0.007501,0.000000,0.082988,-0.004979,0.497925
2093,-42.297111,674,8.541415,3,4,0.750000,0,1,-0.000297,-0.083457,0.013915,0.001038,-0.007418,0.022255,-0.008791,0.000000
2094,71.763339,485,60.452201,3,3,1.000000,1,1,-0.000299,-0.168557,0.040002,-0.000526,0.000000,0.030928,-0.001005,0.247423
2095,163.650736,310,89.564506,6,6,1.000000,1,1,-0.000300,0.000000,0.044792,0.003413,0.000000,0.096774,-0.003871,0.387097
2096,164.326850,329,86.774323,7,7,1.000000,1,1,-0.000302,-0.047112,0.076880,0.005038,0.000000,0.106383,-0.006155,0.364742
2097,57.977077,186,151.442204,1,1,1.000000,1,1,-0.000297,-0.370968,0.007736,0.003190,0.000000,0.026882,0.000000,0.645161
2098,146.768245,190,145.551029,6,6,1.000000,1,1,-0.000301,-0.048684,0.034668,0.007176,0.000000,0.157895,-0.009868,0.631579
2099,129.517304,363,72.682234,4,4,1.000000,1,1,-0.000301,-0.060606,0.030535,0.005626,0.000000,0.055096,-0.004132,0.330579
2100,69.415921,348,83.355320,1,1,1.000000,1,1,-0.000300,-0.167385,0.005019,0.002942,0.000000,0.014368,0.000000,0.344828
2101,139.837349,244,111.718028,4,4,1.000000,1,1,-0.000302,-0.018443,0.031734,0.003558,0.000000,0.081967,-0.017213,0.491803
2102,7.040698,679,8.733908,4,5,0.800000,0,1,-0.000295,-0.023196,0.030708,-0.000052,-0.007364,0.029455,-0.018888,0.000000
2103,127.311544,472,60.013256,4,4,1.000000,1,1,-0.000303,-0.048729,0.022455,0.003191,0.000000,0.042373,-0.003496,0.254237
2104,69.930828,678,6.698545,7,8,0.875000,0,1,-0.000295,0.000000,0.072387,0.002068,-0.007375,0.051622,-0.015265,0.000000
2105,103.386420,369,75.374182,2,2,1.000000,1,1,-0.000305,-0.083333,0.007235,0.006719,0.000000,0.027100,-0.002439,0.325203
2106,116.036550,424,66.773563,6,6,1.000000,1,1,-0.000305,-0.087264,0.013593,0.005547,0.000000,0.070755,-0.011675,0.283019
2107,67.317135,363,76.107523,1,1,1.000000,1,1,-0.000303,-0.161157,0.001278,0.001276,0.000000,0.013774,0.000000,0.330579
2108,-29.060319,677,5.031557,1,2,0.500000,0,1,-0.000295,-0.070532,0.030619,0.001160,-0.007386,0.007386,-0.003877,0.000000
2109,-4.075514,675,4.260123,2,3,0.666667,0,1,-0.000296,-0.035926,0.025294,0.001427,-0.007407,0.014815,-0.003944,0.000000
2110,149.798669,199,146.830656,6,6,1.000000,1,1,-0.000300,-0.021357,0.013433,0.010604,0.000000,0.150754,-0.003392,0.603015
2111,158.840825,596,51.599547,8,8,1.000000,1,1,-0.000305,-0.013423,0.015724,0.003106,0.000000,0.067114,-0.007047,0.201342
2112,-48.708878,673,7.336742,7,8,0.875000,0,1,-0.000297,-0.151189,0.041752,0.001976,-0.007429,0.052006,-0.009194,0.000000
2113,125.854136,364,78.686583,5,5,1.000000,1,1,-0.000303,-0.081044,0.035879,0.003584,0.000000,0.068681,-0.010714,0.329670
2114,122.844186,291,98.943716,3,3,1.000000,1,1,-0.000301,-0.079038,0.038212,0.000901,0.000000,0.051546,-0.001546,0.412371
2115,124.182012,24,1186.918381,1,1,1.000000,1,1,-0.000302,-0.052083,0.005877,0.012426,0.000000,0.208333,0.000000,5.000000
2116,-15.850541,673,3.022894,1,3,0.333333,0,1,-0.000297,-0.033061,0.010091,0.001665,-0.007429,0.007429,-0.001950,0.000000
2117,125.348526,15,1869.842056,1,1,1.000000,1,1,-0.000298,-0.016667,0.025354,0.014846,0.000000,0.333333,0.000000,8.000000
2118,146.788014,418,66.969237,5,5,1.000000,1,1,-0.000303,-0.011364,0.021038,0.005134,0.000000,0.059809,-0.010227,0.287081
2119,98.849038,405,68.706030,2,2,1.000000,1,1,-0.000304,-0.087654,0.011873,-0.000646,0.000000,0.024691,-0.000185,0.296296
2120,-103.348235,679,7.516018,4,5,0.800000,0,1,-0.000295,-0.184462,0.016658,-0.000013,-0.007364,0.029455,-0.006186,0.000000
2121,120.814157,309,101.382485,3,3,1.000000,1,1,-0.000300,-0.072006,0.027650,-0.001131,0.000000,0.048544,-0.000121,0.388350
2122,19.623640,679,4.145756,4,7,0.571429,0,1,-0.000295,-0.007364,0.018738,-0.000294,-0.007364,0.029455,-0.003976,0.000000
2123,-84.688408,681,5.946650,5,6,0.833333,0,1,-0.000294,-0.187959,0.038392,0.003016,-0.007342,0.036711,-0.006883,0.000000
2124,-75.508456,680,3.708465,1,2,0.500000,0,1,-0.000294,-0.114338,0.004244,0.000395,-0.007353,0.007353,-0.001048,0.000000
2125,87.019805,211,139.887596,3,3,1.000000,1,1,-0.000298,-0.244076,0.016359,0.001687,0.000000,0.071090,-0.001066,0.568720
2126,-58.214059,680,3.969087,5,6,0.833333,0,1,-0.000294,-0.117279,0.007221,-0.000808,-0.007353,0.036765,-0.003860,0.000000
2127,145.046240,142,206.122829,5,5,1.000000,1,1,-0.000299,-0.005282,0.018145,-0.001676,0.000000,0.176056,-0.010563,0.845070
2128,116.464796,348,82.849453,4,4,1.000000,1,1,-0.000303,-0.068966,0.002558,0.001667,0.000000,0.057471,-0.002586,0.344828
2129,158.481531,472,59.748493,3,3,1.000000,1,1,-0.000301,0.000000,0.049431,0.001731,0.000000,0.031780,-0.001112,0.254237
2130,113.810261,380,75.078574,5,5,1.000000,1,1,-0.000302,-0.107895,0.036296,0.004329,0.000000,0.065789,-0.014507,0.315789
2131,130.732925,446,65.775637,5,5,1.000000,1,1,-0.000304,-0.079596,0.046788,0.003226,0.000000,0.056054,-0.002102,0.269058
2132,120.756278,354,80.695229,6,6,1.000000,1,1,-0.000302,-0.139124,0.054151,0.005632,0.000000,0.084746,-0.002966,0.338983
2133,114.083928,419,67.300328,4,4,1.000000,1,1,-0.000301,-0.063842,0.012630,0.000669,0.000000,0.047733,-0.011008,0.286396
2134,-210.429246,676,11.960400,4,5,0.800000,0,1,-0.000296,-0.356139,0.022418,0.001429,-0.007396,0.029586,-0.000888,0.000000
2135,-2.729770,668,5.438258,7,8,0.875000,0,1,-0.000299,-0.068862,0.033076,0.001798,-0.007485,0.052395,-0.014708,0.000000
2136,-45.928853,665,4.465600,3,6,0.500000,0,1,-0.000301,-0.103383,0.020784,0.001165,-0.007519,0.022556,-0.002368,0.000000
2137,38.353350,669,4.273247,4,6,0.666667,0,1,-0.000299,-0.083707,0.120876,0.000784,-0.007474,0.029895,-0.002747,0.000000
2138,114.562924,124,234.512671,1,1,1.000000,1,1,-0.000299,-0.084677,0.002062,-0.001255,0.000000,0.040323,0.000000,0.967742
2139,-42.987438,669,3.931997,6,8,0.750000,0,1,-0.000299,-0.174141,0.073076,0.002148,-0.007474,0.044843,-0.002410,0.000000
2140,-53.364571,670,3.285949,5,6,0.833333,0,1,-0.000299,-0.127985,0.019751,0.002951,-0.007463,0.037313,-0.003918,0.000000
2141,12.462915,676,1.970278,4,5,0.800000,0,1,-0.000296,-0.026257,0.030466,0.001931,-0.007396,0.029586,-0.009597,0.000000
2142,188.232267,571,54.709987,7,7,1.000000,1,1,-0.000303,0.000000,0.061312,0.002182,0.000000,0.061296,-0.004991,0.210158
2143,137.690158,478,59.693162,2,2,1.000000,1,1,-0.000304,-0.019874,0.035502,0.000843,0.000000,0.020921,-0.000078,0.251046
2144,120.917594,394,72.846101,2,2,1.000000,1,1,-0.000302,-0.069797,0.045972,0.001742,0.000000,0.025381,-0.000666,0.304569
2145,-198.581208,677,8.126977,7,8,0.875000,0,1,-0.000295,-0.389956,0.058621,0.001470,-0.007386,0.051699,-0.007478,0.000000
2146,-146.884967,682,5.856057,2,3,0.666667,0,1,-0.000293,-0.242669,0.024008,0.000978,-0.007331,0.014663,-0.004729,0.000000
2147,166.690344,622,48.978393,6,6,1.000000,1,1,-0.000304,-0.013666,0.047721,0.003332,0.000000,0.048232,-0.010249,0.192926
2148,-13.793613,678,1.587320,2,3,0.666667,0,1,-0.000295,-0.037979,0.009910,0.002802,-0.007375,0.014749,-0.002157,0.000000
2149,117.079580,66,438.857096,1,1,1.000000,1,1,-0.000303,-0.109848,0.002258,-0.012113,0.000000,0.075758,0.000000,1.818182
2150,-39.737927,672,2.751159,5,6,0.833333,0,1,-0.000298,-0.099702,0.013734,0.001500,-0.007440,0.037202,-0.004129,0.000000
2151,115.041257,337,85.885129,2,2,1.000000,1,1,-0.000305,-0.043027,0.001302,-0.001691,0.000000,0.029674,-0.000668,0.356083
2152,109.900077,455,63.476714,2,2,1.000000,1,1,-0.000302,-0.085165,0.042691,-0.000410,0.000000,0.021978,-0.000989,0.263736
2153,162.511184,566,54.456365,8,8,1.000000,1,1,-0.000304,-0.076413,0.083280,0.003174,0.000000,0.070671,-0.005300,0.212014
2154,112.051732,216,133.755011,4,4,1.000000,1,1,-0.000303,-0.142361,0.012683,0.002327,0.000000,0.092593,-0.001736,0.555556
2155,-60.783130,668,3.152028,5,6,0.833333,0,1,-0.000299,-0.136602,0.018144,0.002091,-0.007485,0.037425,-0.004266,0.000000
2156,98.768111,359,80.840946,2,2,1.000000,1,1,-0.000302,-0.096100,0.008459,0.001155,0.000000,0.027855,-0.000209,0.334262
2157,26.518244,668,2.500438,4,5,0.800000,0,1,-0.000299,-0.068862,0.089996,0.001124,-0.007485,0.029940,-0.004716,0.000000
2158,179.919454,389,75.319331,3,3,1.000000,1,1,-0.000302,0.000000,0.117523,-0.001457,0.000000,0.038560,-0.000289,0.308483
2159,130.992054,521,57.572020,8,8,1.000000,1,1,-0.000301,-0.078695,0.029583,0.001942,0.000000,0.076775,-0.008205,0.230326
2160,135.699721,53,547.769396,4,4,1.000000,1,1,-0.000299,-0.132075,0.017752,0.037730,0.000000,0.377358,-0.004245,2.264151
2161,118.246953,108,260.757041,1,1,1.000000,1,1,-0.000299,-0.057870,0.003397,-0.007755,0.000000,0.046296,0.000000,1.111111
2162,-162.851139,670,7.773111,3,4,0.750000,0,1,-0.000299,-0.281716,0.025856,0.002034,-0.007463,0.022388,-0.003862,0.000000
2163,170.174905,301,97.280949,7,7,1.000000,1,1,-0.000300,0.000000,0.050281,0.005417,0.000000,0.116279,-0.004983,0.398671
2164,-45.017362,665,2.024636,1,2,0.500000,0,1,-0.000301,-0.074060,0.008325,-0.000869,-0.007519,0.007519,-0.000789,0.000000
2165,39.798394,680,2.642044,6,7,0.857143,0,1,-0.000294,0.000000,0.027162,0.000906,-0.007353,0.044118,-0.006011,0.000000
2166,216.259857,461,66.189771,5,5,1.000000,1,1,-0.000303,-0.058568,0.213491,0.003129,0.000000,0.054230,-0.003172,0.260304
2167,-218.575174,684,7.165598,4,6,0.666667,0,1,-0.000292,-0.386330,0.059019,0.001580,-0.007310,0.029240,-0.015461,0.000000
2168,144.457898,224,131.161467,5,5,1.000000,1,1,-0.000302,-0.034598,0.035903,0.000594,0.000000,0.111607,-0.004018,0.535714
2169,141.254766,263,110.134004,6,6,1.000000,1,1,-0.000299,-0.067490,0.030326,0.006921,0.000000,0.114068,-0.002709,0.456274
2170,-53.357830,674,3.648310,5,6,0.833333,0,1,-0.000297,-0.123145,0.015475,0.001576,-0.007418,0.037092,-0.002448,0.000000
2171,123.548644,419,72.092783,8,8,1.000000,1,1,-0.000301,-0.096659,0.020309,0.005406,0.000000,0.095465,-0.015752,0.286396
2172,50.003336,295,100.123074,2,2,1.000000,1,1,-0.000300,-0.292373,0.026334,-0.002549,0.000000,0.033898,-0.002288,0.406780
2173,123.581998,51,558.171181,2,2,1.000000,1,1,-0.000298,-0.122549,0.010106,-0.010161,0.000000,0.196078,-0.002941,2.352941
2174,148.210768,218,130.234119,5,5,1.000000,1,1,-0.000301,-0.004587,0.034806,0.003216,0.000000,0.114679,-0.018406,0.550459
2175,-217.510941,687,8.328017,3,4,0.750000,0,1,-0.000291,-0.351528,0.021619,0.001819,-0.007278,0.021834,-0.002784,0.000000
2176,28.476954,678,3.037965,6,8,0.750000,0,1,-0.000295,-0.009587,0.019765,-0.001712,-0.007375,0.044248,-0.003042,0.000000
2177,-29.364422,675,4.809064,5,7,0.714286,0,1,-0.000296,-0.102963,0.033217,0.002354,-0.007407,0.037037,-0.005444,0.000000
2178,-16.072893,677,2.590187,3,5,0.600000,0,1,-0.000295,-0.067208,0.029401,0.000698,-0.007386,0.022157,-0.001108,0.000000
2179,-30.854886,678,1.309068,0,1,0.000000,0,0,-0.000295,-0.041298,0.003224,0.000234,-0.007375,0.000000,0.000000,0.000000
2180,0.286185,679,1.201462,2,4,0.500000,0,1,-0.000295,-0.019882,0.016002,0.001374,-0.007364,0.014728,-0.004142,0.000000
2181,160.450771,489,61.256958,5,5,1.000000,1,1,-0.000304,-0.002045,0.047775,0.001968,0.000000,0.051125,-0.015798,0.245399
2182,30.377457,678,1.559488,4,6,0.666667,0,1,-0.000295,0.000000,0.030725,-0.000669,-0.007375,0.029499,-0.007080,0.000000
2183,4.371157,683,1.262722,3,4,0.750000,0,1,-0.000293,-0.013909,0.015144,-0.001881,-0.007321,0.021962,-0.007302,0.000000
2184,55.615040,679,1.672815,6,7,0.857143,0,1,-0.000295,0.000000,0.048056,0.000696,-0.007364,0.044183,-0.003369,0.000000
2185,86.126930,665,46.762549,1,1,1.000000,1,1,-0.000296,-0.062782,0.002874,0.001748,0.000000,0.007519,0.000000,0.180451
2186,147.375845,333,89.126442,4,4,1.000000,1,1,-0.000301,-0.009009,0.030527,0.003410,0.000000,0.060060,-0.002477,0.360360
2187,-6.149693,672,1.482042,3,6,0.500000,0,1,-0.000298,-0.035714,0.012581,0.001073,-0.007440,0.022321,-0.001674,0.000000
2188,32.524879,675,1.501848,6,7,0.857143,0,1,-0.000296,-0.004444,0.019405,0.000984,-0.007407,0.044444,-0.004500,0.000000
2189,156.072587,492,60.587861,6,6,1.000000,1,1,-0.000303,-0.015752,0.036783,0.001447,0.000000,0.060976,-0.009832,0.243902
2190,-33.873844,676,2.210944,4,6,0.666667,0,1,-0.000296,-0.095044,0.026097,0.000883,-0.007396,0.029586,-0.003939,0.000000
2191,-39.054862,674,1.599001,2,4,0.500000,0,1,-0.000297,-0.083828,0.025096,0.000564,-0.007418,0.014837,-0.006899,0.000000
2192,-4.230142,673,2.009566,6,7,0.857143,0,1,-0.000297,-0.034175,0.012007,0.000429,-0.007429,0.044577,-0.021397,0.000000
2193,144.620971,103,290.945745,4,4,1.000000,1,1,-0.000299,-0.007282,0.032533,0.021367,0.000000,0.194175,-0.001456,1.165049
2194,114.519852,144,200.471970,1,1,1.000000,1,1,-0.000302,-0.071181,0.006413,-0.007710,0.000000,0.034722,0.000000,0.833333
2195,162.446358,201,158.651545,6,6,1.000000,1,1,-0.000301,0.000000,0.062518,0.003063,0.000000,0.149254,-0.003358,0.597015
2196,-50.281577,674,1.589870,1,2,0.500000,0,1,-0.000297,-0.093472,0.020230,-0.000840,-0.007418,0.007418,-0.000223,0.000000
2197,123.585925,34,833.435337,1,1,1.000000,1,1,-0.000299,-0.036765,0.005748,-0.010275,0.000000,0.147059,0.000000,3.529412
2198,96.377193,156,185.704816,1,1,1.000000,1,1,-0.000299,-0.185897,0.004014,-0.001297,0.000000,0.032051,0.000000,0.769231
2199,120.964756,9,2948.033508,1,1,1.000000,1,1,-0.000311,-0.444444,0.000000,-0.003605,0.000000,0.555556,0.000000,13.333333
2200,138.407420,123,233.404466,4,4,1.000000,1,1,-0.000299,-0.024390,0.009063,0.006642,0.000000,0.162602,-0.003963,0.975610
2201,-84.471715,676,4.820642,3,6,0.500000,0,1,-0.000296,-0.148299,0.010557,-0.001214,-0.007396,0.022189,-0.000499,0.000000
2202,9.372579,679,1.498076,4,6,0.666667,0,1,-0.000295,-0.016568,0.009856,0.000100,-0.007364,0.029455,-0.001381,0.000000
2203,13.637352,679,2.682716,6,7,0.857143,0,1,-0.000295,-0.060015,0.044448,0.001502,-0.007364,0.044183,-0.002375,0.000000
2204,119.100587,109,257.836083,1,1,1.000000,1,1,-0.000298,-0.055046,0.003166,-0.001945,0.000000,0.045872,0.000000,1.100917
2205,123.744112,77,361.946524,1,1,1.000000,1,1,-0.000299,-0.029221,0.004315,0.008894,0.000000,0.064935,0.000000,1.558442
2206,27.850804,681,0.974252,2,5,0.400000,0,1,-0.000294,-0.002570,0.052175,-0.002046,-0.007342,0.014684,-0.013711,0.000000
2207,34.931532,685,1.595917,6,7,0.857143,0,1,-0.000292,0.000000,0.019057,0.001044,-0.007299,0.043796,-0.005310,0.000000
2208,15.687045,686,2.890058,7,8,0.875000,0,1,-0.000292,-0.059038,0.038853,0.001635,-0.007289,0.051020,-0.002023,0.000000
2209,11.126771,687,1.204208,3,4,0.750000,0,1,-0.000291,-0.017103,0.022720,0.001337,-0.007278,0.021834,-0.005022,0.000000
2210,-0.297579,684,1.340656,3,4,0.750000,0,1,-0.000292,-0.024488,0.017246,-0.000503,-0.007310,0.021930,-0.007018,0.000000
2211,125.774872,8,3245.766754,1,1,1.000000,1,1,-0.000304,0.000000,0.038334,0.058829,0.000000,0.625000,0.000000,15.000000
2212,-35.229172,684,0.708252,0,1,0.000000,0,0,-0.000292,-0.042763,0.001569,-0.002708,-0.007310,0.000000,0.000000,0.000000
2213,156.388598,218,135.796818,6,6,1.000000,1,1,-0.000299,-0.020642,0.045218,0.012081,0.000000,0.137615,-0.007053,0.550459
2214,13.660096,683,1.495714,4,6,0.666667,0,1,-0.000293,-0.019400,0.022147,0.000690,-0.007321,0.029283,-0.005106,0.000000
2215,176.610851,486,62.404734,7,7,1.000000,1,1,-0.000302,0.000000,0.053915,0.003971,0.000000,0.072016,-0.013117,0.246914
2216,149.041424,253,118.522518,6,6,1.000000,1,1,-0.000301,-0.022727,0.018032,0.007136,0.000000,0.118577,-0.005929,0.474308
2217,145.345056,468,64.315834,6,6,1.000000,1,1,-0.000304,-0.072650,0.066684,0.002173,0.000000,0.064103,-0.005849,0.256410
2218,-59.801502,674,1.987642,0,1,0.000000,0,0,-0.000297,-0.081231,0.001000,-0.000779,-0.007418,0.000000,0.000000,0.000000
2219,72.296890,676,2.042246,7,8,0.875000,0,1,-0.000296,0.000000,0.073668,0.002068,-0.007396,0.051775,-0.012870,0.000000
2220,-25.727640,673,1.876920,3,5,0.600000,0,1,-0.000297,-0.059807,0.010104,-0.000134,-0.007429,0.022288,-0.002953,0.000000
2221,27.823787,665,2.515476,6,8,0.750000,0,1,-0.000301,-0.019549,0.025627,0.002360,-0.007519,0.045113,-0.003891,0.000000
2222,167.741695,517,58.677285,7,7,1.000000,1,1,-0.000305,-0.023211,0.054722,0.001999,0.000000,0.067698,-0.008559,0.232108
2223,113.247335,359,81.051746,2,2,1.000000,1,1,-0.000304,-0.046657,0.001976,0.000096,0.000000,0.027855,-0.001776,0.334262
2224,156.170588,168,181.627729,6,6,1.000000,1,1,-0.000302,0.000000,0.038737,0.007000,0.000000,0.178571,-0.008705,0.714286
2225,148.887404,493,59.968567,6,6,1.000000,1,1,-0.000306,-0.040061,0.034691,0.005929,0.000000,0.060852,-0.002510,0.243408
2226,134.012631,385,75.661125,5,5,1.000000,1,1,-0.000307,-0.029870,0.008980,0.001132,0.000000,0.064935,-0.008474,0.311688
2227,-193.648618,684,7.791603,3,4,0.750000,0,1,-0.000292,-0.315789,0.018654,0.001724,-0.007310,0.021930,-0.002029,0.000000
2228,-25.766788,672,2.296576,4,5,0.800000,0,1,-0.000298,-0.071429,0.011360,0.001375,-0.007440,0.029762,-0.001674,0.000000
2229,117.409249,241,119.693341,2,2,1.000000,1,1,-0.000308,-0.051867,0.006591,-0.004325,0.000000,0.041494,-0.002334,0.497925
2230,43.386428,680,2.962666,5,6,0.833333,0,1,-0.000294,-0.090074,0.138412,0.000575,-0.007353,0.036765,-0.014228,0.000000
2231,156.434572,151,194.445940,6,6,1.000000,1,1,-0.000305,0.000000,0.047563,0.003799,0.000000,0.198675,-0.008444,0.794702
2232,121.787974,128,220.718916,1,1,1.000000,1,1,-0.000303,-0.021484,0.000913,-0.004220,0.000000,0.039062,0.000000,0.937500
2233,111.994284,545,55.475690,6,6,1.000000,1,1,-0.000304,-0.081651,0.018115,-0.000390,0.000000,0.055046,-0.005505,0.220183
2234,126.119425,285,102.394910,5,5,1.000000,1,1,-0.000303,-0.077193,0.010368,0.007591,0.000000,0.087719,-0.006711,0.421053
2235,122.997622,9,2881.498810,1,1,1.000000,1,1,-0.000315,-0.250000,0.002677,0.025151,0.000000,0.555556,0.000000,13.333333
2236,138.124553,246,116.970769,3,3,1.000000,1,1,-0.000304,0.000000,0.011420,0.004787,0.000000,0.060976,-0.003201,0.487805
2237,129.068680,329,90.110592,6,6,1.000000,1,1,-0.000306,-0.082067,0.016586,0.004332,0.000000,0.091185,-0.002166,0.364742
2238,128.989617,243,114.712576,4,4,1.000000,1,1,-0.000304,-0.061728,0.018158,0.001959,0.000000,0.082305,-0.003395,0.493827
2239,125.038745,1,7348.718781,1,1,1.000000,1,1,-0.000329,0.000000,0.013709,0.025364,0.000000,5.000000,0.000000,120.000000
2240,124.320683,27,982.856258,1,1,1.000000,1,1,-0.000298,-0.009259,0.007298,-0.022900,0.000000,0.185185,0.000000,4.444444
2241,141.314582,43,676.905003,4,4,1.000000,1,1,-0.000301,-0.034884,0.052491,0.016754,0.000000,0.465116,-0.003488,2.790698
2242,146.686004,345,82.733087,5,5,1.000000,1,1,-0.000304,-0.066667,0.073709,0.001301,0.000000,0.072464,-0.003152,0.347826
2243,165.170546,598,50.308038,3,3,1.000000,1,1,-0.000307,0.000000,0.054500,-0.001671,0.000000,0.025084,-0.002069,0.200669
2244,147.828640,465,68.235656,7,7,1.000000,1,1,-0.000309,-0.024194,0.018104,0.006057,0.000000,0.075269,-0.015081,0.258065
2245,19.906223,670,4.748611,7,8,0.875000,0,1,-0.000299,-0.053358,0.043200,-0.000187,-0.007463,0.052239,-0.004422,0.000000
2246,132.648674,462,63.440999,4,4,1.000000,1,1,-0.000309,-0.026515,0.014266,0.003627,0.000000,0.043290,-0.006981,0.259740
2247,13.333570,667,3.562657,6,7,0.857143,0,1,-0.000300,-0.059970,0.048579,0.002015,-0.007496,0.044978,-0.007815,0.000000
2248,3.927617,668,3.268309,4,6,0.666667,0,1,-0.000299,-0.081961,0.069573,0.002006,-0.007485,0.029940,-0.005894,0.000000
2249,100.233539,369,76.963970,2,2,1.000000,1,1,-0.000304,-0.090108,0.006330,0.004939,0.000000,0.027100,-0.001524,0.325203
2250,126.099102,492,58.405698,4,4,1.000000,1,1,-0.000307,-0.038618,0.010943,0.002472,0.000000,0.040650,-0.002744,0.243902
2251,173.317671,325,88.631536,6,6,1.000000,1,1,-0.000304,0.000000,0.072559,0.004338,0.000000,0.092308,-0.004846,0.369231
2252,163.728249,397,73.053690,7,7,1.000000,1,1,-0.000307,-0.008186,0.034469,0.004795,0.000000,0.088161,-0.008785,0.302267
2253,142.364405,313,93.858866,8,8,1.000000,1,1,-0.000303,-0.071086,0.016587,0.005048,0.000000,0.127796,-0.006589,0.383387
2254,165.747176,221,132.863019,8,8,1.000000,1,1,-0.000303,-0.064480,0.091405,0.008376,0.000000,0.180995,-0.008993,0.542986
2255,-18.892051,660,2.627350,2,3,0.666667,0,1,-0.000303,-0.044318,0.009067,0.002366,-0.007576,0.015152,-0.003011,0.000000
2256,119.353789,527,56.975559,8,8,1.000000,1,1,-0.000306,-0.131879,0.055143,0.003259,0.000000,0.075901,-0.003344,0.227704
2257,126.604770,120,233.758956,2,2,1.000000,1,1,-0.000302,-0.031250,0.004112,0.001333,0.000000,0.083333,-0.002188,1.000000
2258,104.861408,245,113.961628,1,1,1.000000,1,1,-0.000301,-0.088776,0.006902,-0.000023,0.000000,0.020408,0.000000,0.489796
2259,119.163386,315,88.128419,1,1,1.000000,1,1,-0.000303,-0.024603,0.006041,0.000336,0.000000,0.015873,0.000000,0.380952
2260,136.843916,529,53.395331,3,3,1.000000,1,1,-0.000307,0.000000,0.005606,0.000809,0.000000,0.028355,-0.002623,0.226843
2261,17.747307,401,79.467677,5,5,1.000000,1,1,-0.000301,-0.329800,0.014844,0.003624,0.000000,0.062344,-0.005704,0.299252
2262,-30.152326,663,3.257081,1,3,0.333333,0,1,-0.000302,-0.057315,0.014167,-0.001915,-0.007541,0.007541,-0.000113,0.000000
2263,106.037115,344,82.299456,1,1,1.000000,1,1,-0.000303,-0.060320,0.006381,-0.000883,0.000000,0.014535,0.000000,0.348837
2264,113.422786,231,124.290742,3,3,1.000000,1,1,-0.000303,-0.114719,0.022879,0.000357,0.000000,0.064935,-0.001623,0.519481
2265,124.328062,60,461.086502,1,1,1.000000,1,1,-0.000301,-0.008333,0.000000,-0.002565,0.000000,0.083333,0.000000,2.000000
2266,-89.607177,668,5.172287,1,2,0.500000,0,1,-0.000299,-0.142964,0.012862,-0.002843,-0.007485,0.007485,-0.000898,0.000000
2267,125.401048,365,75.545815,1,1,1.000000,1,1,-0.000302,-0.002740,0.006201,-0.002060,0.000000,0.013699,0.000000,0.328767
2268,143.175422,446,62.310790,5,5,1.000000,1,1,-0.000303,-0.029148,0.026639,0.002421,0.000000,0.056054,-0.003700,0.269058
2269,154.803773,415,69.859275,8,8,1.000000,1,1,-0.000302,-0.052410,0.045747,0.004926,0.000000,0.096386,-0.010482,0.289157
2270,198.344254,236,128.763214,5,5,1.000000,1,1,-0.000302,-0.006356,0.225332,0.010062,0.000000,0.105932,-0.002701,0.508475
2271,121.755144,225,122.162036,1,1,1.000000,1,1,-0.000300,-0.017778,0.003617,0.000039,0.000000,0.022222,0.000000,0.533333
2272,140.112508,126,226.872016,4,4,1.000000,1,1,-0.000304,-0.025794,0.032700,0.011255,0.000000,0.158730,-0.016964,0.952381
2273,-3.542288,670,5.912337,5,6,0.833333,0,1,-0.000299,-0.066791,0.034770,0.002835,-0.007463,0.037313,-0.005653,0.000000
2274,-9.131968,673,6.064232,5,6,0.833333,0,1,-0.000297,-0.064636,0.032343,0.003345,-0.007429,0.037147,-0.014042,0.000000
2275,137.963220,382,70.923230,4,4,1.000000,1,1,-0.000304,-0.020942,0.021804,0.001768,0.000000,0.052356,-0.007657,0.314136
2276,120.036959,369,76.991275,3,3,1.000000,1,1,-0.000304,-0.045393,0.005593,0.001282,0.000000,0.040650,-0.001728,0.325203
2277,168.307253,372,73.607706,5,5,1.000000,1,1,-0.000303,-0.036962,0.107367,0.000617,0.000000,0.067204,-0.008065,0.322581
2278,166.742768,540,52.572933,5,5,1.000000,1,1,-0.000306,-0.006481,0.058400,0.002957,0.000000,0.046296,-0.014306,0.222222
2279,109.902741,472,61.113419,2,2,1.000000,1,1,-0.000307,-0.050318,0.005155,0.004162,0.000000,0.021186,-0.001271,0.254237
2280,143.491124,284,95.911239,4,4,1.000000,1,1,-0.000306,-0.005282,0.020672,0.003547,0.000000,0.070423,-0.006338,0.422535
2281,131.981375,288,94.828651,2,2,1.000000,1,1,-0.000304,-0.017361,0.023936,0.002171,0.000000,0.034722,-0.001562,0.416667
2282,163.301571,377,73.467186,6,6,1.000000,1,1,-0.000305,0.000000,0.041229,0.001023,0.000000,0.079576,-0.006664,0.318302
2283,155.662749,373,74.234718,7,7,1.000000,1,1,-0.000304,-0.024799,0.032278,0.002947,0.000000,0.093834,-0.008345,0.321716
2284,125.117265,100,279.356687,2,2,1.000000,1,1,-0.000306,-0.050000,0.004709,-0.002481,0.000000,0.100000,-0.000750,1.200000
2285,137.466929,120,235.943709,3,3,1.000000,1,1,-0.000303,0.000000,0.018841,0.003895,0.000000,0.125000,-0.001875,1.000000
2286,189.446271,483,61.459905,7,7,1.000000,1,1,-0.000308,0.000000,0.069935,0.005727,0.000000,0.072464,-0.004037,0.248447
2287,159.564227,388,75.692101,7,7,1.000000,1,1,-0.000307,-0.007732,0.020626,0.006521,0.000000,0.090206,-0.007345,0.309278
2288,142.726271,416,72.925642,7,7,1.000000,1,1,-0.000307,-0.050481,0.031323,0.005375,0.000000,0.084135,-0.015415,0.288462
2289,102.947213,180,155.506221,2,2,1.000000,1,1,-0.000304,-0.161111,0.005587,0.006369,0.000000,0.055556,-0.000833,0.666667
2290,124.651523,272,100.224786,3,3,1.000000,1,1,-0.000307,-0.051471,0.013582,0.002769,0.000000,0.055147,-0.002619,0.441176
2291,-41.363001,666,15.041508,6,7,0.857143,0,1,-0.000300,-0.135886,0.042177,-0.001187,-0.007508,0.045045,-0.004448,0.000000
2292,-44.574055,668,10.663689,5,8,0.625000,0,1,-0.000299,-0.123129,0.056396,0.001352,-0.007485,0.037425,-0.030988,0.000000
2293,-33.625745,666,7.479624,4,6,0.666667,0,1,-0.000300,-0.096096,0.030775,0.001225,-0.007508,0.030030,-0.008615,0.000000
2294,141.370017,459,60.473528,4,4,1.000000,1,1,-0.000307,-0.012527,0.018269,-0.000407,0.000000,0.043573,-0.002042,0.261438
2295,116.236644,294,98.071707,6,6,1.000000,1,1,-0.000304,-0.136054,0.019525,0.007732,0.000000,0.102041,-0.005740,0.408163
2296,139.358446,190,147.146750,4,4,1.000000,1,1,-0.000305,-0.026316,0.014602,0.010616,0.000000,0.105263,-0.001974,0.631579
2297,-29.764940,672,5.539154,5,6,0.833333,0,1,-0.000298,-0.084077,0.013476,0.001978,-0.007440,0.037202,-0.005134,0.000000
2298,-13.167586,668,4.354280,2,3,0.666667,0,1,-0.000299,-0.033308,0.013550,0.001618,-0.007485,0.014970,-0.008757,0.000000
2299,97.809553,360,78.065590,2,2,1.000000,1,1,-0.000306,-0.099306,0.007537,0.003386,0.000000,0.027778,-0.000729,0.333333
2300,126.629729,206,137.444206,3,3,1.000000,1,1,-0.000299,-0.043689,0.006971,0.000571,0.000000,0.072816,-0.004187,0.582524
2301,131.474941,261,115.318403,6,6,1.000000,1,1,-0.000304,-0.103448,0.025060,0.008865,0.000000,0.114943,-0.001149,0.459770
2302,129.285967,279,100.404511,2,2,1.000000,1,1,-0.000305,-0.063620,0.061416,0.005730,0.000000,0.035842,-0.005780,0.430108
2303,151.525417,417,68.923167,5,5,1.000000,1,1,-0.000308,-0.007794,0.025648,0.001340,0.000000,0.059952,-0.003237,0.287770
2304,126.090645,215,144.866197,6,6,1.000000,1,1,-0.000306,-0.150000,0.035408,0.012936,0.000000,0.139535,-0.009244,0.558140
2305,104.733599,223,122.826434,1,1,1.000000,1,1,-0.000304,-0.090807,0.001903,-0.001672,0.000000,0.022422,0.000000,0.538117
2306,3.086730,670,5.100708,3,4,0.750000,0,1,-0.000299,-0.033209,0.024783,-0.000139,-0.007463,0.022388,-0.001455,0.000000
2307,106.417811,523,55.706165,4,4,1.000000,1,1,-0.000306,-0.093212,0.029551,0.002194,0.000000,0.038241,-0.002438,0.229446
2308,73.917488,556,57.943233,8,8,1.000000,1,1,-0.000304,-0.217626,0.072677,0.003446,0.000000,0.071942,-0.013017,0.215827
2309,130.267528,281,102.662503,6,6,1.000000,1,1,-0.000305,-0.109431,0.038040,0.005210,0.000000,0.106762,-0.003737,0.427046
2310,-191.120545,671,12.114667,5,6,0.833333,0,1,-0.000298,-0.310730,0.020720,0.001939,-0.007452,0.037258,-0.026267,0.000000
2311,118.362885,37,748.040787,1,1,1.000000,1,1,-0.000301,-0.182432,0.002604,0.000748,0.000000,0.135135,0.000000,3.243243
2312,-28.828598,673,4.335239,1,6,0.166667,0,1,-0.000297,-0.093982,0.050581,0.000973,-0.007429,0.007429,-0.000111,0.000000
2313,122.780247,197,140.407960,2,2,1.000000,1,1,-0.000303,-0.036802,0.000595,0.001575,0.000000,0.050761,-0.001713,0.609137
2314,146.392940,355,79.351422,5,5,1.000000,1,1,-0.000306,-0.007746,0.010680,0.004888,0.000000,0.070423,-0.003592,0.338028
2315,99.007097,390,74.748531,6,6,1.000000,1,1,-0.000304,-0.155128,0.026767,0.002530,0.000000,0.076923,-0.004615,0.307692
2316,169.123551,492,58.756669,7,7,1.000000,1,1,-0.000306,0.000000,0.050775,0.006591,0.000000,0.071138,-0.028354,0.243902
2317,-9.606155,667,4.559298,5,6,0.833333,0,1,-0.000300,-0.052849,0.023443,0.001566,-0.007496,0.037481,-0.016248,0.000000
2318,19.860204,668,3.196900,3,4,0.750000,0,1,-0.000299,-0.009356,0.031476,0.000126,-0.007485,0.022455,-0.007186,0.000000
2319,124.066262,10,2674.841431,1,1,1.000000,1,1,-0.000306,-0.200000,0.014818,0.092114,0.000000,0.500000,0.000000,12.000000
2320,137.213920,419,65.893286,3,3,1.000000,1,1,-0.000305,0.000000,0.005301,0.001272,0.000000,0.035800,-0.000984,0.286396
2321,136.859102,166,174.326109,3,3,1.000000,1,1,-0.000300,0.000000,0.005152,0.007025,0.000000,0.090361,-0.000678,0.722892
2322,125.114304,72,396.098644,2,2,1.000000,1,1,-0.000297,-0.125000,0.056563,0.001399,0.000000,0.138889,-0.000521,1.666667
2323,58.619778,666,3.386262,6,7,0.857143,0,1,-0.000300,0.000000,0.052725,0.002842,-0.007508,0.045045,-0.004786,0.000000
2324,144.009044,515,54.551769,4,4,1.000000,1,1,-0.000307,0.000000,0.009231,0.001410,0.000000,0.038835,-0.002549,0.233010
2325,-20.480604,672,4.052872,4,6,0.666667,0,1,-0.000298,-0.080729,0.028745,0.000432,-0.007440,0.029762,-0.000949,0.000000
2326,14.385463,669,3.550842,7,8,0.875000,0,1,-0.000299,-0.031764,0.010478,0.002617,-0.007474,0.052317,-0.004372,0.000000
2327,124.606709,261,107.390799,3,3,1.000000,1,1,-0.000302,-0.048851,0.008770,0.001280,0.000000,0.057471,-0.000718,0.459770
2328,17.999457,664,3.766786,4,6,0.666667,0,1,-0.000301,-0.062123,0.066636,0.001266,-0.007530,0.030120,-0.000960,0.000000
2329,-13.635408,671,1.919880,2,3,0.666667,0,1,-0.000298,-0.036513,0.011217,0.001175,-0.007452,0.014903,-0.003353,0.000000
2330,143.201630,180,161.594139,4,4,1.000000,1,1,-0.000304,0.000000,0.018314,0.004569,0.000000,0.111111,-0.004792,0.666667
2331,182.488717,334,87.905542,8,8,1.000000,1,1,-0.000305,0.000000,0.077372,0.006881,0.000000,0.119760,-0.016617,0.359281
2332,-17.013999,669,1.412940,1,3,0.333333,0,1,-0.000299,-0.035501,0.013546,-0.001217,-0.007474,0.007474,-0.001962,0.000000
2333,110.564814,245,116.031066,3,3,1.000000,1,1,-0.000303,-0.101020,0.004451,-0.000260,0.000000,0.061224,-0.002602,0.489796
2334,156.981881,581,51.104810,6,6,1.000000,1,1,-0.000303,-0.008606,0.025578,0.003416,0.000000,0.051635,-0.008068,0.206540
2335,108.118328,453,66.913146,8,8,1.000000,1,1,-0.000304,-0.134106,0.024093,0.002576,0.000000,0.088300,-0.006788,0.264901
2336,34.464925,674,2.795436,4,5,0.800000,0,1,-0.000297,-0.044510,0.078594,0.001491,-0.007418,0.029674,-0.006398,0.000000
2337,-15.908611,679,2.699630,4,5,0.800000,0,1,-0.000295,-0.078424,0.035374,0.000364,-0.007364,0.029455,-0.002541,0.000000
2338,133.896631,206,139.824382,2,2,1.000000,1,1,-0.000304,-0.030340,0.055681,-0.003755,0.000000,0.048544,-0.002367,0.582524
2339,125.773935,265,107.599603,2,2,1.000000,1,1,-0.000301,-0.020755,0.004395,0.001562,0.000000,0.037736,-0.000849,0.452830
2340,17.658115,669,1.574423,3,4,0.750000,0,1,-0.000299,0.000000,0.011908,0.003033,-0.007474,0.022422,-0.003195,0.000000
2341,-26.083762,671,3.779087,5,6,0.833333,0,1,-0.000298,-0.086438,0.022519,0.001126,-0.007452,0.037258,-0.005589,0.000000
2342,161.787344,190,159.182953,8,8,1.000000,1,1,-0.000304,-0.017105,0.028797,0.008874,0.000000,0.210526,-0.010855,0.631579
2343,122.408499,48,580.634930,1,1,1.000000,1,1,-0.000303,-0.062500,0.003860,0.004954,0.000000,0.104167,0.000000,2.500000
2344,13.888785,665,2.100007,5,6,0.833333,0,1,-0.000301,-0.039474,0.038637,0.001027,-0.007519,0.037594,-0.009079,0.000000
2345,-49.079004,662,4.144159,4,6,0.666667,0,1,-0.000302,-0.112160,0.017166,0.001843,-0.007553,0.030211,-0.003342,0.000000
2346,127.147750,327,88.588332,3,3,1.000000,1,1,-0.000305,-0.039755,0.019292,0.000654,0.000000,0.045872,-0.003899,0.366972
2347,154.410443,291,100.733784,6,6,1.000000,1,1,-0.000304,0.000000,0.025279,-0.001958,0.000000,0.103093,-0.007861,0.412371
2348,-74.701618,677,3.187210,4,6,0.666667,0,1,-0.000295,-0.144387,0.017637,0.000086,-0.007386,0.029542,-0.005539,0.000000
2349,137.179382,30,987.322121,3,3,1.000000,1,1,-0.000308,0.000000,0.037526,0.041678,0.000000,0.500000,-0.006250,4.000000
2350,134.701373,43,669.460049,3,3,1.000000,1,1,-0.000299,-0.093023,0.126487,-0.018307,0.000000,0.348837,-0.021802,2.790698
2351,-63.740343,669,3.313580,5,6,0.833333,0,1,-0.000299,-0.124813,0.012305,0.000695,-0.007474,0.037369,-0.013061,0.000000
2352,170.307413,250,118.498582,4,4,1.000000,1,1,-0.000306,0.000000,0.122065,0.005621,0.000000,0.080000,-0.006150,0.480000
2353,117.736934,203,140.292764,1,1,1.000000,1,1,-0.000300,-0.043103,0.009126,-0.001500,0.000000,0.024631,0.000000,0.591133
2354,103.550862,501,59.381165,3,3,1.000000,1,1,-0.000306,-0.086826,0.024794,0.002410,0.000000,0.029940,-0.002844,0.239521
2355,126.884312,240,119.473587,3,3,1.000000,1,1,-0.000302,-0.040625,0.009580,-0.000594,0.000000,0.062500,-0.001875,0.500000
2356,6.053313,676,1.950816,3,5,0.600000,0,1,-0.000296,-0.033284,0.035157,0.001461,-0.007396,0.022189,-0.008876,0.000000
2357,201.932687,476,61.118961,8,8,1.000000,1,1,-0.000306,0.000000,0.097873,0.004392,0.000000,0.084034,-0.013866,0.252101
2358,41.630048,672,2.191390,6,7,0.857143,0,1,-0.000298,-0.012649,0.044384,0.002182,-0.007440,0.044643,-0.008873,0.000000
2359,174.684922,454,64.392060,7,7,1.000000,1,1,-0.000306,0.000000,0.050422,0.008689,0.000000,0.077093,-0.015446,0.264317
2360,141.840762,240,117.329590,3,3,1.000000,1,1,-0.000305,-0.004167,0.031230,0.001901,0.000000,0.062500,-0.000156,0.500000
2361,125.212496,458,64.032557,6,6,1.000000,1,1,-0.000305,-0.064410,0.014990,0.001253,0.000000,0.065502,-0.005650,0.262009
2362,142.736333,414,71.638435,8,8,1.000000,1,1,-0.000304,-0.074879,0.036553,0.006985,0.000000,0.096618,-0.010054,0.289855
2363,154.597467,359,81.766889,8,8,1.000000,1,1,-0.000305,-0.053621,0.042730,0.005549,0.000000,0.111421,-0.009401,0.334262
2364,133.993876,241,118.008886,4,4,1.000000,1,1,-0.000302,-0.051867,0.041951,0.008170,0.000000,0.082988,-0.022873,0.497925
2365,187.653220,621,48.471843,5,5,1.000000,1,1,-0.000306,-0.032609,0.103261,0.002867,0.000000,0.040258,-0.004529,0.193237
2366,-165.395899,675,9.422612,5,6,0.833333,0,1,-0.000296,-0.295556,0.034581,0.001721,-0.007407,0.037037,-0.015111,0.000000
2367,142.906999,356,80.466944,7,7,1.000000,1,1,-0.000304,-0.075843,0.047682,0.003765,0.000000,0.098315,-0.009270,0.337079
2368,165.291561,571,52.243086,8,8,1.000000,1,1,-0.000306,-0.026708,0.042181,0.005396,0.000000,0.070053,-0.011296,0.210158
2369,164.212367,209,140.595140,7,7,1.000000,1,1,-0.000303,0.000000,0.038431,0.013666,0.000000,0.167464,-0.007715,0.574163
2370,127.240250,8,3287.003616,2,2,1.000000,1,1,-0.000319,-0.375000,0.025869,0.013856,0.000000,1.250000,-0.009375,15.000000
2371,96.916785,424,67.935404,6,6,1.000000,1,1,-0.000308,-0.136792,0.017937,0.001838,0.000000,0.070755,-0.007871,0.283019
2372,143.481356,369,76.963689,6,6,1.000000,1,1,-0.000306,-0.072493,0.053055,0.006347,0.000000,0.081301,-0.004268,0.325203
2373,127.484663,44,629.506012,2,2,1.000000,1,1,-0.000301,-0.090909,0.009821,0.026778,0.000000,0.227273,-0.002557,2.727273
2374,131.173965,76,361.759230,2,2,1.000000,1,1,-0.000304,-0.042763,0.033948,0.033447,0.000000,0.131579,-0.008882,1.578947
2375,135.172923,189,148.225725,6,6,1.000000,1,1,-0.000301,-0.091270,0.010318,0.008160,0.000000,0.158730,-0.005357,0.634921
2376,114.192537,396,73.362313,5,5,1.000000,1,1,-0.000304,-0.111111,0.034070,0.002390,0.000000,0.063131,-0.002841,0.303030
2377,146.671221,548,54.797710,7,7,1.000000,1,1,-0.000305,-0.062956,0.052849,0.004795,0.000000,0.063869,-0.009580,0.218978
2378,153.883824,130,212.747381,4,4,1.000000,1,1,-0.000299,0.000000,0.107372,0.003187,0.000000,0.153846,-0.003462,0.923077
2379,154.193696,173,166.399190,7,7,1.000000,1,1,-0.000299,-0.007225,0.005692,0.000424,0.000000,0.202312,-0.003251,0.693642
2380,50.147896,667,5.933534,5,6,0.833333,0,1,-0.000300,0.000000,0.044475,0.003722,-0.007496,0.037481,-0.002699,0.000000
2381,-34.903219,669,5.675676,1,4,0.250000,0,1,-0.000299,-0.069133,0.019242,-0.001197,-0.007474,0.007474,-0.000785,0.000000
2382,104.405079,519,55.999051,3,3,1.000000,1,1,-0.000306,-0.072254,0.015889,0.001623,0.000000,0.028902,-0.003902,0.231214
2383,121.152293,39,684.710827,1,1,1.000000,1,1,-0.000301,-0.102564,0.001768,0.002438,0.000000,0.128205,0.000000,3.076923
2384,144.217722,170,163.610923,5,5,1.000000,1,1,-0.000301,-0.020588,0.018745,0.002836,0.000000,0.147059,-0.005294,0.705882
2385,57.532725,398,75.979087,1,1,1.000000,1,1,-0.000306,-0.173367,0.003529,0.000628,0.000000,0.012563,0.000000,0.301508
2386,129.928085,4,5158.763794,2,2,1.000000,1,1,-0.000322,-0.125000,0.057785,0.049558,0.000000,2.500000,0.000000,30.000000
2387,138.690807,389,72.590143,6,6,1.000000,1,1,-0.000305,-0.062982,0.043071,0.005893,0.000000,0.077121,-0.014749,0.308483
2388,120.724888,8,3062.029480,1,1,1.000000,1,1,-0.000311,-0.593750,0.019093,0.040579,0.000000,0.625000,0.000000,15.000000
2389,108.173972,316,90.388518,3,3,1.000000,1,1,-0.000304,-0.095728,0.013919,-0.000406,0.000000,0.047468,-0.002373,0.379747
2390,4.114827,674,5.219662,5,6,0.833333,0,1,-0.000297,-0.052300,0.032555,0.001313,-0.007418,0.037092,-0.004841,0.000000
2391,124.947368,469,59.943963,4,4,1.000000,1,1,-0.000304,-0.050107,0.020309,0.000566,0.000000,0.042644,-0.002559,0.255864
2392,170.588704,539,53.896945,6,6,1.000000,1,1,-0.000308,0.000000,0.043191,0.000811,0.000000,0.055659,-0.005496,0.222635
2393,105.605300,312,91.158175,2,2,1.000000,1,1,-0.000304,-0.086538,0.009052,0.001045,0.000000,0.032051,-0.001442,0.384615
2394,-18.160028,662,5.976006,5,6,0.833333,0,1,-0.000302,-0.075151,0.020014,0.000174,-0.007553,0.037764,-0.002379,0.000000
2395,-37.686047,661,5.630124,5,8,0.625000,0,1,-0.000303,-0.085477,0.024576,-0.000935,-0.007564,0.037821,-0.025132,0.000000
2396,3.488261,666,4.550948,5,6,0.833333,0,1,-0.000300,-0.058559,0.039236,-0.001228,-0.007508,0.037538,-0.003941,0.000000
2397,102.284252,341,83.350261,3,3,1.000000,1,1,-0.000304,-0.138563,0.050491,0.005192,0.000000,0.043988,-0.012757,0.351906
2398,119.928413,70,392.808455,1,1,1.000000,1,1,-0.000302,-0.071429,0.006176,-0.006896,0.000000,0.071429,0.000000,1.714286
2399,71.438492,458,61.134067,3,3,1.000000,1,1,-0.000305,-0.145742,0.009089,0.000307,0.000000,0.032751,-0.002129,0.262009
2400,107.261426,227,124.261360,1,1,1.000000,1,1,-0.000302,-0.081498,0.004507,-0.000850,0.000000,0.022026,0.000000,0.528634
2401,156.645772,96,305.890339,6,6,1.000000,1,1,-0.000305,-0.046875,0.109584,0.013854,0.000000,0.312500,-0.007031,1.250000
2402,123.547589,176,160.485011,2,2,1.000000,1,1,-0.000302,-0.042614,0.003814,0.003932,0.000000,0.056818,-0.001491,0.681818
2403,127.241339,95,291.975782,3,3,1.000000,1,1,-0.000303,-0.092105,0.013568,0.005065,0.000000,0.157895,-0.007895,1.263158
2404,182.119862,423,66.645550,8,8,1.000000,1,1,-0.000307,0.000000,0.080724,0.003790,0.000000,0.094563,-0.031915,0.283688
2405,121.446177,262,113.742720,6,6,1.000000,1,1,-0.000304,-0.127863,0.016934,0.004539,0.000000,0.114504,-0.002290,0.458015
2406,100.490400,415,67.324233,2,2,1.000000,1,1,-0.000305,-0.078916,0.008439,0.000940,0.000000,0.024096,-0.001265,0.289157
2407,124.020863,161,173.679926,6,6,1.000000,1,1,-0.000302,-0.163043,0.015047,0.001146,0.000000,0.186335,-0.014208,0.745342
2408,128.845924,523,55.345826,8,8,1.000000,1,1,-0.000305,-0.074092,0.020183,0.004541,0.000000,0.076482,-0.009895,0.229446
2409,12.093910,664,4.705752,3,4,0.750000,0,1,-0.000301,-0.022590,0.030811,-0.002168,-0.007530,0.022590,-0.002598,0.000000
2410,124.303122,13,2015.516991,1,1,1.000000,1,1,-0.000298,-0.076923,0.000000,0.023615,0.000000,0.384615,0.000000,9.230769
2411,17.634103,668,6.575775,6,7,0.857143,0,1,-0.000299,-0.073728,0.069770,0.001258,-0.007485,0.044910,-0.008028,0.000000
2412,-28.828615,672,6.481549,7,8,0.875000,0,1,-0.000298,-0.165551,0.083423,0.000742,-0.007440,0.052083,-0.005859,0.000000
2413,53.555464,411,71.870233,2,2,1.000000,1,1,-0.000305,-0.194039,0.008917,-0.000479,0.000000,0.024331,-0.000091,0.291971
2414,150.137804,219,131.160357,7,7,1.000000,1,1,-0.000303,-0.059361,0.037142,0.006142,0.000000,0.159817,-0.005822,0.547945
2415,120.522239,190,148.980543,2,2,1.000000,1,1,-0.000305,-0.067105,0.008225,0.009500,0.000000,0.052632,-0.000197,0.631579
2416,58.526537,379,77.144279,1,1,1.000000,1,1,-0.000304,-0.182058,0.005408,0.001562,0.000000,0.013193,0.000000,0.316623
2417,-12.005649,672,6.887799,5,6,0.833333,0,1,-0.000298,-0.123884,0.075963,0.001707,-0.007440,0.037202,-0.001116,0.000000
2418,145.661753,259,113.946695,8,8,1.000000,1,1,-0.000302,-0.086873,0.033377,0.004954,0.000000,0.154440,-0.006515,0.463320
2419,122.194503,489,57.898321,4,4,1.000000,1,1,-0.000305,-0.049080,0.011019,0.003871,0.000000,0.040900,-0.001917,0.245399
2420,137.069158,260,108.824655,3,3,1.000000,1,1,-0.000299,0.000000,0.009992,0.001583,0.000000,0.057692,-0.003317,0.461538
2421,113.709050,449,64.515439,6,6,1.000000,1,1,-0.000304,-0.091314,0.014434,0.003875,0.000000,0.066815,-0.007517,0.267261
2422,124.024207,183,153.827767,2,2,1.000000,1,1,-0.000301,-0.060109,0.022693,0.006293,0.000000,0.054645,-0.001230,0.655738
2423,128.040411,514,54.884395,4,4,1.000000,1,1,-0.000306,-0.044261,0.021349,0.001847,0.000000,0.038911,-0.001897,0.233463
2424,-17.900298,671,7.488149,7,8,0.875000,0,1,-0.000298,-0.135246,0.071899,-0.000476,-0.007452,0.052161,-0.007265,0.000000
2425,139.102701,264,105.477090,5,5,1.000000,1,1,-0.000303,-0.053977,0.041387,0.006180,0.000000,0.094697,-0.015625,0.454545
2426,168.750209,341,82.560781,6,6,1.000000,1,1,-0.000302,0.000000,0.055477,0.006739,0.000000,0.087977,-0.006928,0.351906
2427,119.380470,138,201.331173,1,1,1.000000,1,1,-0.000301,-0.050725,0.005071,0.005234,0.000000,0.036232,0.000000,0.869565
2428,126.337683,89,319.328524,2,2,1.000000,1,1,-0.000299,-0.056180,0.003004,0.013168,0.000000,0.112360,-0.000843,1.348315
2429,167.005044,534,58.865003,8,8,1.000000,1,1,-0.000305,-0.015449,0.031381,0.003531,0.000000,0.074906,-0.006039,0.224719
2430,12.275916,668,4.924640,4,5,0.800000,0,1,-0.000299,-0.019835,0.021239,-0.000859,-0.007485,0.029940,-0.004323,0.000000
2431,143.606369,382,72.188898,4,4,1.000000,1,1,-0.000305,0.000000,0.012240,0.002021,0.000000,0.052356,-0.004516,0.314136
2432,134.284881,297,95.354419,3,3,1.000000,1,1,-0.000305,-0.012626,0.014125,0.003848,0.000000,0.050505,-0.007449,0.404040
2433,-49.622275,670,7.370142,7,8,0.875000,0,1,-0.000299,-0.151119,0.040064,0.002197,-0.007463,0.052239,-0.009683,0.000000
2434,122.448055,26,1038.568253,1,1,1.000000,1,1,-0.000305,-0.163462,0.010322,0.055293,0.000000,0.192308,0.000000,4.615385
2435,177.584698,273,109.093158,7,7,1.000000,1,1,-0.000304,0.000000,0.081709,0.006680,0.000000,0.128205,-0.005357,0.439560
2436,124.983141,11,2358.232208,1,1,1.000000,1,1,-0.000308,-0.068182,0.002354,0.064603,0.000000,0.454545,0.000000,10.909091
2437,106.319192,176,159.321686,1,1,1.000000,1,1,-0.000301,-0.115057,0.001397,0.007820,0.000000,0.028409,0.000000,0.681818
2438,135.290485,22,1243.827454,3,3,1.000000,1,1,-0.000297,-0.102273,0.055224,0.067368,0.000000,0.681818,-0.006818,5.454545
2439,123.723039,287,96.621168,2,2,1.000000,1,1,-0.000305,-0.047909,0.028189,-0.000801,0.000000,0.034843,-0.001045,0.418118
2440,57.767301,538,56.729757,2,2,1.000000,1,1,-0.000307,-0.148234,0.013408,0.002613,0.000000,0.018587,-0.001743,0.223048
2441,117.771829,37,719.635983,1,1,1.000000,1,1,-0.000301,-0.243243,0.003572,0.044616,0.000000,0.135135,0.000000,3.243243
2442,92.736870,365,80.016506,5,5,1.000000,1,1,-0.000303,-0.147945,0.008187,0.002731,0.000000,0.068493,-0.005856,0.328767
2443,-89.243235,673,7.159539,0,1,0.000000,0,0,-0.000297,-0.125557,0.001298,-0.000619,-0.007429,0.000000,0.000000,0.000000
2444,158.274503,295,98.095541,6,6,1.000000,1,1,-0.000305,-0.004237,0.031050,0.007134,0.000000,0.101695,-0.005593,0.406780
2445,130.805180,441,67.806372,6,6,1.000000,1,1,-0.000305,-0.068027,0.023635,0.004488,0.000000,0.068027,-0.003316,0.272109
2446,129.423256,109,249.936280,3,3,1.000000,1,1,-0.000306,-0.071101,0.030696,0.005374,0.000000,0.137615,-0.015826,1.100917
2447,124.909055,246,122.675736,6,6,1.000000,1,1,-0.000303,-0.218496,0.119493,0.000054,0.000000,0.121951,-0.002744,0.487805
2448,71.783130,529,56.444881,2,2,1.000000,1,1,-0.000306,-0.121456,0.012433,0.000980,0.000000,0.018904,-0.001701,0.226843
2449,132.946672,297,97.059615,6,6,1.000000,1,1,-0.000303,-0.104377,0.043426,0.007497,0.000000,0.101010,-0.003662,0.404040
2450,159.168029,223,130.563860,6,6,1.000000,1,1,-0.000305,0.000000,0.044355,0.005470,0.000000,0.134529,-0.008408,0.538117
2451,129.763565,270,103.900106,4,4,1.000000,1,1,-0.000305,-0.045370,0.019134,0.003351,0.000000,0.074074,-0.014722,0.444444
2452,123.931087,13,2000.280144,1,1,1.000000,1,1,-0.000311,-0.096154,0.000000,0.014241,0.000000,0.384615,0.000000,9.230769
2453,114.667090,378,78.949426,8,8,1.000000,1,1,-0.000304,-0.160053,0.051065,0.005832,0.000000,0.105820,-0.016468,0.317460
2454,-13.790959,675,7.284139,6,8,0.750000,0,1,-0.000296,-0.092963,0.041493,0.000632,-0.007407,0.044444,-0.006333,0.000000
2455,93.563934,346,82.018309,2,2,1.000000,1,1,-0.000307,-0.122110,0.014107,0.003113,0.000000,0.028902,-0.000108,0.346821
2456,150.292427,333,91.591497,8,8,1.000000,1,1,-0.000309,-0.108108,0.080672,0.003210,0.000000,0.120120,-0.004617,0.360360
2457,130.674130,123,218.120601,2,2,1.000000,1,1,-0.000304,-0.038618,0.040626,0.005606,0.000000,0.081301,-0.001829,0.975610
2458,39.022798,251,118.501970,4,4,1.000000,1,1,-0.000298,-0.432271,0.025589,0.006174,0.000000,0.079681,-0.001494,0.478088
2459,186.416310,448,62.221595,3,3,1.000000,1,1,-0.000308,0.000000,0.114957,0.001040,0.000000,0.033482,-0.000921,0.267857
2460,153.162626,357,80.195401,6,6,1.000000,1,1,-0.000308,-0.025210,0.032405,0.009115,0.000000,0.084034,-0.007143,0.336134
2461,147.036174,299,99.572848,7,7,1.000000,1,1,-0.000307,-0.058528,0.038738,0.004248,0.000000,0.117057,-0.010786,0.401338
2462,107.418399,457,65.395561,6,6,1.000000,1,1,-0.000307,-0.127462,0.035823,0.001395,0.000000,0.065646,-0.002626,0.262582
2463,141.321325,256,109.932264,6,6,1.000000,1,1,-0.000308,-0.089844,0.059158,0.005002,0.000000,0.117188,-0.007910,0.468750
2464,159.976397,149,191.851455,7,7,1.000000,1,1,-0.000305,-0.020134,0.045035,0.016353,0.000000,0.234899,-0.007550,0.805369
2465,142.988679,142,195.915434,4,4,1.000000,1,1,-0.000307,0.000000,0.019884,0.007544,0.000000,0.140845,-0.006074,0.845070
2466,192.097756,375,76.993236,8,8,1.000000,1,1,-0.000308,0.000000,0.100091,0.005311,0.000000,0.106667,-0.019500,0.320000
2467,-48.126843,679,8.203060,7,8,0.875000,0,1,-0.000295,-0.170103,0.060706,0.002197,-0.007364,0.051546,-0.007566,0.000000
2468,72.659495,325,85.986722,1,1,1.000000,1,1,-0.000306,-0.173077,0.011121,0.001215,0.000000,0.015385,0.000000,0.369231
2469,106.730267,215,132.849010,2,2,1.000000,1,1,-0.000306,-0.117442,0.007080,0.003309,0.000000,0.046512,-0.000872,0.558140
2470,174.592664,211,133.987552,7,7,1.000000,1,1,-0.000310,0.000000,0.101449,0.006291,0.000000,0.165877,-0.014573,0.568720
2471,144.510857,313,89.426629,4,4,1.000000,1,1,-0.000311,-0.003994,0.014006,0.007585,0.000000,0.063898,-0.002875,0.383387
2472,147.177502,570,53.262474,8,8,1.000000,1,1,-0.000307,-0.043860,0.031045,0.002534,0.000000,0.070175,-0.011908,0.210526
2473,125.046629,87,308.514315,1,1,1.000000,1,1,-0.000301,0.000000,0.001850,-0.001013,0.000000,0.057471,0.000000,1.379310
2474,-16.579930,679,8.023235,5,6,0.833333,0,1,-0.000295,-0.069956,0.023731,0.001372,-0.007364,0.036819,-0.008726,0.000000
2475,142.365873,273,99.046130,4,4,1.000000,1,1,-0.000307,-0.028388,0.038344,0.004650,0.000000,0.073260,-0.005632,0.439560
2476,133.333744,20,1390.124428,3,3,1.000000,1,1,-0.000306,-0.200000,0.082784,0.036085,0.000000,0.750000,-0.001875,6.000000
2477,146.686422,253,119.136714,8,8,1.000000,1,1,-0.000308,-0.074111,0.025470,0.003737,0.000000,0.158103,-0.007411,0.474308
2478,17.680171,676,6.377182,3,4,0.750000,0,1,-0.000296,-0.034024,0.051836,-0.000220,-0.007396,0.022189,-0.005936,0.000000
2479,111.613876,184,147.857201,1,1,1.000000,1,1,-0.000306,-0.077446,0.004238,0.000763,0.000000,0.027174,0.000000,0.652174
2480,170.540611,617,51.711636,6,6,1.000000,1,1,-0.000308,0.000000,0.037288,0.002875,0.000000,0.048622,-0.006564,0.194489
2481,121.792314,413,66.813720,3,3,1.000000,1,1,-0.000306,-0.047215,0.012934,0.004697,0.000000,0.036320,-0.002088,0.290557
2482,15.474150,678,5.590778,3,4,0.750000,0,1,-0.000295,-0.036136,0.044608,0.002883,-0.007375,0.022124,-0.002987,0.000000
2483,142.876936,303,92.433476,7,7,1.000000,1,1,-0.000306,-0.072607,0.037486,0.003957,0.000000,0.115512,-0.008540,0.396040
2484,111.618157,155,179.291649,1,1,1.000000,1,1,-0.000305,-0.087097,0.000002,0.001065,0.000000,0.032258,0.000000,0.774194
2485,145.013744,378,75.819487,5,5,1.000000,1,1,-0.000308,-0.013889,0.017842,0.004129,0.000000,0.066138,-0.007738,0.317460
2486,46.459750,678,6.257987,7,8,0.875000,0,1,-0.000295,-0.014749,0.045846,0.001661,-0.007375,0.051622,-0.008186,0.000000
2487,122.327936,281,103.987938,6,6,1.000000,1,1,-0.000307,-0.124555,0.026867,0.006724,0.000000,0.106762,-0.007206,0.427046
2488,139.760325,284,101.230233,7,7,1.000000,1,1,-0.000307,-0.079225,0.030967,0.005600,0.000000,0.123239,-0.010695,0.422535
2489,157.605145,315,92.425128,7,7,1.000000,1,1,-0.000305,-0.060317,0.071287,0.005820,0.000000,0.111111,-0.008214,0.380952
2490,158.258531,185,156.801277,7,7,1.000000,1,1,-0.000304,-0.010811,0.025796,0.011243,0.000000,0.189189,-0.008311,0.648649
2491,158.962896,445,62.227965,7,7,1.000000,1,1,-0.000309,0.000000,0.016605,0.003817,0.000000,0.078652,-0.011208,0.269663
2492,119.128501,189,145.468154,2,2,1.000000,1,1,-0.000306,-0.083333,0.020813,0.006495,0.000000,0.052910,-0.001190,0.634921
2493,141.682415,337,86.001052,8,8,1.000000,1,1,-0.000306,-0.094955,0.042473,0.007447,0.000000,0.118694,-0.009013,0.356083
2494,-43.395807,675,6.915380,0,1,0.000000,0,0,-0.000296,-0.059259,0.004523,-0.001851,-0.007407,0.000000,0.000000,0.000000
2495,161.552495,327,85.033756,5,5,1.000000,1,1,-0.000309,-0.048165,0.104182,0.003627,0.000000,0.076453,-0.008716,0.366972
2496,153.824576,142,196.017292,7,7,1.000000,1,1,-0.000304,-0.021127,0.025557,0.000008,0.000000,0.246479,-0.012412,0.845070
2497,151.263358,203,139.606298,6,6,1.000000,1,1,-0.000304,-0.061576,0.066014,0.008555,0.000000,0.147783,-0.006466,0.591133
2498,119.578013,221,121.645711,1,1,1.000000,1,1,-0.000306,-0.029412,0.002957,0.002227,0.000000,0.022624,0.000000,0.542986
2499,146.808768,191,142.799713,5,5,1.000000,1,1,-0.000310,-0.031414,0.051303,-0.000293,0.000000,0.130890,-0.009817,0.628272
2500,82.721342,399,73.835825,2,2,1.000000,1,1,-0.000309,-0.143484,0.028970,0.000747,0.000000,0.025063,-0.004417,0.300752
2501,134.679592,321,87.401674,5,5,1.000000,1,1,-0.000308,-0.065421,0.030067,0.006315,0.000000,0.077882,-0.002804,0.373832
2502,131.882002,47,588.383762,3,3,1.000000,1,1,-0.000299,-0.090426,0.013425,0.022129,0.000000,0.319149,-0.011170,2.553191
2503,15.061836,676,7.024371,3,4,0.750000,0,1,-0.000296,-0.014423,0.032391,0.000910,-0.007396,0.022189,-0.011095,0.000000
2504,130.913436,634,56.112532,4,4,1.000000,1,1,-0.000307,-0.055205,0.043139,0.000880,0.000000,0.031546,-0.002839,0.189274
2505,141.297011,638,51.015509,5,5,1.000000,1,1,-0.000306,-0.020768,0.019972,0.003233,0.000000,0.039185,-0.007935,0.188088
2506,120.476974,119,231.695657,2,2,1.000000,1,1,-0.000302,-0.098739,0.028169,0.002507,0.000000,0.084034,-0.011660,1.008403
2507,53.440362,481,65.390064,6,6,1.000000,1,1,-0.000304,-0.219854,0.022106,0.003308,0.000000,0.062370,-0.006003,0.249480
2508,126.536688,151,182.195436,2,2,1.000000,1,1,-0.000302,-0.033113,0.010047,0.000929,0.000000,0.066225,-0.000497,0.794702
2509,124.673224,79,343.811657,3,3,1.000000,1,1,-0.000306,-0.129747,0.009479,0.001722,0.000000,0.189873,-0.011867,1.518987
2510,122.826917,466,61.963140,6,6,1.000000,1,1,-0.000306,-0.076180,0.024957,0.001266,0.000000,0.064378,-0.008047,0.257511
2511,168.322656,349,79.187724,6,6,1.000000,1,1,-0.000310,0.000000,0.061364,0.002622,0.000000,0.085960,-0.011175,0.343840
2512,90.193300,333,86.624372,2,2,1.000000,1,1,-0.000304,-0.138889,0.019977,-0.000211,0.000000,0.030030,-0.000113,0.360360
2513,124.660735,84,325.877848,1,1,1.000000,1,1,-0.000304,0.000000,0.002857,-0.006592,0.000000,0.059524,0.000000,1.428571
2514,36.844825,675,4.224246,4,5,0.800000,0,1,-0.000296,-0.012593,0.061758,0.000494,-0.007407,0.029630,-0.017000,0.000000
2515,-51.035646,671,6.950007,3,5,0.600000,0,1,-0.000298,-0.111401,0.023741,-0.000713,-0.007452,0.022355,-0.002291,0.000000
2516,98.178417,250,111.568180,2,2,1.000000,1,1,-0.000302,-0.144000,0.019729,-0.001963,0.000000,0.040000,-0.000750,0.480000
2517,121.179495,141,194.952519,2,2,1.000000,1,1,-0.000305,-0.083333,0.019288,0.004187,0.000000,0.070922,-0.002394,0.851064
2518,116.817592,49,557.756519,1,1,1.000000,1,1,-0.000304,-0.173469,0.001219,0.005567,0.000000,0.102041,0.000000,2.448980
2519,-10.595327,674,4.680952,2,3,0.666667,0,1,-0.000297,-0.050445,0.031033,-0.001093,-0.007418,0.014837,-0.002337,0.000000
2520,159.771624,197,142.345069,6,6,1.000000,1,1,-0.000305,-0.039340,0.099097,0.007663,0.000000,0.152284,-0.017513,0.609137
2521,144.511150,259,110.411275,6,6,1.000000,1,1,-0.000305,-0.041506,0.024709,0.002134,0.000000,0.115830,-0.006226,0.463320
2522,7.429054,676,3.812545,1,3,0.333333,0,1,-0.000296,0.000000,0.013490,-0.000429,-0.007396,0.007396,-0.001775,0.000000
2523,123.079944,9,2768.709290,1,1,1.000000,1,1,-0.000301,-0.277778,0.004215,0.060524,0.000000,0.555556,0.000000,13.333333
2524,155.921781,158,182.169444,7,7,1.000000,1,1,-0.000303,-0.036392,0.039361,0.008628,0.000000,0.221519,-0.005459,0.759494
2525,155.331818,142,195.806993,6,6,1.000000,1,1,-0.000303,-0.054577,0.095673,0.006790,0.000000,0.211268,-0.010035,0.845070
2526,134.291391,447,70.982866,6,6,1.000000,1,1,-0.000301,-0.178412,0.146270,0.004599,0.000000,0.067114,-0.007299,0.268456
2527,8.236381,677,6.622424,7,8,0.875000,0,1,-0.000295,-0.074594,0.053978,0.001116,-0.007386,0.051699,-0.012352,0.000000
2528,137.774676,107,251.656344,3,3,1.000000,1,1,-0.000294,0.000000,0.018636,0.011795,0.000000,0.140187,-0.004206,1.121495
2529,125.504533,244,114.939462,3,3,1.000000,1,1,-0.000302,-0.054303,0.018843,0.005453,0.000000,0.061475,-0.008607,0.491803
2530,-9.984264,675,5.294942,4,8,0.500000,0,1,-0.000296,-0.066667,0.037096,-0.002091,-0.007407,0.029630,-0.005056,0.000000
2531,126.306129,434,69.536819,8,8,1.000000,1,1,-0.000305,-0.085829,0.011075,0.002954,0.000000,0.092166,-0.005530,0.276498
2532,103.485085,347,81.123006,2,2,1.000000,1,1,-0.000307,-0.077810,0.006649,-0.001269,0.000000,0.028818,-0.003674,0.345821
2533,-197.934163,676,13.225490,6,8,0.750000,0,1,-0.000296,-0.393121,0.071266,0.000798,-0.007396,0.044379,-0.008432,0.000000
2534,157.217015,237,118.709412,7,7,1.000000,1,1,-0.000306,0.000000,0.008437,0.005338,0.000000,0.147679,-0.004114,0.506329
2535,162.326697,287,107.023963,6,6,1.000000,1,1,-0.000305,0.000000,0.043227,0.003817,0.000000,0.104530,-0.003789,0.418118
2536,52.702750,357,83.680574,3,3,1.000000,1,1,-0.000302,-0.247199,0.020268,-0.001401,0.000000,0.042017,-0.001891,0.336134
2537,-56.558899,679,6.391805,7,8,0.875000,0,1,-0.000295,-0.108247,0.015884,0.000082,-0.007364,0.051546,-0.034904,0.000000
2538,122.548213,6,3828.568222,1,1,1.000000,1,1,-0.000314,-0.416667,0.000000,0.008350,0.000000,0.833333,0.000000,20.000000
2539,123.333593,279,99.760345,1,1,1.000000,1,1,-0.000306,-0.008065,0.003260,-0.000862,0.000000,0.017921,0.000000,0.430108
2540,152.232686,242,116.692531,7,7,1.000000,1,1,-0.000304,-0.014463,0.021562,0.005168,0.000000,0.144628,-0.023399,0.495868
2541,75.706886,326,90.846992,2,2,1.000000,1,1,-0.000305,-0.207822,0.042824,0.000830,0.000000,0.030675,-0.002071,0.368098
2542,-8.111269,672,4.956184,5,6,0.833333,0,1,-0.000298,-0.052827,0.015446,0.002264,-0.007440,0.037202,-0.006417,0.000000
2543,67.872308,240,121.924177,2,2,1.000000,1,1,-0.000301,-0.269792,0.010543,0.000841,0.000000,0.041667,-0.000156,0.500000
2544,154.633856,253,111.612338,6,6,1.000000,1,1,-0.000305,0.000000,0.023184,0.000773,0.000000,0.118577,-0.005336,0.474308
2545,100.558447,188,147.690373,1,1,1.000000,1,1,-0.000300,-0.126330,0.001505,-0.004883,0.000000,0.026596,0.000000,0.638298
2546,54.030891,550,57.511515,2,2,1.000000,1,1,-0.000303,-0.151364,0.023564,0.001090,0.000000,0.018182,-0.011114,0.218182
2547,-37.406216,672,4.558604,3,5,0.600000,0,1,-0.000298,-0.103423,0.036926,-0.001017,-0.007440,0.022321,-0.002734,0.000000
2548,141.002038,244,115.833412,4,4,1.000000,1,1,-0.000308,-0.010246,0.016774,0.002344,0.000000,0.081967,-0.004457,0.491803
2549,107.425226,516,59.630267,8,8,1.000000,1,1,-0.000306,-0.106589,0.010194,0.001207,0.000000,0.077519,-0.006395,0.232558
2550,-72.150268,673,5.881397,6,8,0.750000,0,1,-0.000297,-0.158618,0.019721,0.001526,-0.007429,0.044577,-0.006686,0.000000
2551,101.827116,337,97.615655,8,8,1.000000,1,1,-0.000301,-0.229228,0.061012,0.003798,0.000000,0.118694,-0.007901,0.356083
2552,133.201377,298,93.505723,3,3,1.000000,1,1,-0.000307,-0.019295,0.014841,0.002501,0.000000,0.050336,-0.003775,0.402685
2553,-223.562510,678,11.472054,7,8,0.875000,0,1,-0.000295,-0.426254,0.058581,-0.000156,-0.007375,0.051622,-0.005863,0.000000
2554,144.333598,396,72.623048,6,6,1.000000,1,1,-0.000307,-0.030303,0.017440,0.008046,0.000000,0.075758,-0.009186,0.303030
2555,121.271055,17,1579.606071,1,1,1.000000,1,1,-0.000303,-0.235294,0.006502,0.009745,0.000000,0.294118,0.000000,7.058824
2556,14.242635,667,2.443198,5,6,0.833333,0,1,-0.000300,-0.024738,0.019628,0.000376,-0.007496,0.037481,-0.003598,0.000000
2557,157.970464,529,56.791729,8,8,1.000000,1,1,-0.000305,-0.037807,0.042736,0.002314,0.000000,0.075614,-0.010775,0.226843
2558,-26.526730,671,3.094916,3,5,0.600000,0,1,-0.000298,-0.080104,0.029570,-0.001480,-0.007452,0.022355,-0.002124,0.000000
2559,101.173903,399,72.576358,6,6,1.000000,1,1,-0.000303,-0.134712,0.013476,0.002363,0.000000,0.075188,-0.003195,0.300752
2560,145.914881,336,83.951880,4,4,1.000000,1,1,-0.000305,-0.009673,0.030485,0.006025,0.000000,0.059524,-0.008929,0.357143
2561,-197.248643,682,10.254032,6,8,0.750000,0,1,-0.000293,-0.368035,0.046185,-0.000600,-0.007331,0.043988,-0.003134,0.000000
2562,136.947014,485,60.692948,5,5,1.000000,1,1,-0.000304,-0.024742,0.012583,0.003437,0.000000,0.051546,-0.007577,0.247423
2563,-10.561415,665,1.351217,0,1,0.000000,0,0,-0.000301,-0.013534,0.006342,-0.000871,-0.007519,0.000000,0.000000,0.000000
2564,122.650811,14,1950.943840,1,1,1.000000,1,1,-0.000296,-0.160714,0.000054,-0.006843,0.000000,0.357143,0.000000,8.571429
2565,117.070055,381,73.429627,3,3,1.000000,1,1,-0.000300,-0.042651,0.007752,0.002607,0.000000,0.039370,-0.014469,0.314961
2566,65.484328,667,2.417286,4,5,0.800000,0,1,-0.000300,-0.031484,0.111317,0.003690,-0.007496,0.029985,-0.007534,0.000000
2567,147.982430,247,119.486660,6,6,1.000000,1,1,-0.000304,-0.073887,0.065323,0.009201,0.000000,0.121457,-0.008502,0.485830
2568,91.825637,647,51.741142,6,6,1.000000,1,1,-0.000302,-0.113988,0.024913,0.002882,0.000000,0.046368,-0.003420,0.185471
2569,146.091124,211,138.250859,6,6,1.000000,1,1,-0.000306,-0.046209,0.032819,0.002990,0.000000,0.142180,-0.007820,0.568720
2570,28.219540,670,2.699220,6,7,0.857143,0,1,-0.000299,-0.012313,0.029786,0.002407,-0.007463,0.044776,-0.014776,0.000000
2571,122.145908,151,185.943692,1,1,1.000000,1,1,-0.000304,-0.018212,0.001534,-0.001919,0.000000,0.033113,0.000000,0.794702
2572,143.019055,321,87.728529,4,4,1.000000,1,1,-0.000305,-0.007788,0.018997,0.003875,0.000000,0.062305,-0.005374,0.373832
2573,175.261935,315,92.660277,8,8,1.000000,1,1,-0.000306,-0.012698,0.060674,0.005543,0.000000,0.126984,-0.004762,0.380952
2574,-17.070084,675,3.109936,3,4,0.750000,0,1,-0.000296,-0.064815,0.028965,-0.000068,-0.007407,0.022222,-0.003889,0.000000
2575,138.510038,226,126.116710,3,3,1.000000,1,1,-0.000306,0.000000,0.017182,0.004629,0.000000,0.066372,-0.005973,0.530973
2576,63.941634,532,57.781249,2,2,1.000000,1,1,-0.000305,-0.160244,0.039079,0.001459,0.000000,0.018797,-0.004159,0.225564
2577,-51.472843,672,5.257945,5,8,0.625000,0,1,-0.000298,-0.106399,0.019657,0.000268,-0.007440,0.037202,-0.019587,0.000000
2578,140.114258,441,65.442133,4,4,1.000000,1,1,-0.000309,-0.036281,0.040045,0.003097,0.000000,0.045351,-0.006293,0.272109
2579,-14.228051,669,2.485588,2,3,0.666667,0,1,-0.000299,-0.028774,0.008210,-0.000815,-0.007474,0.014948,-0.007063,0.000000
2580,-42.749863,672,3.372205,3,4,0.750000,0,1,-0.000298,-0.085193,0.017030,-0.001163,-0.007440,0.022321,-0.008873,0.000000
2581,147.702810,330,88.432766,8,8,1.000000,1,1,-0.000308,-0.063636,0.032167,0.006558,0.000000,0.121212,-0.012045,0.363636
2582,96.983415,590,51.621768,2,2,1.000000,1,1,-0.000302,-0.083898,0.028601,0.000529,0.000000,0.016949,-0.000890,0.203390
2583,124.273951,155,181.156083,2,2,1.000000,1,1,-0.000306,-0.038710,0.006180,-0.003623,0.000000,0.064516,-0.000484,0.774194
2584,103.330421,498,58.587873,3,3,1.000000,1,1,-0.000308,-0.077811,0.014856,0.000197,0.000000,0.030120,-0.000527,0.240964
2585,-39.035222,578,57.238666,6,6,1.000000,1,1,-0.000303,-0.317042,0.021574,0.002003,0.000000,0.051903,-0.033283,0.207612
2586,176.097611,332,87.988721,5,5,1.000000,1,1,-0.000310,-0.039910,0.139220,0.005624,0.000000,0.075301,-0.010956,0.361446
2587,126.688063,392,73.661829,5,5,1.000000,1,1,-0.000309,-0.059949,0.010349,0.007500,0.000000,0.063776,-0.004305,0.306122
2588,126.351335,616,49.316629,4,4,1.000000,1,1,-0.000305,-0.053571,0.032774,0.002476,0.000000,0.032468,-0.003531,0.194805
2589,118.673296,61,459.127590,1,1,1.000000,1,1,-0.000301,-0.110656,0.001240,0.006000,0.000000,0.081967,0.000000,1.967213
2590,158.744680,376,77.632109,7,7,1.000000,1,1,-0.000309,-0.014628,0.028977,0.007887,0.000000,0.093085,-0.011968,0.319149
2591,124.515694,218,130.369462,4,4,1.000000,1,1,-0.000307,-0.095183,0.028712,0.008651,0.000000,0.091743,-0.012901,0.550459
2592,145.471967,365,77.997873,5,5,1.000000,1,1,-0.000309,-0.012329,0.020063,0.001470,0.000000,0.068493,-0.007603,0.328767
2593,128.337701,257,116.040984,5,5,1.000000,1,1,-0.000306,-0.117704,0.053740,0.004251,0.000000,0.097276,-0.004815,0.466926
2594,119.202336,84,348.941227,2,2,1.000000,1,1,-0.000307,-0.154762,0.017757,0.009215,0.000000,0.119048,-0.000446,1.428571
2595,173.387507,380,74.040037,7,7,1.000000,1,1,-0.000312,0.000000,0.057306,0.004420,0.000000,0.092105,-0.013026,0.315789
2596,105.674996,166,166.738634,4,4,1.000000,1,1,-0.000307,-0.224398,0.022188,0.004549,0.000000,0.120482,-0.008810,0.722892
2597,124.815393,352,80.530667,5,5,1.000000,1,1,-0.000309,-0.068892,0.010712,0.006474,0.000000,0.071023,-0.005327,0.340909
2598,90.089600,368,77.630989,1,1,1.000000,1,1,-0.000308,-0.097826,0.000926,0.002342,0.000000,0.013587,0.000000,0.326087
2599,136.947420,450,61.418287,3,3,1.000000,1,1,-0.000307,0.000000,0.008072,0.000562,0.000000,0.033333,-0.004000,0.266667
2600,159.822111,249,113.371639,7,7,1.000000,1,1,-0.000309,0.000000,0.039080,0.006498,0.000000,0.140562,-0.025904,0.481928
2601,137.440957,577,51.698779,3,3,1.000000,1,1,-0.000306,0.000000,0.006812,0.001754,0.000000,0.025997,-0.004029,0.207972
2602,129.954131,277,97.547585,2,2,1.000000,1,1,-0.000307,-0.020758,0.022955,0.002276,0.000000,0.036101,-0.004332,0.433213
2603,135.396536,389,73.807996,8,8,1.000000,1,1,-0.000304,-0.115039,0.053636,0.003664,0.000000,0.102828,-0.005206,0.308483
2604,100.049212,314,89.023771,6,6,1.000000,1,1,-0.000306,-0.174363,0.017422,0.004379,0.000000,0.095541,-0.006210,0.382166
2605,148.250968,290,97.990701,7,7,1.000000,1,1,-0.000304,-0.046552,0.023925,0.006382,0.000000,0.120690,-0.006724,0.413793
2606,-12.909064,674,7.291384,1,2,0.500000,0,1,-0.000297,-0.022997,0.008948,-0.000133,-0.007418,0.007418,-0.004674,0.000000
2607,124.657408,512,56.534865,4,4,1.000000,1,1,-0.000305,-0.040039,0.010229,0.003298,0.000000,0.039062,-0.003149,0.234375
2608,162.678451,362,76.679924,7,7,1.000000,1,1,-0.000307,0.000000,0.034620,0.012693,0.000000,0.096685,-0.025794,0.331492
2609,148.127974,304,89.831671,7,7,1.000000,1,1,-0.000305,-0.032895,0.016880,0.004939,0.000000,0.115132,-0.011225,0.394737
2610,116.108481,559,49.210804,1,1,1.000000,1,1,-0.000305,-0.018784,0.003804,-0.000622,0.000000,0.008945,0.000000,0.214669
2611,129.781507,227,131.429475,3,3,1.000000,1,1,-0.000304,-0.036344,0.013533,0.000952,0.000000,0.066079,-0.000826,0.528634
2612,139.046029,153,184.129153,3,3,1.000000,1,1,-0.000306,-0.026144,0.049100,0.007471,0.000000,0.098039,-0.003676,0.784314
2613,141.894234,35,836.802177,4,4,1.000000,1,1,-0.000305,0.000000,0.032694,0.027089,0.000000,0.571429,-0.005357,3.428571
2614,129.693861,154,181.103334,4,4,1.000000,1,1,-0.000303,-0.099026,0.025207,0.012556,0.000000,0.129870,-0.005357,0.779221
2615,166.452983,399,67.356148,7,7,1.000000,1,1,-0.000304,0.000000,0.041015,0.008294,0.000000,0.087719,-0.020301,0.300752
2616,-24.062482,678,11.135162,3,4,0.750000,0,1,-0.000295,-0.071165,0.025764,0.000323,-0.007375,0.022124,-0.004867,0.000000
2617,153.399316,212,134.378708,7,7,1.000000,1,1,-0.000304,-0.027123,0.023524,0.006788,0.000000,0.165094,-0.010436,0.566038
2618,147.403696,323,82.885003,5,5,1.000000,1,1,-0.000302,-0.012384,0.023507,0.001962,0.000000,0.077399,-0.005341,0.371517
2619,145.238217,483,59.245448,7,7,1.000000,1,1,-0.000304,-0.031573,0.020177,0.004766,0.000000,0.072464,-0.013276,0.248447
2620,155.492756,139,206.798277,7,7,1.000000,1,1,-0.000300,0.000000,0.008660,0.007326,0.000000,0.251799,-0.012140,0.863309
2621,122.959151,353,78.701868,4,4,1.000000,1,1,-0.000302,-0.054533,0.005828,0.004450,0.000000,0.056657,-0.003718,0.339943
2622,-15.170914,683,12.707090,4,6,0.666667,0,1,-0.000293,-0.141288,0.097697,0.001577,-0.007321,0.029283,-0.001867,0.000000
2623,180.317184,389,69.791713,4,4,1.000000,1,1,-0.000305,0.000000,0.103704,0.002750,0.000000,0.051414,-0.002506,0.308483
2624,58.898824,270,108.639204,4,4,1.000000,1,1,-0.000300,-0.336111,0.032866,0.007476,0.000000,0.074074,-0.004306,0.444444
2625,124.245855,330,83.061594,3,3,1.000000,1,1,-0.000302,-0.038636,0.009085,-0.001030,0.000000,0.045455,-0.001705,0.363636
2626,120.684516,238,120.921601,5,5,1.000000,1,1,-0.000304,-0.146008,0.047137,0.001106,0.000000,0.105042,-0.004097,0.504202
2627,123.428333,320,85.850208,3,3,1.000000,1,1,-0.000303,-0.048438,0.011248,0.002855,0.000000,0.046875,-0.001523,0.375000
2628,13.001618,674,8.585540,3,5,0.600000,0,1,-0.000297,-0.052300,0.057533,0.000629,-0.007418,0.022255,-0.001113,0.000000
2629,135.711186,513,57.142421,5,5,1.000000,1,1,-0.000304,-0.020468,0.003736,0.002511,0.000000,0.048733,-0.003582,0.233918
2630,172.031827,329,81.022277,7,7,1.000000,1,1,-0.000306,0.000000,0.054838,0.004418,0.000000,0.106383,-0.007181,0.364742
2631,155.964459,373,72.377932,7,7,1.000000,1,1,-0.000305,0.000000,0.006173,0.003153,0.000000,0.093834,-0.006434,0.321716
2632,74.395104,596,51.361439,4,4,1.000000,1,1,-0.000303,-0.128356,0.023301,0.001323,0.000000,0.033557,-0.006040,0.201342
2633,175.310506,461,57.091389,7,7,1.000000,1,1,-0.000305,-0.002711,0.050226,0.003763,0.000000,0.075922,-0.006914,0.260304
2634,148.887334,326,85.884153,8,8,1.000000,1,1,-0.000303,-0.087423,0.054466,0.006650,0.000000,0.122699,-0.007477,0.368098
2635,-61.913366,667,10.721252,3,4,0.750000,0,1,-0.000300,-0.121064,0.014324,0.003329,-0.007496,0.022489,-0.004104,0.000000
2636,131.264167,320,85.425569,6,6,1.000000,1,1,-0.000305,-0.064062,0.010428,0.002069,0.000000,0.093750,-0.006680,0.375000
2637,166.574360,390,69.561235,7,7,1.000000,1,1,-0.000303,-0.030128,0.055319,0.008156,0.000000,0.089744,-0.003365,0.307692
2638,26.962530,675,8.443708,6,7,0.857143,0,1,-0.000296,0.000000,0.018197,0.001729,-0.007407,0.044444,-0.016722,0.000000
2639,164.733574,437,58.318595,4,4,1.000000,1,1,-0.000303,0.000000,0.057908,0.001996,0.000000,0.045767,-0.003003,0.274600
2640,161.268521,159,200.806341,8,8,1.000000,1,1,-0.000301,-0.031447,0.043060,0.005392,0.000000,0.251572,-0.008726,0.754717
2641,115.082955,142,198.425852,1,1,1.000000,1,1,-0.000302,-0.065141,0.000717,-0.005113,0.000000,0.035211,0.000000,0.845070
2642,132.398893,599,51.704015,3,3,1.000000,1,1,-0.000303,-0.050501,0.047418,0.001360,0.000000,0.025042,-0.002316,0.200334
2643,135.291905,21,1455.616379,3,3,1.000000,1,1,-0.000310,-0.130952,0.092225,0.056508,0.000000,0.714286,-0.003571,5.714286
2644,160.342375,373,72.224482,8,8,1.000000,1,1,-0.000303,-0.024129,0.035678,0.000529,0.000000,0.107239,-0.010858,0.321716
2645,130.796049,438,58.877803,3,3,1.000000,1,1,-0.000304,-0.011416,0.009592,0.005029,0.000000,0.034247,-0.012500,0.273973
2646,-16.002643,662,8.339941,3,4,0.750000,0,1,-0.000302,-0.043429,0.008621,0.001043,-0.007553,0.022659,-0.005211,0.000000
2647,6.195071,661,7.648515,4,5,0.800000,0,1,-0.000303,-0.060893,0.047682,0.001668,-0.007564,0.030257,-0.001475,0.000000
2648,21.818537,663,7.425397,4,6,0.666667,0,1,-0.000302,0.000000,0.015016,0.000265,-0.007541,0.030166,-0.004695,0.000000
2649,161.708216,360,80.078178,8,8,1.000000,1,1,-0.000305,0.000000,0.007362,0.004146,0.000000,0.111111,-0.006458,0.333333
2650,132.991577,94,316.558699,3,3,1.000000,1,1,-0.000306,-0.031915,0.008660,0.004588,0.000000,0.159574,-0.002394,1.276596
2651,119.641663,150,194.833945,2,2,1.000000,1,1,-0.000306,-0.081667,0.013235,0.000182,0.000000,0.066667,-0.000500,0.800000
2652,91.994020,559,57.198353,8,8,1.000000,1,1,-0.000303,-0.159660,0.046287,0.004163,0.000000,0.071556,-0.012142,0.214669
2653,108.870368,470,60.076697,2,2,1.000000,1,1,-0.000305,-0.047872,0.002718,0.000901,0.000000,0.021277,-0.000399,0.255319
2654,68.671222,663,5.554122,6,7,0.857143,0,1,-0.000302,0.000000,0.070232,0.000351,-0.007541,0.045249,-0.004412,0.000000
2655,146.806907,166,172.670914,3,3,1.000000,1,1,-0.000302,0.000000,0.065570,0.006536,0.000000,0.090361,-0.000678,0.722892
2656,58.009952,640,49.657916,6,6,1.000000,1,1,-0.000301,-0.158594,0.016534,0.001381,0.000000,0.046875,-0.002754,0.187500
2657,161.750587,251,115.710904,8,8,1.000000,1,1,-0.000302,-0.037849,0.043078,0.007725,0.000000,0.159363,-0.005677,0.478088
2658,17.235125,663,3.723169,3,4,0.750000,0,1,-0.000302,-0.003017,0.017085,-0.000026,-0.007541,0.022624,-0.002828,0.000000
2659,-12.406875,672,4.169566,2,3,0.666667,0,1,-0.000298,-0.033482,0.010534,-0.001374,-0.007440,0.014881,-0.001283,0.000000
2660,123.099179,441,64.921443,8,8,1.000000,1,1,-0.000303,-0.138322,0.062547,0.002096,0.000000,0.090703,-0.009694,0.272109
2661,145.030297,228,129.708563,8,8,1.000000,1,1,-0.000302,-0.135965,0.079944,0.006949,0.000000,0.175439,-0.016283,0.526316
2662,122.656862,384,73.021446,3,3,1.000000,1,1,-0.000301,-0.042969,0.009197,0.002906,0.000000,0.039062,-0.000977,0.312500
2663,123.935157,6,3883.118408,1,1,1.000000,1,1,-0.000317,-0.250000,0.000000,0.072843,0.000000,0.833333,0.000000,20.000000
2664,72.383463,628,48.909729,5,5,1.000000,1,1,-0.000302,-0.121417,0.010825,0.000757,0.000000,0.039809,-0.005494,0.191083
2665,115.034648,65,431.295931,2,2,1.000000,1,1,-0.000301,-0.238462,0.015360,-0.003372,0.000000,0.153846,-0.003462,1.846154
2666,-14.331424,678,4.560082,5,6,0.833333,0,1,-0.000295,-0.116888,0.073072,0.003153,-0.007375,0.036873,-0.009679,0.000000
2667,140.953759,351,82.943181,8,8,1.000000,1,1,-0.000305,-0.063390,0.012015,0.005644,0.000000,0.113960,-0.008226,0.341880
2668,73.587419,419,69.153314,3,3,1.000000,1,1,-0.000301,-0.147971,0.006368,-0.000638,0.000000,0.035800,-0.004027,0.286396
2669,36.726111,597,51.298801,6,6,1.000000,1,1,-0.000303,-0.199749,0.015648,0.001449,0.000000,0.050251,-0.006784,0.201005
2670,130.571731,9,2982.670151,2,2,1.000000,1,1,-0.000312,-0.166667,0.195132,0.047873,0.000000,1.111111,-0.012500,13.333333
2671,-37.469082,680,7.685610,5,6,0.833333,0,1,-0.000294,-0.191544,0.118777,0.001122,-0.007353,0.036765,-0.012574,0.000000
2672,205.326290,422,67.942077,5,5,1.000000,1,1,-0.000306,-0.036730,0.180190,0.002643,0.000000,0.059242,-0.002844,0.284360
2673,100.770599,140,201.270842,1,1,1.000000,1,1,-0.000304,-0.175000,0.001087,0.001150,0.000000,0.035714,0.000000,0.857143
2674,82.829586,436,64.983635,6,6,1.000000,1,1,-0.000303,-0.172592,0.022709,0.003608,0.000000,0.068807,-0.007483,0.275229
2675,131.550844,66,425.933941,2,2,1.000000,1,1,-0.000298,0.000000,0.019049,0.008156,0.000000,0.151515,-0.003409,1.818182
2676,143.005730,375,76.318596,5,5,1.000000,1,1,-0.000307,-0.080667,0.077549,0.000506,0.000000,0.066667,-0.002400,0.320000
2677,136.504041,243,116.060382,3,3,1.000000,1,1,-0.000305,0.000000,0.010587,-0.001469,0.000000,0.061728,-0.002623,0.493827
2678,157.704049,558,51.627260,7,7,1.000000,1,1,-0.000301,-0.015233,0.028581,0.001073,0.000000,0.062724,-0.009274,0.215054
2679,113.589835,214,129.154103,1,1,1.000000,1,1,-0.000302,-0.066589,0.005868,0.007704,0.000000,0.023364,0.000000,0.560748
2680,132.427765,632,46.351377,4,4,1.000000,1,1,-0.000303,-0.023734,0.017699,0.000883,0.000000,0.031646,-0.006527,0.189873
2681,161.303111,177,160.955188,7,7,1.000000,1,1,-0.000303,0.000000,0.038261,0.010154,0.000000,0.197740,-0.012500,0.677966
2682,147.439777,96,294.749937,5,5,1.000000,1,1,-0.000303,-0.015625,0.033111,0.012919,0.000000,0.260417,-0.004687,1.250000
2683,54.936630,670,4.346245,5,6,0.833333,0,1,-0.000299,0.000000,0.060289,0.001276,-0.007463,0.037313,-0.009123,0.000000
2684,145.735782,232,131.672016,6,6,1.000000,1,1,-0.000303,-0.066810,0.051336,0.004185,0.000000,0.129310,-0.006789,0.517241
2685,169.815192,197,145.582555,7,7,1.000000,1,1,-0.000302,0.000000,0.076858,0.009879,0.000000,0.177665,-0.011231,0.609137
2686,86.643876,454,63.215076,4,4,1.000000,1,1,-0.000303,-0.134912,0.019746,0.002983,0.000000,0.044053,-0.005039,0.264317
2687,123.166341,89,299.067142,1,1,1.000000,1,1,-0.000302,-0.033708,0.003521,0.009886,0.000000,0.056180,0.000000,1.348315
2688,-9.947864,675,6.730383,5,6,0.833333,0,1,-0.000296,-0.066667,0.038079,0.001462,-0.007407,0.037037,-0.016944,0.000000
2689,134.152364,398,70.555170,4,4,1.000000,1,1,-0.000304,-0.032035,0.016965,0.002660,0.000000,0.050251,-0.001979,0.301508
2690,121.239321,510,55.981792,3,3,1.000000,1,1,-0.000301,-0.034314,0.009838,-0.000146,0.000000,0.029412,-0.002059,0.235294
2691,128.712478,633,46.791722,4,4,1.000000,1,1,-0.000304,-0.035940,0.017987,0.001728,0.000000,0.031596,-0.001303,0.189573
2692,155.672398,543,52.404090,6,6,1.000000,1,1,-0.000304,-0.012431,0.027022,0.004032,0.000000,0.055249,-0.007873,0.220994
2693,148.868030,61,460.698919,5,5,1.000000,1,1,-0.000301,0.000000,0.041100,0.028760,0.000000,0.409836,-0.006148,1.967213
2694,31.210504,674,5.068911,5,7,0.714286,0,1,-0.000297,-0.006306,0.025180,0.000058,-0.007418,0.037092,-0.002003,0.000000
2695,78.289801,633,48.666722,8,8,1.000000,1,1,-0.000300,-0.165087,0.046140,0.001301,0.000000,0.063191,-0.011137,0.189573
2696,117.934860,69,394.035807,2,2,1.000000,1,1,-0.000298,-0.184783,0.008618,0.002693,0.000000,0.144928,-0.001087,1.739130
2697,110.740285,344,87.173493,8,8,1.000000,1,1,-0.000301,-0.218750,0.082572,0.002984,0.000000,0.116279,-0.009702,0.348837
2698,121.932267,109,256.594736,3,3,1.000000,1,1,-0.000300,-0.128440,0.004908,0.006009,0.000000,0.137615,-0.002064,1.100917
2699,145.986474,420,68.307393,6,6,1.000000,1,1,-0.000302,-0.031548,0.021190,0.004497,0.000000,0.071429,-0.003393,0.285714
2700,-37.144469,669,7.130714,3,4,0.750000,0,1,-0.000299,-0.084828,0.015922,0.000529,-0.007474,0.022422,-0.001794,0.000000
2701,-50.839049,683,6.379048,5,6,0.833333,0,1,-0.000293,-0.112738,0.015345,-0.001309,-0.007321,0.036603,-0.004722,0.000000
2702,79.278276,434,68.432316,6,6,1.000000,1,1,-0.000302,-0.180300,0.020390,0.004775,0.000000,0.069124,-0.007517,0.276498
2703,133.308799,141,199.324939,3,3,1.000000,1,1,-0.000298,-0.028369,0.013075,0.005991,0.000000,0.106383,-0.002394,0.851064
2704,153.091846,326,90.215773,5,5,1.000000,1,1,-0.000306,-0.047546,0.072900,0.005065,0.000000,0.076687,-0.005291,0.368098
2705,129.518704,23,1209.660553,2,2,1.000000,1,1,-0.000296,-0.097826,0.036696,0.048652,0.000000,0.434783,-0.008152,5.217391
2706,144.610312,278,103.041176,4,4,1.000000,1,1,-0.000304,-0.008993,0.029109,0.002841,0.000000,0.071942,-0.006070,0.431655
2707,162.755016,612,47.030220,5,5,1.000000,1,1,-0.000305,-0.014297,0.050599,0.001838,0.000000,0.040850,-0.008824,0.196078
2708,146.117610,418,67.935962,7,7,1.000000,1,1,-0.000303,-0.024522,0.011654,0.000444,0.000000,0.083732,-0.008523,0.287081
2709,95.462439,527,54.718441,4,4,1.000000,1,1,-0.000305,-0.089184,0.007631,0.003040,0.000000,0.037951,-0.005693,0.227704
2710,165.619562,239,120.462165,7,7,1.000000,1,1,-0.000304,0.000000,0.046214,0.011546,0.000000,0.146444,-0.013023,0.502092
2711,125.597554,249,118.049834,6,6,1.000000,1,1,-0.000300,-0.141566,0.041980,0.008209,0.000000,0.120482,-0.006325,0.481928
2712,141.084692,400,70.775197,5,5,1.000000,1,1,-0.000302,-0.068125,0.063198,0.001253,0.000000,0.062500,-0.005813,0.300000
2713,149.052050,155,185.396950,5,5,1.000000,1,1,-0.000303,-0.024194,0.046669,0.007841,0.000000,0.161290,-0.003871,0.774194
2714,127.147908,82,334.864304,2,2,1.000000,1,1,-0.000304,-0.067073,0.025822,0.007231,0.000000,0.121951,-0.000457,1.463415
2715,121.603811,276,102.155050,3,3,1.000000,1,1,-0.000301,-0.061594,0.014032,0.000413,0.000000,0.054348,-0.001087,0.434783
2716,135.764086,66,403.763002,3,3,1.000000,1,1,-0.000298,0.000000,0.012185,0.001963,0.000000,0.227273,-0.002273,1.818182
2717,160.275819,330,90.668489,7,7,1.000000,1,1,-0.000303,-0.029545,0.041096,0.008718,0.000000,0.106061,-0.003977,0.363636
2718,10.625790,350,90.670240,8,8,1.000000,1,1,-0.000301,-0.473571,0.052955,0.009991,0.000000,0.114286,-0.015857,0.342857
2719,139.890964,278,104.503198,8,8,1.000000,1,1,-0.000301,-0.100719,0.036841,0.004659,0.000000,0.143885,-0.012815,0.431655
2720,124.076200,255,110.351524,3,3,1.000000,1,1,-0.000302,-0.074510,0.041845,0.003511,0.000000,0.058824,-0.013382,0.470588
2721,20.845194,323,95.121964,4,4,1.000000,1,1,-0.000301,-0.398607,0.030693,0.004075,0.000000,0.061920,-0.004760,0.371517
2722,142.719877,434,62.218479,4,4,1.000000,1,1,-0.000302,0.000000,0.007363,0.001798,0.000000,0.046083,-0.002592,0.276498
2723,122.241121,121,224.955522,1,1,1.000000,1,1,-0.000304,-0.049587,0.011949,0.015141,0.000000,0.041322,0.000000,0.991736
2724,144.923851,205,135.628414,5,5,1.000000,1,1,-0.000303,-0.043902,0.052187,0.007744,0.000000,0.121951,-0.016098,0.585366
2725,120.109949,116,234.821832,2,2,1.000000,1,1,-0.000300,-0.099138,0.015038,0.000434,0.000000,0.086207,-0.001293,1.034483
2726,159.799134,554,53.088270,7,7,1.000000,1,1,-0.000304,0.000000,0.018216,0.002123,0.000000,0.063177,-0.011372,0.216606
2727,126.726856,287,95.065669,4,4,1.000000,1,1,-0.000303,-0.059233,0.020391,0.005441,0.000000,0.069686,-0.012544,0.418118
2728,115.933653,145,186.218839,1,1,1.000000,1,1,-0.000301,-0.058621,0.001316,-0.004921,0.000000,0.034483,0.000000,0.827586
2729,141.326588,60,450.130695,6,6,1.000000,1,1,-0.000305,-0.162500,0.019396,0.016352,0.000000,0.500000,-0.017500,2.000000
2730,11.509840,672,12.435817,4,5,0.800000,0,1,-0.000298,-0.061012,0.057534,0.001205,-0.007440,0.029762,-0.002623,0.000000
2731,120.302826,187,144.601154,2,2,1.000000,1,1,-0.000303,-0.062834,0.011434,0.000047,0.000000,0.053476,-0.000201,0.641711
2732,150.422401,238,115.186164,5,5,1.000000,1,1,-0.000303,-0.008403,0.036815,0.003025,0.000000,0.105042,-0.008351,0.504202
2733,143.143043,324,84.261382,4,4,1.000000,1,1,-0.000300,0.000000,0.008976,0.005540,0.000000,0.061728,-0.004514,0.370370
2734,146.245740,519,55.606846,4,4,1.000000,1,1,-0.000302,0.000000,0.014484,0.001970,0.000000,0.038536,-0.004118,0.231214
2735,93.365603,247,112.334220,2,2,1.000000,1,1,-0.000301,-0.154858,0.007262,0.000339,0.000000,0.040486,-0.000759,0.485830
2736,135.668161,77,351.836128,3,3,1.000000,1,1,-0.000305,0.000000,0.018724,-0.003410,0.000000,0.194805,-0.006331,1.558442
2737,156.683664,194,143.544665,8,8,1.000000,1,1,-0.000303,-0.033505,0.025795,0.002323,0.000000,0.206186,-0.011405,0.618557
2738,140.121120,251,112.780523,8,8,1.000000,1,1,-0.000301,-0.139442,0.058266,0.009599,0.000000,0.159363,-0.007321,0.478088
2739,36.906661,682,14.762270,7,8,0.875000,0,1,-0.000293,-0.013563,0.030738,0.000009,-0.007331,0.051320,-0.006763,0.000000
2740,115.951647,164,161.272994,2,2,1.000000,1,1,-0.000300,-0.086890,0.002042,0.001088,0.000000,0.060976,-0.001601,0.731707
2741,105.234785,444,69.447740,4,4,1.000000,1,1,-0.000304,-0.091779,0.012608,0.003118,0.000000,0.045045,-0.001943,0.270270
2742,143.602313,637,52.026542,6,6,1.000000,1,1,-0.000303,-0.115777,0.117202,0.001904,0.000000,0.047096,-0.013069,0.188383
2743,128.753328,369,74.999604,5,5,1.000000,1,1,-0.000303,-0.060976,0.019473,0.005399,0.000000,0.067751,-0.007622,0.325203
2744,153.615369,337,80.986092,7,7,1.000000,1,1,-0.000303,-0.022255,0.020358,0.005324,0.000000,0.103858,-0.007233,0.356083
2745,131.810142,172,157.577644,3,3,1.000000,1,1,-0.000302,-0.021802,0.013131,0.002420,0.000000,0.087209,-0.011991,0.697674
2746,145.412247,63,440.681330,5,5,1.000000,1,1,-0.000301,-0.063492,0.055727,0.019966,0.000000,0.396825,-0.005357,1.904762
2747,144.371585,194,140.192022,4,4,1.000000,1,1,-0.000305,0.000000,0.017332,0.011306,0.000000,0.103093,-0.005799,0.618557
2748,137.750509,594,51.866608,3,3,1.000000,1,1,-0.000304,0.000000,0.008333,-0.000431,0.000000,0.025253,-0.002967,0.202020
2749,113.846673,301,95.119322,4,4,1.000000,1,1,-0.000302,-0.098837,0.011362,0.002384,0.000000,0.066445,-0.001495,0.398671
2750,145.218178,264,102.082492,5,5,1.000000,1,1,-0.000303,-0.018939,0.015835,0.006932,0.000000,0.094697,-0.002699,0.454545
2751,150.392352,352,77.923848,6,6,1.000000,1,1,-0.000304,-0.022727,0.023342,0.005811,0.000000,0.085227,-0.005007,0.340909
2752,113.410776,114,242.877334,3,3,1.000000,1,1,-0.000301,-0.197368,0.009803,-0.000198,0.000000,0.131579,-0.001316,1.052632
2753,-31.688621,684,17.940290,7,8,0.875000,0,1,-0.000292,-0.155702,0.069675,0.002820,-0.007310,0.051170,-0.006689,0.000000
2754,175.532974,458,60.651504,6,6,1.000000,1,1,-0.000303,0.000000,0.058616,0.002840,0.000000,0.065502,-0.005404,0.262009
2755,125.752847,564,52.128234,2,2,1.000000,1,1,-0.000303,-0.051862,0.044545,0.001153,0.000000,0.017730,-0.001064,0.212766
2756,123.388259,622,52.306720,8,8,1.000000,1,1,-0.000303,-0.102492,0.045676,0.002598,0.000000,0.064309,-0.004341,0.192926
2757,-2.349741,682,10.330880,7,8,0.875000,0,1,-0.000293,-0.075513,0.031593,0.001453,-0.007331,0.051320,-0.004674,0.000000
2758,147.229134,417,66.140936,7,7,1.000000,1,1,-0.000303,-0.049760,0.032910,0.005172,0.000000,0.083933,-0.006655,0.287770
2759,169.280168,396,74.116992,3,3,1.000000,1,1,-0.000302,0.000000,0.085558,0.002635,0.000000,0.037879,-0.001326,0.303030
2760,-101.298707,678,12.431251,5,6,0.833333,0,1,-0.000295,-0.185841,0.012779,-0.000185,-0.007375,0.036873,-0.005365,0.000000
2761,126.649611,337,84.096401,8,8,1.000000,1,1,-0.000302,-0.132789,0.031355,0.006558,0.000000,0.118694,-0.003783,0.356083
2762,108.616186,618,47.048162,2,2,1.000000,1,1,-0.000302,-0.039644,0.009344,0.000490,0.000000,0.016181,-0.004490,0.194175
2763,75.326971,273,105.309114,5,5,1.000000,1,1,-0.000300,-0.279304,0.022708,0.005942,0.000000,0.091575,-0.004258,0.439560
2764,161.390918,221,130.634970,6,6,1.000000,1,1,-0.000301,-0.076923,0.127064,0.006454,0.000000,0.135747,-0.004751,0.542986
2765,105.183691,350,77.039662,1,1,1.000000,1,1,-0.000302,-0.061429,0.002858,0.002255,0.000000,0.014286,0.000000,0.342857
2766,120.063608,67,438.756092,2,2,1.000000,1,1,-0.000299,-0.156716,0.011400,-0.001570,0.000000,0.149254,-0.001119,1.791045
2767,110.883177,140,196.035709,1,1,1.000000,1,1,-0.000301,-0.100000,0.000976,-0.001509,0.000000,0.035714,0.000000,0.857143
2768,108.250118,69,395.367689,1,1,1.000000,1,1,-0.000299,-0.242754,0.011605,-0.011304,0.000000,0.072464,0.000000,1.739130
2769,142.870156,476,58.382257,5,5,1.000000,1,1,-0.000302,-0.016807,0.016525,0.002176,0.000000,0.052521,-0.006066,0.252101
2770,122.252677,542,53.473432,8,8,1.000000,1,1,-0.000304,-0.077030,0.014325,0.002497,0.000000,0.073801,-0.009133,0.221402
2771,145.066861,100,281.876569,5,5,1.000000,1,1,-0.000300,-0.045000,0.036951,0.010517,0.000000,0.250000,-0.001500,1.200000
2772,35.279800,686,9.081883,6,7,0.857143,0,1,-0.000292,-0.033163,0.054206,0.002161,-0.007289,0.043732,-0.007926,0.000000
2773,114.169309,476,58.035111,1,1,1.000000,1,1,-0.000302,-0.026261,0.005604,-0.001795,0.000000,0.010504,0.000000,0.252101
2774,124.961252,19,1430.040428,1,1,1.000000,1,1,-0.000300,0.000000,0.007350,-0.009089,0.000000,0.263158,0.000000,6.315789
2775,-44.290442,674,8.893784,3,4,0.750000,0,1,-0.000297,-0.102745,0.022704,0.001791,-0.007418,0.022255,-0.002003,0.000000
2776,1.142520,676,8.367400,6,7,0.857143,0,1,-0.000296,-0.066198,0.036409,0.002171,-0.007396,0.044379,-0.007378,0.000000
2777,118.765428,85,324.048674,3,3,1.000000,1,1,-0.000300,-0.205882,0.012698,0.007783,0.000000,0.176471,-0.005294,1.411765
2778,135.221847,173,160.275894,3,3,1.000000,1,1,-0.000301,-0.007225,0.019923,0.006010,0.000000,0.086705,-0.017124,0.693642
2779,135.593286,193,145.293718,3,3,1.000000,1,1,-0.000305,-0.012953,0.014841,0.007320,0.000000,0.077720,-0.005829,0.621762
2780,-2.936142,678,5.872645,6,8,0.750000,0,1,-0.000295,-0.072640,0.036165,0.001484,-0.007375,0.044248,-0.005918,0.000000
2781,192.857726,484,60.574535,6,6,1.000000,1,1,-0.000305,-0.060950,0.153927,-0.000249,0.000000,0.061983,-0.003874,0.247934
2782,17.539688,668,4.780050,4,5,0.800000,0,1,-0.000299,-0.008608,0.016024,0.000334,-0.007485,0.029940,-0.003649,0.000000
2783,138.093063,391,75.032113,7,7,1.000000,1,1,-0.000302,-0.093350,0.050301,0.003660,0.000000,0.089514,-0.003549,0.306905
2784,157.979206,222,130.065348,8,8,1.000000,1,1,-0.000302,-0.032658,0.032329,0.006899,0.000000,0.180180,-0.015372,0.540541
2785,115.052840,527,53.343956,3,3,1.000000,1,1,-0.000303,-0.053605,0.017387,0.000379,0.000000,0.028463,-0.001708,0.227704
2786,149.765485,72,401.850683,8,8,1.000000,1,1,-0.000298,-0.236111,0.078279,0.024838,0.000000,0.555556,-0.008854,1.666667
2787,131.771463,521,54.060488,3,3,1.000000,1,1,-0.000301,-0.016315,0.009072,0.002211,0.000000,0.028791,-0.000864,0.230326
2788,122.777444,338,82.501938,5,5,1.000000,1,1,-0.000302,-0.105030,0.039605,0.004528,0.000000,0.073964,-0.004549,0.355030
2789,141.862848,276,102.347325,4,4,1.000000,1,1,-0.000304,-0.010870,0.027969,0.002861,0.000000,0.072464,-0.012908,0.434783
2790,162.471944,544,50.336248,6,6,1.000000,1,1,-0.000302,0.000000,0.025860,0.001711,0.000000,0.055147,-0.004343,0.220588
2791,124.526337,351,74.944340,2,2,1.000000,1,1,-0.000302,-0.056980,0.040283,0.002580,0.000000,0.028490,-0.001175,0.341880
2792,-9.273203,686,8.775013,5,6,0.833333,0,1,-0.000292,-0.143950,0.114935,-0.000027,-0.007289,0.036443,-0.013338,0.000000
2793,136.630265,52,530.411489,3,3,1.000000,1,1,-0.000299,0.000000,0.031786,0.002749,0.000000,0.288462,-0.002885,2.307692
2794,105.703405,467,61.412486,2,2,1.000000,1,1,-0.000304,-0.057816,0.005828,0.002111,0.000000,0.021413,-0.001847,0.256959
2795,113.080632,362,72.583247,2,2,1.000000,1,1,-0.000301,-0.055249,0.008896,0.000951,0.000000,0.027624,-0.001036,0.331492
2796,98.383722,274,99.360438,1,1,1.000000,1,1,-0.000299,-0.103102,0.007428,-0.001167,0.000000,0.018248,0.000000,0.437956
2797,43.471703,680,5.884319,4,5,0.800000,0,1,-0.000294,-0.006985,0.056755,0.000005,-0.007353,0.029412,-0.007610,0.000000
2798,134.773562,207,139.556231,5,5,1.000000,1,1,-0.000301,-0.089372,0.038876,0.004474,0.000000,0.120773,-0.003080,0.579710
2799,143.659050,430,62.981191,3,3,1.000000,1,1,-0.000301,0.000000,0.020149,0.001248,0.000000,0.034884,-0.000959,0.279070
2800,116.174346,233,117.862123,2,2,1.000000,1,1,-0.000300,-0.076180,0.010220,0.007084,0.000000,0.042918,-0.000161,0.515021
2801,134.508869,255,110.337655,5,5,1.000000,1,1,-0.000301,-0.048039,0.014041,0.002864,0.000000,0.098039,-0.009706,0.470588
2802,126.939012,226,120.218902,4,4,1.000000,1,1,-0.000301,-0.069690,0.014383,0.010925,0.000000,0.088496,-0.013108,0.530973
2803,129.949961,594,51.743591,8,8,1.000000,1,1,-0.000302,-0.079966,0.034057,0.003450,0.000000,0.067340,-0.007828,0.202020
2804,146.222707,365,78.029510,8,8,1.000000,1,1,-0.000301,-0.063699,0.026390,0.003974,0.000000,0.109589,-0.004110,0.328767
2805,152.942402,362,76.735801,7,7,1.000000,1,1,-0.000299,-0.062845,0.060181,0.003806,0.000000,0.096685,-0.006526,0.331492
2806,-7.282774,684,9.976763,4,5,0.800000,0,1,-0.000292,-0.054094,0.026512,-0.000263,-0.007310,0.029240,-0.004441,0.000000
2807,119.552381,311,88.205745,3,3,1.000000,1,1,-0.000301,-0.069936,0.021987,0.005934,0.000000,0.048232,-0.007355,0.385852
2808,122.086999,28,974.121067,1,1,1.000000,1,1,-0.000300,-0.160714,0.000088,0.056891,0.000000,0.178571,0.000000,4.285714
2809,107.694916,364,75.676745,6,6,1.000000,1,1,-0.000302,-0.126374,0.017429,0.003017,0.000000,0.082418,-0.009993,0.329670
2810,123.454377,384,69.944585,4,4,1.000000,1,1,-0.000300,-0.062500,0.021420,0.003859,0.000000,0.052083,-0.005566,0.312500
2811,112.700665,617,49.081687,1,1,1.000000,1,1,-0.000301,-0.023501,0.004587,-0.000719,0.000000,0.008104,0.000000,0.194489
2812,159.025064,333,81.349943,6,6,1.000000,1,1,-0.000300,0.000000,0.030200,0.007676,0.000000,0.090090,-0.010473,0.360360
2813,131.013801,131,215.396275,3,3,1.000000,1,1,-0.000299,-0.053435,0.022626,0.002397,0.000000,0.114504,-0.001718,0.916031
2814,136.287515,117,240.793801,5,5,1.000000,1,1,-0.000299,-0.098291,0.023517,0.006376,0.000000,0.213675,-0.005769,1.025641
2815,133.621349,26,1077.835945,3,3,1.000000,1,1,-0.000304,-0.048077,0.033007,-0.014575,0.000000,0.576923,-0.023077,4.615385
2816,136.227077,323,88.963048,4,4,1.000000,1,1,-0.000301,-0.022446,0.010116,0.001878,0.000000,0.061920,-0.000929,0.371517
2817,75.513957,680,8.431706,3,5,0.600000,0,1,-0.000294,-0.025735,0.125225,0.000788,-0.007353,0.022059,-0.003640,0.000000
2818,4.166094,685,10.152470,2,3,0.666667,0,1,-0.000292,0.000000,0.004754,-0.001792,-0.007299,0.014599,-0.003887,0.000000
2819,138.004310,399,64.936555,4,4,1.000000,1,1,-0.000301,-0.024436,0.029059,0.003270,0.000000,0.050125,-0.012594,0.300752
2820,138.897301,375,72.875025,5,5,1.000000,1,1,-0.000300,-0.067333,0.054126,0.000933,0.000000,0.066667,-0.003700,0.320000
2821,-28.573228,687,9.714703,4,5,0.800000,0,1,-0.000291,-0.074964,0.015040,-0.000209,-0.007278,0.029112,-0.003002,0.000000
2822,45.757020,680,7.978769,6,7,0.857143,0,1,-0.000294,0.000000,0.047502,0.001847,-0.007353,0.044118,-0.018529,0.000000
2823,192.836657,447,60.575717,5,5,1.000000,1,1,-0.000302,-0.017897,0.124010,0.003471,0.000000,0.055928,-0.002265,0.268456
2824,144.859851,604,49.461186,4,4,1.000000,1,1,-0.000302,-0.010762,0.021332,0.001007,0.000000,0.033113,-0.003228,0.198675
2825,50.360455,683,5.344045,6,7,0.857143,0,1,-0.000293,0.000000,0.041307,0.000729,-0.007321,0.043924,-0.004612,0.000000
2826,-31.191632,678,4.743395,1,2,0.500000,0,1,-0.000295,-0.064897,0.020246,-0.000230,-0.007375,0.007375,-0.000830,0.000000
2827,96.525134,652,46.625374,2,2,1.000000,1,1,-0.000302,-0.054448,0.003184,0.000512,0.000000,0.015337,-0.000288,0.184049
2828,139.212547,397,69.574957,8,8,1.000000,1,1,-0.000301,-0.073678,0.025042,0.002904,0.000000,0.100756,-0.006329,0.302267
2829,31.125080,678,3.683676,5,6,0.833333,0,1,-0.000295,0.000000,0.019220,0.000194,-0.007375,0.036873,-0.002710,0.000000
2830,117.600530,144,195.817367,3,3,1.000000,1,1,-0.000299,-0.119792,0.006416,-0.003248,0.000000,0.104167,-0.003906,0.833333
2831,0.061362,680,4.045791,7,8,0.875000,0,1,-0.000294,-0.049265,0.011937,-0.000064,-0.007353,0.051471,-0.006342,0.000000
2832,-42.652616,682,4.264669,4,5,0.800000,0,1,-0.000293,-0.096041,0.013921,0.000628,-0.007331,0.029326,-0.002749,0.000000
2833,116.056676,55,515.098951,1,1,1.000000,1,1,-0.000302,-0.150000,0.001907,-0.014211,0.000000,0.090909,0.000000,2.181818
2834,117.421059,332,85.590368,2,2,1.000000,1,1,-0.000299,-0.042922,0.004819,0.000965,0.000000,0.030120,-0.000452,0.361446
2835,85.505159,560,51.707382,1,1,1.000000,1,1,-0.000302,-0.073214,0.002989,-0.000000,0.000000,0.008929,0.000000,0.214286
2836,131.029490,340,83.184767,3,3,1.000000,1,1,-0.000299,-0.019853,0.006424,0.005138,0.000000,0.044118,-0.003088,0.352941
2837,-267.924550,689,14.925034,7,8,0.875000,0,1,-0.000290,-0.469521,0.045181,-0.000533,-0.007257,0.050798,-0.007239,0.000000
2838,146.143119,403,73.610066,7,7,1.000000,1,1,-0.000301,-0.058933,0.035069,0.005073,0.000000,0.086849,-0.002885,0.297767
2839,162.926650,478,59.783081,6,6,1.000000,1,1,-0.000300,0.000000,0.028407,0.002153,0.000000,0.062762,-0.003217,0.251046
2840,101.359824,521,55.749567,8,8,1.000000,1,1,-0.000300,-0.152111,0.042125,0.002843,0.000000,0.076775,-0.005110,0.230326
2841,132.124943,289,97.826349,2,2,1.000000,1,1,-0.000299,-0.044983,0.058403,0.000200,0.000000,0.034602,-0.005969,0.415225
2842,120.752700,547,51.920838,4,4,1.000000,1,1,-0.000301,-0.042048,0.008663,-0.000062,0.000000,0.036563,-0.001440,0.219378
2843,129.092753,551,51.476086,4,4,1.000000,1,1,-0.000299,-0.026770,0.007468,0.001915,0.000000,0.036298,-0.002110,0.217786
2844,126.741408,363,78.650261,5,5,1.000000,1,1,-0.000299,-0.059229,0.015044,0.001519,0.000000,0.068871,-0.007335,0.330579
2845,95.851315,260,108.071618,1,1,1.000000,1,1,-0.000297,-0.119231,0.005091,0.002326,0.000000,0.019231,0.000000,0.461538
2846,159.604799,577,50.366661,8,8,1.000000,1,1,-0.000301,-0.007799,0.013108,0.001716,0.000000,0.069324,-0.007409,0.207972
2847,132.603726,642,46.772846,6,6,1.000000,1,1,-0.000302,-0.047118,0.020327,0.002449,0.000000,0.046729,-0.002453,0.186916
2848,-26.204840,483,67.331774,8,8,1.000000,1,1,-0.000302,-0.413043,0.039486,0.002007,0.000000,0.082816,-0.013665,0.248447
2849,163.011448,427,65.928041,7,7,1.000000,1,1,-0.000301,0.000000,0.035134,0.006324,0.000000,0.081967,-0.022395,0.281030
2850,121.600790,643,45.132440,6,6,1.000000,1,1,-0.000301,-0.080093,0.036107,0.002395,0.000000,0.046656,-0.002274,0.186625
2851,139.805043,393,72.066184,8,8,1.000000,1,1,-0.000300,-0.078244,0.026375,0.005268,0.000000,0.101781,-0.004485,0.305344
2852,156.282635,545,49.211432,7,7,1.000000,1,1,-0.000303,0.000000,0.005208,0.002953,0.000000,0.064220,-0.005505,0.220183
2853,-15.049368,379,79.188735,4,4,1.000000,1,1,-0.000300,-0.445251,0.034600,0.003333,0.000000,0.052770,-0.001484,0.316623
2854,89.569824,133,209.377306,1,1,1.000000,1,1,-0.000299,-0.265038,0.000409,-0.001465,0.000000,0.037594,0.000000,0.902256
2855,100.533347,586,48.122482,6,6,1.000000,1,1,-0.000299,-0.093003,0.009209,0.002303,0.000000,0.051195,-0.002624,0.204778
2856,102.063231,431,62.452194,1,1,1.000000,1,1,-0.000300,-0.052204,0.000706,-0.001419,0.000000,0.011601,0.000000,0.278422
2857,-22.021360,687,7.843787,2,3,0.666667,0,1,-0.000291,-0.045488,0.007027,-0.000035,-0.007278,0.014556,-0.000546,0.000000
2858,179.312424,483,54.774852,7,7,1.000000,1,1,-0.000302,-0.002070,0.053189,0.004100,0.000000,0.072464,-0.004581,0.248447
2859,-94.130268,630,59.239871,6,6,1.000000,1,1,-0.000300,-0.369841,0.020950,0.004600,0.000000,0.047619,-0.042917,0.190476
2860,177.769290,607,44.076425,7,7,1.000000,1,1,-0.000301,-0.005354,0.046620,0.002169,0.000000,0.057661,-0.005622,0.197694
2861,135.494810,360,77.760612,3,3,1.000000,1,1,-0.000303,0.000000,0.003955,0.002305,0.000000,0.041667,-0.004583,0.333333
2862,144.854487,470,57.459949,6,6,1.000000,1,1,-0.000302,-0.023936,0.019059,0.002131,0.000000,0.063830,-0.007899,0.255319
2863,126.820301,8,3334.875565,2,2,1.000000,1,1,-0.000317,-0.468750,0.008778,0.076889,0.000000,1.250000,-0.014062,15.000000
2864,149.063325,340,85.441413,5,5,1.000000,1,1,-0.000304,-0.005147,0.018198,0.003727,0.000000,0.073529,-0.004522,0.352941
2865,138.161464,358,78.453279,2,2,1.000000,1,1,-0.000304,-0.036313,0.055800,0.005709,0.000000,0.027933,-0.002095,0.335196
2866,126.322934,331,86.611529,8,8,1.000000,1,1,-0.000301,-0.132931,0.033593,0.003901,0.000000,0.120846,-0.006005,0.362538
2867,120.866034,38,716.940948,1,1,1.000000,1,1,-0.000301,-0.138158,0.001409,0.028261,0.000000,0.131579,0.000000,3.157895
2868,145.463975,518,50.121043,7,7,1.000000,1,1,-0.000301,-0.027510,0.012578,0.000370,0.000000,0.067568,-0.003547,0.231660
2869,114.801816,175,160.509637,2,2,1.000000,1,1,-0.000304,-0.097143,0.007406,0.003838,0.000000,0.057143,-0.000643,0.685714
2870,146.969209,103,278.048898,5,5,1.000000,1,1,-0.000308,0.000000,0.024050,0.004479,0.000000,0.242718,-0.009102,1.165049
2871,69.994126,272,104.591000,3,3,1.000000,1,1,-0.000303,-0.250919,0.007039,0.006845,0.000000,0.055147,-0.001654,0.441176
2872,70.654612,514,60.022600,5,5,1.000000,1,1,-0.000305,-0.161965,0.020833,0.002706,0.000000,0.048638,-0.005910,0.233463
2873,123.630897,42,636.746006,1,1,1.000000,1,1,-0.000291,-0.065476,0.001874,0.031296,0.000000,0.119048,0.000000,2.857143
2874,37.469728,295,103.431278,8,8,1.000000,1,1,-0.000301,-0.451695,0.034526,0.008850,0.000000,0.135593,-0.006737,0.406780
2875,113.636549,449,62.185979,6,6,1.000000,1,1,-0.000301,-0.101893,0.020901,0.005650,0.000000,0.066815,-0.005345,0.267261
2876,29.772128,684,15.096465,6,7,0.857143,0,1,-0.000292,0.000000,0.015044,0.001052,-0.007310,0.043860,-0.008827,0.000000
2877,125.017442,297,94.949127,6,6,1.000000,1,1,-0.000303,-0.178451,0.100182,0.005947,0.000000,0.101010,-0.011490,0.404040
2878,112.098955,226,123.835691,2,2,1.000000,1,1,-0.000305,-0.079646,0.002549,-0.001308,0.000000,0.044248,-0.000498,0.530973
2879,150.800259,233,127.850635,7,7,1.000000,1,1,-0.000305,-0.037554,0.030248,0.002462,0.000000,0.150215,-0.012876,0.515021
2880,10.005778,682,13.322613,5,7,0.714286,0,1,-0.000293,-0.042889,0.034294,0.000062,-0.007331,0.036657,-0.005828,0.000000
2881,14.124848,684,12.345653,3,5,0.600000,0,1,-0.000292,-0.010234,0.025147,0.001662,-0.007310,0.021930,-0.010252,0.000000
2882,26.686438,684,11.067046,5,6,0.833333,0,1,-0.000292,0.000000,0.019519,-0.000460,-0.007310,0.036550,-0.008991,0.000000
2883,123.455778,328,85.011478,3,3,1.000000,1,1,-0.000306,-0.051829,0.015527,0.002555,0.000000,0.045732,-0.001143,0.365854
2884,126.747995,344,82.914663,5,5,1.000000,1,1,-0.000302,-0.066860,0.008393,0.008219,0.000000,0.072674,-0.002507,0.348837
2885,173.463166,238,121.307188,5,5,1.000000,1,1,-0.000306,-0.003151,0.118918,0.007126,0.000000,0.105042,-0.002994,0.504202
2886,158.856654,442,63.742068,7,7,1.000000,1,1,-0.000304,0.000000,0.019457,0.003063,0.000000,0.079186,-0.013490,0.271493
2887,131.294515,270,107.479354,6,6,1.000000,1,1,-0.000305,-0.100000,0.035034,0.008214,0.000000,0.111111,-0.012222,0.444444
2888,113.307707,328,84.491846,4,4,1.000000,1,1,-0.000301,-0.096037,0.013752,0.004637,0.000000,0.060976,-0.003430,0.365854
2889,109.640773,208,131.449318,1,1,1.000000,1,1,-0.000301,-0.080529,0.007935,-0.000947,0.000000,0.024038,0.000000,0.576923
2890,135.317789,638,44.453265,3,3,1.000000,1,1,-0.000299,0.000000,0.003981,-0.000010,0.000000,0.023511,-0.003174,0.188088
2891,-21.331426,684,11.580898,6,7,0.857143,0,1,-0.000292,-0.091740,0.028459,0.001923,-0.007310,0.043860,-0.006086,0.000000
2892,94.211075,475,66.064932,8,8,1.000000,1,1,-0.000300,-0.228947,0.095895,0.002350,0.000000,0.084211,-0.007500,0.252632
2893,110.624809,116,235.164363,1,1,1.000000,1,1,-0.000302,-0.131466,0.006705,0.001138,0.000000,0.043103,0.000000,1.034483
2894,138.700246,229,123.499113,5,5,1.000000,1,1,-0.000300,-0.068777,0.041677,0.003984,0.000000,0.109170,-0.004094,0.524017
2895,129.009896,82,335.323589,3,3,1.000000,1,1,-0.000302,-0.094512,0.021712,0.002796,0.000000,0.182927,-0.002744,1.463415
2896,172.226295,422,67.585423,6,6,1.000000,1,1,-0.000300,-0.106043,0.159321,0.001912,0.000000,0.071090,-0.002222,0.284360
2897,149.377970,435,66.338219,8,8,1.000000,1,1,-0.000301,-0.039080,0.019943,0.003210,0.000000,0.091954,-0.008190,0.275862
2898,132.159408,226,122.739557,2,2,1.000000,1,1,-0.000302,-0.019912,0.030972,0.000289,0.000000,0.044248,-0.001493,0.530973
2899,132.656827,61,480.725979,3,3,1.000000,1,1,-0.000300,-0.057377,0.013299,0.006580,0.000000,0.245902,-0.000615,1.967213
2900,109.639663,362,78.341434,6,6,1.000000,1,1,-0.000300,-0.127762,0.021272,0.001513,0.000000,0.082873,-0.006215,0.331492
2901,-48.293073,686,11.549178,4,5,0.800000,0,1,-0.000292,-0.101676,0.019784,0.001017,-0.007289,0.029155,-0.011097,0.000000
2902,115.279603,125,219.027301,4,4,1.000000,1,1,-0.000301,-0.230000,0.028863,0.005775,0.000000,0.160000,-0.002100,0.960000
2903,152.901931,415,74.059291,7,7,1.000000,1,1,-0.000298,-0.012651,0.010614,0.002249,0.000000,0.084337,-0.004970,0.289157
2904,123.056604,295,93.267470,2,2,1.000000,1,1,-0.000300,-0.038983,0.015477,0.002430,0.000000,0.033898,-0.002161,0.406780
2905,-23.287712,681,11.299393,5,6,0.833333,0,1,-0.000294,-0.089574,0.027513,0.001047,-0.007342,0.036711,-0.002258,0.000000
2906,143.486596,215,127.020754,4,4,1.000000,1,1,-0.000300,-0.026744,0.044754,0.001821,0.000000,0.093023,-0.003314,0.558140
2907,22.229675,681,8.023430,3,4,0.750000,0,1,-0.000294,-0.026799,0.049336,-0.000651,-0.007342,0.022026,-0.003634,0.000000
2908,-16.305418,682,10.122312,5,6,0.833333,0,1,-0.000293,-0.078079,0.028382,-0.000494,-0.007331,0.036657,-0.002749,0.000000
2909,132.815669,40,707.472614,3,3,1.000000,1,1,-0.000301,-0.050000,0.001378,-0.003810,0.000000,0.375000,-0.001875,3.000000
2910,128.772666,180,153.789575,2,2,1.000000,1,1,-0.000302,-0.013889,0.005271,0.002935,0.000000,0.055556,-0.000833,0.666667
2911,140.805808,157,178.444241,4,4,1.000000,1,1,-0.000302,-0.006369,0.020297,0.003211,0.000000,0.127389,-0.011704,0.764331
2912,-10.144453,683,8.411583,3,4,0.750000,0,1,-0.000293,-0.031113,0.007476,0.002562,-0.007321,0.021962,-0.008126,0.000000
2913,140.812880,73,392.093176,6,6,1.000000,1,1,-0.000298,-0.140411,0.013680,0.011452,0.000000,0.410959,-0.010274,1.643836
2914,88.977276,391,73.554936,5,5,1.000000,1,1,-0.000301,-0.150256,0.014585,0.002569,0.000000,0.063939,-0.009879,0.306905
2915,129.476022,24,1124.362450,2,2,1.000000,1,1,-0.000302,0.000000,0.020327,-0.029358,0.000000,0.416667,-0.012500,5.000000
2916,133.387774,193,143.739896,3,3,1.000000,1,1,-0.000298,-0.006477,0.014086,0.005126,0.000000,0.077720,-0.020790,0.621762
2917,-2.460068,681,8.749545,4,5,0.800000,0,1,-0.000294,-0.051028,0.027984,0.000121,-0.007342,0.029369,-0.002423,0.000000
2918,81.324043,682,8.169345,5,6,0.833333,0,1,-0.000293,-0.041422,0.131583,0.001645,-0.007331,0.036657,-0.001595,0.000000
2919,140.123258,105,258.448520,5,5,1.000000,1,1,-0.000301,-0.076190,0.025993,0.010124,0.000000,0.238095,-0.006071,1.142857
2920,121.852216,397,70.305758,3,3,1.000000,1,1,-0.000295,-0.044710,0.014125,-0.000821,0.000000,0.037783,-0.001417,0.302267
2921,142.365009,146,186.616382,5,5,1.000000,1,1,-0.000299,-0.039384,0.021277,0.006779,0.000000,0.171233,-0.006421,0.821918
2922,-58.887099,689,6.860841,0,3,0.000000,0,0,-0.000290,-0.108128,0.031289,-0.001081,-0.007257,0.000000,0.000000,0.000000
2923,12.383800,679,6.111702,2,4,0.500000,0,1,-0.000295,0.000000,0.012177,0.002195,-0.007364,0.014728,-0.003203,0.000000
2924,14.678943,688,6.456024,4,6,0.666667,0,1,-0.000291,-0.058866,0.062060,0.001372,-0.007267,0.029070,-0.004742,0.000000
2925,-29.651985,681,6.350906,3,4,0.750000,0,1,-0.000294,-0.098752,0.043619,0.001992,-0.007342,0.022026,-0.004791,0.000000
2926,44.241845,682,3.592325,3,4,0.750000,0,1,-0.000293,0.000000,0.049247,0.002574,-0.007331,0.021994,-0.001320,0.000000
2927,162.385836,282,98.926599,5,5,1.000000,1,1,-0.000299,0.000000,0.071125,0.002661,0.000000,0.088652,-0.011835,0.425532
2928,119.731390,41,677.093056,1,1,1.000000,1,1,-0.000299,-0.146341,0.018078,0.000060,0.000000,0.121951,0.000000,2.926829
2929,124.607918,93,293.035355,1,1,1.000000,1,1,-0.000306,-0.010753,0.009780,-0.002937,0.000000,0.053763,0.000000,1.290323
2930,115.597804,336,83.837329,1,1,1.000000,1,1,-0.000301,-0.030506,0.003660,-0.000836,0.000000,0.014881,0.000000,0.357143
2931,26.245061,682,4.664313,6,7,0.857143,0,1,-0.000293,0.000000,0.003159,0.001434,-0.007331,0.043988,-0.002474,0.000000
2932,-5.954507,682,4.573308,4,5,0.800000,0,1,-0.000293,-0.073680,0.043610,0.002993,-0.007331,0.029326,-0.003354,0.000000
2933,-34.067645,683,3.499252,1,2,0.500000,0,1,-0.000293,-0.075769,0.026553,0.002154,-0.007321,0.007321,-0.002526,0.000000
2934,141.739127,331,85.295494,4,4,1.000000,1,1,-0.000302,0.000000,0.005247,0.003255,0.000000,0.060423,-0.002946,0.362538
2935,139.593884,243,117.668568,5,5,1.000000,1,1,-0.000300,-0.043210,0.026180,0.004804,0.000000,0.102881,-0.009722,0.493827
2936,150.177627,456,64.279905,8,8,1.000000,1,1,-0.000299,-0.038377,0.021706,0.000446,0.000000,0.087719,-0.005016,0.263158
2937,125.444724,9,2893.929840,1,1,1.000000,1,1,-0.000301,0.000000,0.002920,0.046795,0.000000,0.555556,0.000000,13.333333
2938,15.903962,681,3.343118,4,7,0.571429,0,1,-0.000294,-0.002937,0.005071,0.000918,-0.007342,0.029369,-0.001432,0.000000
2939,113.803543,369,76.166875,3,3,1.000000,1,1,-0.000297,-0.071816,0.016410,0.000394,0.000000,0.040650,-0.002134,0.325203
2940,17.993460,685,3.553478,6,7,0.857143,0,1,-0.000292,-0.042701,0.041057,0.001013,-0.007299,0.043796,-0.009307,0.000000
2941,136.426565,81,343.606094,3,3,1.000000,1,1,-0.000300,-0.021605,0.013064,0.029231,0.000000,0.185185,-0.002778,1.481481
2942,-43.850804,681,5.922198,7,8,0.875000,0,1,-0.000294,-0.120044,0.024368,0.001677,-0.007342,0.051395,-0.014152,0.000000
2943,-95.870350,684,5.239918,1,2,0.500000,0,1,-0.000292,-0.145468,0.007614,-0.000919,-0.007310,0.007310,-0.001096,0.000000
2944,122.322612,229,124.568262,3,3,1.000000,1,1,-0.000300,-0.089520,0.032912,0.002366,0.000000,0.065502,-0.000819,0.524017
2945,49.484456,685,2.529821,6,7,0.857143,0,1,-0.000292,-0.000730,0.042247,0.003223,-0.007299,0.043796,-0.008704,0.000000
2946,148.473310,322,90.859175,7,7,1.000000,1,1,-0.000299,-0.055124,0.036679,0.006860,0.000000,0.108696,-0.008385,0.372671
2947,134.281390,500,57.874527,6,6,1.000000,1,1,-0.000297,-0.031000,0.009907,0.002329,0.000000,0.060000,-0.012375,0.240000
2948,157.572406,511,56.796925,5,5,1.000000,1,1,-0.000297,-0.003914,0.044527,0.001753,0.000000,0.048924,-0.017466,0.234834
2949,99.529754,319,89.678745,2,2,1.000000,1,1,-0.000300,-0.105016,0.010955,-0.000452,0.000000,0.031348,-0.000705,0.376176
2950,13.258857,685,3.538267,6,7,0.857143,0,1,-0.000292,-0.045255,0.038843,0.001772,-0.007299,0.043796,-0.012208,0.000000
2951,19.978850,685,1.839607,3,4,0.750000,0,1,-0.000292,0.000000,0.013657,0.003009,-0.007299,0.021898,-0.001807,0.000000
2952,-28.809832,655,49.817249,6,6,1.000000,1,1,-0.000297,-0.316794,0.052866,0.002511,0.000000,0.045802,-0.011279,0.183206
2953,-1.963263,683,2.493842,5,6,0.833333,0,1,-0.000293,-0.043192,0.016985,0.002139,-0.007321,0.036603,-0.007796,0.000000
2954,117.984883,127,228.381948,2,2,1.000000,1,1,-0.000300,-0.104331,0.004435,0.006180,0.000000,0.078740,-0.000591,0.944882
2955,-33.544189,683,1.515151,1,2,0.500000,0,1,-0.000293,-0.058199,0.011577,-0.001319,-0.007321,0.007321,-0.000878,0.000000
2956,149.660806,371,76.721992,3,3,1.000000,1,1,-0.000299,0.000000,0.037821,0.003612,0.000000,0.040431,-0.001617,0.323450
2957,129.501340,15,2026.383698,2,2,1.000000,1,1,-0.000299,-0.116667,0.030658,0.053064,0.000000,0.666667,0.000000,8.000000
2958,132.556806,265,108.271336,4,4,1.000000,1,1,-0.000300,-0.033962,0.003664,0.003218,0.000000,0.075472,-0.000708,0.452830
2959,145.475300,572,51.742229,6,6,1.000000,1,1,-0.000298,0.000000,0.013193,0.000960,0.000000,0.052448,-0.021766,0.209790
2960,165.790451,474,62.051351,7,7,1.000000,1,1,-0.000298,-0.021624,0.048432,0.003138,0.000000,0.073840,-0.006883,0.253165
2961,-7.742691,685,1.605453,1,2,0.500000,0,1,-0.000292,-0.018248,0.011710,0.000454,-0.007299,0.007299,-0.004927,0.000000
2962,169.793550,408,72.547315,8,8,1.000000,1,1,-0.000300,-0.006127,0.044185,0.003710,0.000000,0.098039,-0.017463,0.294118
2963,56.859145,685,2.658162,7,8,0.875000,0,1,-0.000292,0.000000,0.051889,0.001738,-0.007299,0.051095,-0.014124,0.000000
2964,-13.266557,681,4.310398,5,6,0.833333,0,1,-0.000294,-0.069016,0.022322,0.001552,-0.007342,0.036711,-0.003414,0.000000
2965,116.999187,270,103.519433,1,1,1.000000,1,1,-0.000300,-0.030556,0.005174,-0.003952,0.000000,0.018519,0.000000,0.444444
2966,135.734636,23,1254.702400,3,3,1.000000,1,1,-0.000302,0.000000,0.014122,0.026273,0.000000,0.652174,-0.008152,5.217391
2967,-10.223114,685,2.206034,4,6,0.666667,0,1,-0.000292,-0.047080,0.014293,0.001239,-0.007299,0.029197,-0.004982,0.000000
2968,3.458419,687,3.807294,7,8,0.875000,0,1,-0.000291,-0.096798,0.071789,0.002058,-0.007278,0.050946,-0.015393,0.000000
2969,125.165808,14,1955.035484,1,1,1.000000,1,1,-0.000301,0.000000,0.000002,0.012142,0.000000,0.357143,0.000000,8.571429
2970,-41.507591,681,1.896805,0,1,0.000000,0,0,-0.000294,-0.062041,0.009911,-0.001185,-0.007342,0.000000,0.000000,0.000000
2971,125.549111,41,689.031448,2,2,1.000000,1,1,-0.000295,-0.121951,0.007202,0.007401,0.000000,0.243902,-0.000915,2.926829
2972,110.780113,416,68.882706,4,4,1.000000,1,1,-0.000301,-0.082933,0.015016,0.003116,0.000000,0.048077,-0.005138,0.288462
2973,61.204691,681,3.385395,5,6,0.833333,0,1,-0.000294,-0.059838,0.121409,0.001487,-0.007342,0.036711,-0.002258,0.000000
2974,-1.816690,684,1.251227,2,3,0.666667,0,1,-0.000292,-0.008772,0.008677,0.000564,-0.007310,0.014620,-0.010143,0.000000
2975,0.295015,683,1.688665,3,5,0.600000,0,1,-0.000293,-0.045388,0.033096,0.000188,-0.007321,0.021962,-0.001812,0.000000
2976,45.518401,682,2.171939,6,7,0.857143,0,1,-0.000293,-0.006232,0.037372,0.002428,-0.007331,0.043988,-0.003189,0.000000
2977,-7.266218,680,2.988227,7,8,0.875000,0,1,-0.000294,-0.059191,0.010106,0.001414,-0.007353,0.051471,-0.006838,0.000000
2978,123.547167,265,109.503633,2,2,1.000000,1,1,-0.000300,-0.033019,0.009782,-0.000248,0.000000,0.037736,-0.000566,0.452830
2979,24.592534,679,1.534789,4,5,0.800000,0,1,-0.000295,-0.026878,0.045155,0.000839,-0.007364,0.029455,-0.004694,0.000000
2980,126.251357,185,163.390753,3,3,1.000000,1,1,-0.000301,-0.059459,0.009433,0.004254,0.000000,0.081081,-0.001216,0.648649
2981,67.074694,682,2.019406,5,6,0.833333,0,1,-0.000293,0.000000,0.068079,0.002284,-0.007331,0.036657,-0.001045,0.000000
2982,-100.636981,680,4.997193,5,6,0.833333,0,1,-0.000294,-0.183088,0.008076,0.000271,-0.007353,0.036765,-0.002371,0.000000
2983,125.354295,212,137.687019,3,3,1.000000,1,1,-0.000301,-0.058962,0.013586,0.004954,0.000000,0.070755,-0.004776,0.566038
2984,-54.671150,684,3.190194,5,6,0.833333,0,1,-0.000292,-0.118056,0.011325,-0.000117,-0.007310,0.036550,-0.002029,0.000000
2985,113.849906,52,536.436764,2,2,1.000000,1,1,-0.000303,-0.312500,0.001388,0.010933,0.000000,0.192308,-0.010096,2.307692
2986,125.434759,80,350.030443,1,1,1.000000,1,1,-0.000301,0.000000,0.001902,0.003834,0.000000,0.062500,0.000000,1.500000
2987,-14.887525,683,2.126539,3,5,0.600000,0,1,-0.000293,-0.049048,0.015263,0.000494,-0.007321,0.021962,-0.002855,0.000000
2988,71.767759,684,1.589399,3,4,0.750000,0,1,-0.000292,0.000000,0.093719,-0.000546,-0.007310,0.021930,-0.002577,0.000000
2989,-52.382618,683,1.599317,0,2,0.000000,0,0,-0.000293,-0.070644,0.002753,-0.001191,-0.007321,0.000000,0.000000,0.000000
2990,-92.066727,683,3.663513,4,6,0.666667,0,1,-0.000293,-0.166179,0.011201,-0.000226,-0.007321,0.029283,-0.001263,0.000000
2991,126.255165,516,57.759605,4,4,1.000000,1,1,-0.000296,-0.032946,0.005178,0.002226,0.000000,0.038760,-0.000799,0.232558
2992,115.080101,651,49.051095,5,5,1.000000,1,1,-0.000295,-0.101767,0.055072,0.001606,0.000000,0.038402,-0.000576,0.184332
2993,88.004312,166,176.555995,2,2,1.000000,1,1,-0.000294,-0.254518,0.001430,0.000622,0.000000,0.060241,-0.000226,0.722892
2994,115.170792,319,91.203846,3,3,1.000000,1,1,-0.000297,-0.032915,0.007831,0.002249,0.000000,0.047022,-0.039028,0.376176
2995,115.984160,89,322.189260,1,1,1.000000,1,1,-0.000300,-0.112360,0.000000,0.011358,0.000000,0.056180,0.000000,1.348315
2996,118.823042,11,2394.905853,1,1,1.000000,1,1,-0.000302,-0.568182,0.000011,0.006931,0.000000,0.454545,0.000000,10.909091
2997,147.841677,376,78.671699,6,6,1.000000,1,1,-0.000298,-0.023271,0.017493,0.001932,0.000000,0.079787,-0.001596,0.319149
2998,-146.946527,687,7.453754,3,6,0.500000,0,1,-0.000291,-0.304221,0.077524,0.001265,-0.007278,0.021834,-0.002729,0.000000
2999,30.317409,688,2.993417,6,7,0.857143,0,1,-0.000291,0.000000,0.013558,0.002311,-0.007267,0.043605,-0.007849,0.000000
3000,-0.547000,685,1.321693,1,4,0.250000,0,1,-0.000292,-0.019708,0.022264,0.000222,-0.007299,0.007299,-0.003285,0.000000
