episode,episode_reward,episode_length,loss,found_sources,total_sources,found_source_ratio,success,partial_success,battery,collision,concentration,distance,failure_done,found_bonus,found_source_stay,success_done
1,-90.457269,1000,48.224814,1,5,0.200000,0,1,-0.000291,-0.104500,0.010595,-0.000549,0.000000,0.005000,-0.000712,0.000000
2,35.209344,1000,43.172003,0,4,0.000000,0,0,-0.000292,-0.001000,0.036617,-0.000115,0.000000,0.000000,0.000000,0.000000
3,17.377245,1000,45.296120,0,3,0.000000,0,0,-0.000291,-0.001500,0.019410,-0.000241,0.000000,0.000000,0.000000,0.000000
4,9.008777,1000,37.377774,1,3,0.333333,0,1,-0.000295,-0.001750,0.006705,-0.000239,0.000000,0.005000,-0.000412,0.000000
5,121.635998,72,463.029507,1,1,1.000000,1,1,-0.000296,-0.041667,0.000653,-0.005412,0.000000,0.069444,0.000000,1.666667
6,17.901119,1000,26.077494,4,5,0.800000,0,1,-0.000294,-0.014250,0.013133,0.000249,0.000000,0.020000,-0.000937,0.000000
7,124.960748,2,6536.702454,1,1,1.000000,1,1,-0.000327,0.000000,0.000031,-0.019330,0.000000,2.500000,0.000000,60.000000
8,18.849620,1000,21.389034,0,2,0.000000,0,0,-0.000294,-0.004250,0.022627,0.000767,0.000000,0.000000,0.000000,0.000000
9,-11.362856,1000,20.601261,2,6,0.333333,0,1,-0.000293,-0.041250,0.022283,0.000035,0.000000,0.010000,-0.002138,0.000000
10,56.364692,1000,14.233723,2,5,0.400000,0,1,-0.000294,-0.001000,0.049980,-0.000146,0.000000,0.010000,-0.002175,0.000000
11,-44.638493,1000,18.487848,3,8,0.375000,0,1,-0.000292,-0.153500,0.130883,0.000396,0.000000,0.015000,-0.037125,0.000000
12,1.434307,1000,8.032642,1,3,0.333333,0,1,-0.000294,-0.005500,0.003454,-0.001076,0.000000,0.005000,-0.000150,0.000000
13,-23.058993,1000,9.772186,0,1,0.000000,0,0,-0.000293,-0.022500,0.000091,-0.000357,0.000000,0.000000,0.000000,0.000000
14,6.034854,1000,3.526736,0,2,0.000000,0,0,-0.000294,-0.009250,0.016971,-0.001392,0.000000,0.000000,0.000000,0.000000
15,-2.722977,1000,1.939402,0,2,0.000000,0,0,-0.000293,-0.001750,0.000057,-0.000737,0.000000,0.000000,0.000000,0.000000
16,-1.732782,1000,0.923511,0,5,0.000000,0,0,-0.000292,-0.000500,0.000132,-0.001073,0.000000,0.000000,0.000000,0.000000
17,-64.031212,1000,6.982837,3,8,0.375000,0,1,-0.000291,-0.145000,0.103484,-0.000173,0.000000,0.015000,-0.037050,0.000000
18,37.839804,1000,0.362826,0,6,0.000000,0,0,-0.000294,0.000000,0.038533,-0.000399,0.000000,0.000000,0.000000,0.000000
19,14.725231,1000,0.953725,3,8,0.375000,0,1,-0.000294,-0.002500,0.004087,-0.000106,0.000000,0.015000,-0.001463,0.000000
20,-7.413035,1000,0.698410,1,3,0.333333,0,1,-0.000294,-0.010500,0.001540,-0.000609,0.000000,0.005000,-0.002550,0.000000
21,73.812345,1000,1.007537,3,6,0.500000,0,1,-0.000295,0.000000,0.059545,0.000499,0.000000,0.015000,-0.000937,0.000000
22,66.925634,716,43.391276,1,1,1.000000,1,1,-0.000294,-0.081355,0.000307,0.000232,0.000000,0.006983,0.000000,0.167598
23,57.946065,1000,1.062319,3,5,0.600000,0,1,-0.000295,-0.002750,0.047106,0.000573,0.000000,0.015000,-0.001688,0.000000
24,-17.552574,1000,1.119335,1,2,0.500000,0,1,-0.000293,-0.021750,0.000183,-0.000354,0.000000,0.005000,-0.000337,0.000000
25,-6.456239,1000,0.876322,1,3,0.333333,0,1,-0.000294,-0.012750,0.002066,-0.000440,0.000000,0.005000,-0.000037,0.000000
26,-2.553729,1000,0.368665,0,5,0.000000,0,0,-0.000293,-0.005000,0.003037,-0.000298,0.000000,0.000000,0.000000,0.000000
27,-3.976899,1000,0.707387,0,1,0.000000,0,0,-0.000293,-0.025500,0.023508,-0.001692,0.000000,0.000000,0.000000,0.000000
28,20.051297,1000,1.018427,5,8,0.625000,0,1,-0.000293,-0.005000,0.000954,-0.000047,0.000000,0.025000,-0.000562,0.000000
29,-164.762775,1000,3.653412,3,8,0.375000,0,1,-0.000292,-0.174500,0.001329,-0.000524,0.000000,0.015000,-0.005775,0.000000
30,16.663199,1000,0.566434,2,4,0.500000,0,1,-0.000294,-0.003000,0.010742,-0.000710,0.000000,0.010000,-0.000075,0.000000
31,20.040523,1000,0.957379,4,8,0.500000,0,1,-0.000294,-0.003000,0.005011,-0.000139,0.000000,0.020000,-0.001538,0.000000
32,10.736130,1000,0.626234,2,3,0.666667,0,1,-0.000294,-0.002000,0.003335,0.000332,0.000000,0.010000,-0.000637,0.000000
33,-50.276493,1000,1.624801,1,3,0.333333,0,1,-0.000291,-0.057500,0.002624,-0.000072,0.000000,0.005000,-0.000037,0.000000
34,-48.038192,1000,1.064797,1,3,0.333333,0,1,-0.000293,-0.053250,0.001341,-0.000762,0.000000,0.005000,-0.000075,0.000000
35,123.386895,626,46.991292,1,1,1.000000,1,1,-0.000292,-0.003594,0.000813,0.000496,0.000000,0.007987,0.000000,0.191693
36,4.071621,1000,0.550598,1,3,0.333333,0,1,-0.000292,-0.003250,0.002807,0.000332,0.000000,0.005000,-0.000525,0.000000
37,4.730704,1000,0.858000,2,5,0.400000,0,1,-0.000292,-0.006500,0.000601,0.001035,0.000000,0.010000,-0.000112,0.000000
38,2.778080,1000,0.122465,0,3,0.000000,0,0,-0.000293,-0.002000,0.005309,-0.000238,0.000000,0.000000,0.000000,0.000000
39,-0.688252,1000,0.444076,2,4,0.500000,0,1,-0.000293,-0.010250,0.001319,-0.000602,0.000000,0.010000,-0.000862,0.000000
40,-4.006019,1000,0.113554,0,6,0.000000,0,0,-0.000293,-0.003500,0.000761,-0.000974,0.000000,0.000000,0.000000,0.000000
41,3.093243,1000,0.294637,1,3,0.333333,0,1,-0.000294,-0.005000,0.003482,0.000093,0.000000,0.005000,-0.000188,0.000000
42,1.349990,1000,0.234059,1,2,0.500000,0,1,-0.000293,-0.006000,0.002775,-0.000057,0.000000,0.005000,-0.000075,0.000000
43,-9.538221,1000,0.148506,0,3,0.000000,0,0,-0.000294,-0.009750,0.001442,-0.000937,0.000000,0.000000,0.000000,0.000000
44,48.098419,1000,0.485754,2,5,0.400000,0,1,-0.000293,-0.000500,0.041534,-0.000317,0.000000,0.010000,-0.002325,0.000000
45,-4.263406,1000,0.768852,2,3,0.666667,0,1,-0.000293,-0.013750,0.001475,-0.000607,0.000000,0.010000,-0.001087,0.000000
46,20.124638,1000,1.897843,6,8,0.750000,0,1,-0.000294,-0.014250,0.004932,0.001424,0.000000,0.030000,-0.001688,0.000000
47,20.293207,1000,0.876519,4,7,0.571429,0,1,-0.000293,0.000000,0.000826,0.000285,0.000000,0.020000,-0.000525,0.000000
48,-344.898122,1000,6.943610,0,3,0.000000,0,0,-0.000293,-0.345000,0.001718,-0.001323,0.000000,0.000000,0.000000,0.000000
49,12.776353,1000,0.583558,2,7,0.285714,0,1,-0.000295,-0.003750,0.008143,-0.000872,0.000000,0.010000,-0.000450,0.000000
50,126.161062,320,91.121350,1,1,1.000000,1,1,-0.000294,-0.004687,0.008517,0.000093,0.000000,0.015625,0.000000,0.375000
51,17.963175,1000,0.829316,1,3,0.333333,0,1,-0.000294,0.000000,0.014405,-0.001111,0.000000,0.005000,-0.000037,0.000000
52,34.740578,1000,1.811787,2,6,0.333333,0,1,-0.000293,-0.041250,0.071388,0.000258,0.000000,0.010000,-0.005362,0.000000
53,-4.136076,1000,0.965920,2,8,0.250000,0,1,-0.000292,-0.016750,0.010927,-0.000634,0.000000,0.010000,-0.007387,0.000000
54,52.176713,1000,0.608539,3,4,0.750000,0,1,-0.000291,0.000000,0.037498,0.000570,0.000000,0.015000,-0.000600,0.000000
55,-23.378831,1000,0.421109,0,2,0.000000,0,0,-0.000292,-0.026250,0.003425,-0.000262,0.000000,0.000000,0.000000,0.000000
56,2.861680,1000,0.134928,0,1,0.000000,0,0,-0.000291,0.000000,0.003318,-0.000165,0.000000,0.000000,0.000000,0.000000
57,12.899805,1000,0.492119,1,8,0.125000,0,1,-0.000292,-0.041000,0.049022,0.000244,0.000000,0.005000,-0.000075,0.000000
58,3.782248,1000,0.396596,1,6,0.166667,0,1,-0.000292,-0.006750,0.014644,-0.000682,0.000000,0.005000,-0.008137,0.000000
59,-9.654484,1000,0.158978,0,3,0.000000,0,0,-0.000291,-0.008250,0.000299,-0.001412,0.000000,0.000000,0.000000,0.000000
60,-1.285809,1000,0.582587,2,4,0.500000,0,1,-0.000291,-0.003000,0.006625,-0.000106,0.000000,0.010000,-0.014512,0.000000
61,3.675386,1000,0.350305,1,6,0.166667,0,1,-0.000292,-0.002500,0.001428,0.000076,0.000000,0.005000,-0.000037,0.000000
62,25.821622,1000,0.374423,1,6,0.166667,0,1,-0.000293,-0.004500,0.028529,-0.000065,0.000000,0.005000,-0.002850,0.000000
63,125.326139,11,2529.217407,1,1,1.000000,1,1,-0.000311,0.000000,0.010393,0.019567,0.000000,0.454545,0.000000,10.909091
64,-3.638829,1000,1.150581,1,2,0.500000,0,1,-0.000293,-0.006500,0.000009,-0.001781,0.000000,0.005000,-0.000075,0.000000
65,-10.985771,1000,1.027353,1,2,0.500000,0,1,-0.000295,-0.015000,0.000916,-0.001457,0.000000,0.005000,-0.000150,0.000000
66,7.091665,1000,0.899095,1,2,0.500000,0,1,-0.000294,-0.007500,0.019440,-0.001041,0.000000,0.005000,-0.008512,0.000000
67,-22.403161,1000,0.314831,0,1,0.000000,0,0,-0.000295,-0.021250,0.000099,-0.000957,0.000000,0.000000,0.000000,0.000000
68,49.741649,1000,0.673502,2,4,0.500000,0,1,-0.000294,0.000000,0.040063,0.000159,0.000000,0.010000,-0.000188,0.000000
69,125.116632,4,5162.570038,1,1,1.000000,1,1,-0.000321,0.000000,0.010856,0.018623,0.000000,1.250000,0.000000,30.000000
70,-14.079067,1000,0.743807,1,2,0.500000,0,1,-0.000294,-0.012500,0.002102,-0.000999,0.000000,0.005000,-0.007387,0.000000
71,-88.585295,1000,2.220064,3,4,0.750000,0,1,-0.000294,-0.101500,0.011793,0.000141,0.000000,0.015000,-0.013725,0.000000
72,22.511054,1000,0.709933,3,4,0.750000,0,1,-0.000294,0.000000,0.008237,-0.000094,0.000000,0.015000,-0.000337,0.000000
73,11.007757,1000,0.501269,1,4,0.250000,0,1,-0.000293,-0.003500,0.010200,-0.000250,0.000000,0.005000,-0.000150,0.000000
74,-1.365683,1000,0.872523,3,4,0.750000,0,1,-0.000296,-0.010750,0.009118,0.000975,0.000000,0.015000,-0.015412,0.000000
75,141.279510,54,547.001093,4,4,1.000000,1,1,-0.000297,0.000000,0.018690,0.012246,0.000000,0.370370,-0.006944,2.222222
76,15.432791,1000,0.746398,1,8,0.125000,0,1,-0.000293,0.000000,0.011387,-0.000586,0.000000,0.005000,-0.000075,0.000000
77,-68.014000,1000,1.865260,2,6,0.333333,0,1,-0.000292,-0.130250,0.052390,0.000251,0.000000,0.010000,-0.000112,0.000000
78,-24.517228,1000,0.550576,0,3,0.000000,0,0,-0.000293,-0.037000,0.014048,-0.001272,0.000000,0.000000,0.000000,0.000000
79,-8.853590,1000,0.514092,1,2,0.500000,0,1,-0.000296,-0.010500,0.009930,-0.001250,0.000000,0.005000,-0.011737,0.000000
80,14.989314,1000,1.944526,7,8,0.875000,0,1,-0.000296,-0.083250,0.064121,0.000839,0.000000,0.035000,-0.001425,0.000000
81,21.430721,1000,0.613580,3,4,0.750000,0,1,-0.000292,0.000000,0.006313,0.000560,0.000000,0.015000,-0.000150,0.000000
82,0.494312,1000,0.651368,1,6,0.166667,0,1,-0.000291,-0.008000,0.004191,-0.000330,0.000000,0.005000,-0.000075,0.000000
83,57.213751,1000,0.988990,5,7,0.714286,0,1,-0.000294,0.000000,0.037213,0.000807,0.000000,0.025000,-0.005512,0.000000
84,79.283791,1000,2.031606,7,8,0.875000,0,1,-0.000296,-0.023000,0.073746,0.002121,0.000000,0.035000,-0.008287,0.000000
85,61.455719,1000,1.639595,5,6,0.833333,0,1,-0.000294,0.000000,0.043680,0.000420,0.000000,0.025000,-0.007350,0.000000
86,50.998406,1000,0.943325,4,7,0.571429,0,1,-0.000293,-0.001000,0.035572,0.000657,0.000000,0.020000,-0.003938,0.000000
87,9.684080,1000,0.506232,2,3,0.666667,0,1,-0.000295,0.000000,0.001083,0.000021,0.000000,0.010000,-0.001125,0.000000
88,149.513645,899,33.900639,6,6,1.000000,1,1,-0.000295,-0.017798,0.017097,0.002540,0.000000,0.033370,-0.002086,0.133482
89,-82.145630,1000,2.920049,2,5,0.400000,0,1,-0.000292,-0.097000,0.007251,0.000109,0.000000,0.010000,-0.002213,0.000000
90,54.833529,1000,0.598942,3,7,0.428571,0,1,-0.000292,0.000000,0.043208,0.000180,0.000000,0.015000,-0.003263,0.000000
91,25.615358,1000,0.469998,2,4,0.500000,0,1,-0.000293,-0.001500,0.019350,-0.000255,0.000000,0.010000,-0.001688,0.000000
92,-87.573991,1000,1.338659,1,6,0.166667,0,1,-0.000294,-0.095500,0.004368,-0.001111,0.000000,0.005000,-0.000037,0.000000
93,-7.371351,1000,0.988782,3,6,0.500000,0,1,-0.000291,-0.023000,0.001708,-0.000526,0.000000,0.015000,-0.000263,0.000000
94,-3.248258,1000,0.601789,1,4,0.250000,0,1,-0.000296,-0.030250,0.029190,-0.000104,0.000000,0.005000,-0.006787,0.000000
95,-115.808504,1000,1.681837,3,6,0.500000,0,1,-0.000294,-0.134750,0.008089,-0.000254,0.000000,0.015000,-0.003600,0.000000
96,80.342423,328,107.648816,7,7,1.000000,1,1,-0.000297,-0.261433,0.028635,0.008910,0.000000,0.106707,-0.003430,0.365854
97,146.337723,992,30.689109,4,4,1.000000,1,1,-0.000294,-0.014365,0.022467,0.001832,0.000000,0.020161,-0.003251,0.120968
98,-85.639267,1000,3.534135,3,6,0.500000,0,1,-0.000294,-0.159750,0.059585,0.000682,0.000000,0.015000,-0.000862,0.000000
99,133.827834,658,44.363786,3,3,1.000000,1,1,-0.000292,0.000000,0.000262,-0.000270,0.000000,0.022796,-0.001482,0.182371
100,-223.075073,1000,3.816945,0,1,0.000000,0,0,-0.000292,-0.222750,0.000490,-0.000523,0.000000,0.000000,0.000000,0.000000
101,122.959522,262,110.013289,2,2,1.000000,1,1,-0.000298,-0.030534,0.002486,0.001761,0.000000,0.038168,-0.000286,0.458015
102,125.417329,487,61.342266,3,3,1.000000,1,1,-0.000297,-0.033368,0.013462,0.001603,0.000000,0.030801,-0.001078,0.246407
103,23.766795,1000,1.958555,5,8,0.625000,0,1,-0.000295,-0.022000,0.021915,0.000497,0.000000,0.025000,-0.001350,0.000000
104,4.927366,1000,0.952846,1,3,0.333333,0,1,-0.000293,0.000000,0.006167,-0.000734,0.000000,0.005000,-0.005213,0.000000
105,-8.109486,1000,0.621311,1,3,0.333333,0,1,-0.000297,-0.017750,0.004255,0.001245,0.000000,0.005000,-0.000562,0.000000
106,1.454343,1000,0.292264,1,3,0.333333,0,1,-0.000293,0.000000,0.001220,-0.000610,0.000000,0.005000,-0.003863,0.000000
107,-38.177178,1000,0.525594,1,4,0.250000,0,1,-0.000294,-0.048750,0.006774,-0.000495,0.000000,0.005000,-0.000412,0.000000
108,-102.532072,1000,1.205336,0,1,0.000000,0,0,-0.000291,-0.103250,0.000262,0.000747,0.000000,0.000000,0.000000,0.000000
109,-38.522565,1000,0.825665,0,2,0.000000,0,0,-0.000292,-0.039250,0.002244,-0.001225,0.000000,0.000000,0.000000,0.000000
110,43.697596,1000,1.721014,6,8,0.750000,0,1,-0.000295,-0.006750,0.022398,-0.000493,0.000000,0.030000,-0.001163,0.000000
111,-82.252970,1000,1.851848,1,8,0.125000,0,1,-0.000290,-0.096000,0.045801,0.000324,0.000000,0.005000,-0.037088,0.000000
112,106.114848,1000,1.450748,3,4,0.750000,0,1,-0.000295,0.000000,0.092110,0.000162,0.000000,0.015000,-0.000862,0.000000
113,-325.088655,1000,6.441701,1,5,0.200000,0,1,-0.000290,-0.330000,0.000885,-0.000646,0.000000,0.005000,-0.000037,0.000000
114,74.062512,1000,1.166404,6,7,0.857143,0,1,-0.000295,0.000000,0.045448,0.000409,0.000000,0.030000,-0.001500,0.000000
115,129.834346,75,390.197788,2,2,1.000000,1,1,-0.000298,-0.020000,0.002211,0.016378,0.000000,0.133333,-0.000500,1.600000
116,-569.025272,1000,10.374554,0,3,0.000000,0,0,-0.000291,-0.567750,0.000339,-0.001323,0.000000,0.000000,0.000000,0.000000
117,-23.056262,1000,2.345489,5,8,0.625000,0,1,-0.000297,-0.063750,0.020033,-0.000030,0.000000,0.025000,-0.004013,0.000000
118,-113.386443,1000,1.914920,0,1,0.000000,0,0,-0.000291,-0.112000,0.000000,-0.001096,0.000000,0.000000,0.000000,0.000000
119,2.664161,1000,0.362366,0,2,0.000000,0,0,-0.000295,-0.006500,0.010289,-0.000830,0.000000,0.000000,0.000000,0.000000
120,49.472071,1000,2.400453,2,7,0.285714,0,1,-0.000290,-0.004750,0.055040,-0.000703,0.000000,0.010000,-0.009825,0.000000
121,26.513692,1000,0.313842,1,2,0.500000,0,1,-0.000294,-0.001250,0.024686,0.000360,0.000000,0.005000,-0.001988,0.000000
122,-41.036632,1000,1.821642,1,2,0.500000,0,1,-0.000292,-0.124250,0.078651,-0.000108,0.000000,0.005000,-0.000037,0.000000
123,23.650209,1000,0.666566,3,4,0.750000,0,1,-0.000295,0.000000,0.007997,0.001436,0.000000,0.015000,-0.000487,0.000000
124,35.465695,1000,1.231583,6,7,0.857143,0,1,-0.000294,0.000000,0.006706,0.000816,0.000000,0.030000,-0.001763,0.000000
125,-97.946695,1000,2.297942,0,2,0.000000,0,0,-0.000291,-0.159500,0.062378,-0.000534,0.000000,0.000000,0.000000,0.000000
126,4.745676,1000,0.612650,2,5,0.400000,0,1,-0.000295,-0.013250,0.009815,0.000425,0.000000,0.010000,-0.001950,0.000000
127,0.706223,1000,0.250187,1,2,0.500000,0,1,-0.000295,-0.013250,0.009859,-0.000533,0.000000,0.005000,-0.000075,0.000000
128,42.795238,1000,0.564288,2,8,0.250000,0,1,-0.000293,-0.010000,0.043864,-0.000176,0.000000,0.010000,-0.000600,0.000000
129,47.442810,1000,1.431484,3,6,0.500000,0,1,-0.000291,-0.035750,0.068844,0.000165,0.000000,0.015000,-0.000525,0.000000
130,123.311887,23,1240.256454,1,1,1.000000,1,1,-0.000298,-0.108696,0.004755,0.030842,0.000000,0.217391,0.000000,5.217391
131,-0.827530,1000,0.356280,0,3,0.000000,0,0,-0.000292,0.000000,0.000004,-0.000540,0.000000,0.000000,0.000000,0.000000
132,2.232587,1000,0.179421,0,3,0.000000,0,0,-0.000291,0.000000,0.003323,-0.000800,0.000000,0.000000,0.000000,0.000000
133,5.027459,1000,0.126176,0,1,0.000000,0,0,-0.000291,0.000000,0.005358,-0.000040,0.000000,0.000000,0.000000,0.000000
134,36.459141,524,60.928175,4,4,1.000000,1,1,-0.000290,-0.192271,0.012947,0.001197,0.000000,0.038168,-0.019179,0.229008
135,44.781321,1000,0.703924,2,4,0.500000,0,1,-0.000292,0.000000,0.036469,-0.001021,0.000000,0.010000,-0.000375,0.000000
136,5.221527,1000,0.537148,2,3,0.666667,0,1,-0.000292,-0.000750,0.005966,0.000010,0.000000,0.010000,-0.009712,0.000000
137,-13.639331,1000,0.433245,1,2,0.500000,0,1,-0.000291,-0.018000,0.001068,-0.001341,0.000000,0.005000,-0.000075,0.000000
138,-300.085279,1000,7.830161,2,6,0.333333,0,1,-0.000290,-0.302750,0.016195,0.000198,0.000000,0.010000,-0.023438,0.000000
139,-55.713132,1000,0.889673,2,5,0.400000,0,1,-0.000290,-0.065250,0.000300,-0.000436,0.000000,0.010000,-0.000037,0.000000
140,-166.641601,1000,2.437909,1,6,0.166667,0,1,-0.000290,-0.163250,0.003309,0.000102,0.000000,0.005000,-0.011512,0.000000
141,72.233097,1000,1.086282,3,8,0.375000,0,1,-0.000290,-0.007500,0.064890,0.000246,0.000000,0.015000,-0.000112,0.000000
142,16.278785,1000,0.267629,1,5,0.200000,0,1,-0.000290,-0.001500,0.014491,-0.001009,0.000000,0.005000,-0.000412,0.000000
143,1.975534,1000,0.042988,0,1,0.000000,0,0,-0.000290,-0.000750,0.004174,-0.001158,0.000000,0.000000,0.000000,0.000000
144,9.199541,1000,0.239914,1,4,0.250000,0,1,-0.000290,-0.001250,0.009284,-0.000357,0.000000,0.005000,-0.003188,0.000000
145,-14.578162,1000,2.994232,4,7,0.571429,0,1,-0.000290,-0.081000,0.077702,0.000209,0.000000,0.020000,-0.031200,0.000000
146,2.520904,1000,0.208927,0,1,0.000000,0,0,-0.000291,-0.001250,0.005412,-0.001350,0.000000,0.000000,0.000000,0.000000
147,-156.282127,1000,1.811310,1,6,0.166667,0,1,-0.000291,-0.152750,0.003312,-0.000640,0.000000,0.005000,-0.010912,0.000000
148,-65.156574,1000,0.587093,0,3,0.000000,0,0,-0.000292,-0.065750,0.001681,-0.000796,0.000000,0.000000,0.000000,0.000000
149,47.655938,1000,1.123961,2,6,0.333333,0,1,-0.000293,-0.039750,0.079423,-0.000861,0.000000,0.010000,-0.000862,0.000000
150,-21.077374,1000,0.927484,2,5,0.400000,0,1,-0.000294,-0.031000,0.001259,-0.000818,0.000000,0.010000,-0.000225,0.000000
151,-183.456472,1000,3.711115,3,7,0.428571,0,1,-0.000290,-0.195500,0.001266,0.000942,0.000000,0.015000,-0.004875,0.000000
152,114.093659,871,34.370649,3,3,1.000000,1,1,-0.000294,-0.027842,0.006227,0.001566,0.000000,0.017222,-0.003660,0.137773
153,26.261174,745,43.473292,4,4,1.000000,1,1,-0.000293,-0.206376,0.055532,0.002394,0.000000,0.026846,-0.003926,0.161074
154,-4.322366,1000,0.861320,2,3,0.666667,0,1,-0.000293,-0.009250,0.004486,-0.000153,0.000000,0.010000,-0.009112,0.000000
155,125.055022,1,7717.514618,1,1,1.000000,1,1,-0.000329,0.000000,0.028945,0.026405,0.000000,5.000000,0.000000,120.000000
156,53.038799,1000,1.175599,5,6,0.833333,0,1,-0.000293,-0.022000,0.052627,0.000780,0.000000,0.025000,-0.003075,0.000000
157,63.836149,1000,1.090170,5,7,0.714286,0,1,-0.000293,0.000000,0.043482,0.000934,0.000000,0.025000,-0.005287,0.000000
158,-58.671809,1000,0.659969,0,1,0.000000,0,0,-0.000293,-0.057000,0.000000,-0.001379,0.000000,0.000000,0.000000,0.000000
159,-53.445058,1000,2.264524,5,6,0.833333,0,1,-0.000294,-0.095750,0.021007,0.000604,0.000000,0.025000,-0.004013,0.000000
160,23.449990,1000,0.897689,2,5,0.400000,0,1,-0.000292,-0.003000,0.025531,-0.000464,0.000000,0.010000,-0.008325,0.000000
161,8.915514,1000,0.274981,1,7,0.142857,0,1,-0.000292,0.000000,0.004295,0.000100,0.000000,0.005000,-0.000188,0.000000
162,22.888710,1000,0.744126,4,8,0.500000,0,1,-0.000292,0.000000,0.003525,0.000293,0.000000,0.020000,-0.000637,0.000000
163,-63.767411,1000,0.980419,1,3,0.333333,0,1,-0.000293,-0.110250,0.041937,-0.000087,0.000000,0.005000,-0.000075,0.000000
164,166.629790,848,35.524562,5,5,1.000000,1,1,-0.000293,-0.021226,0.046458,0.002205,0.000000,0.029481,-0.001636,0.141509
165,-376.203959,1000,9.196055,3,6,0.500000,0,1,-0.000292,-0.365500,0.014970,-0.000182,0.000000,0.015000,-0.040200,0.000000
166,-34.750269,1000,1.531812,3,4,0.750000,0,1,-0.000293,-0.057750,0.011209,-0.000516,0.000000,0.015000,-0.002400,0.000000
167,52.135690,1000,0.816852,4,7,0.571429,0,1,-0.000292,-0.000500,0.035040,0.000325,0.000000,0.020000,-0.002438,0.000000
168,6.068045,1000,0.714491,2,8,0.250000,0,1,-0.000294,-0.029000,0.030162,-0.000187,0.000000,0.010000,-0.004613,0.000000
169,122.953982,270,109.216736,2,2,1.000000,1,1,-0.000296,-0.032407,0.010030,-0.003006,0.000000,0.037037,-0.000417,0.444444
170,113.819001,704,40.462112,1,1,1.000000,1,1,-0.000293,-0.018821,0.003046,0.000186,0.000000,0.007102,0.000000,0.170455
171,200.538888,617,47.839754,4,4,1.000000,1,1,-0.000293,0.000000,0.101425,0.001970,0.000000,0.032415,-0.004984,0.194489
172,61.813433,1000,2.313013,3,6,0.500000,0,1,-0.000295,-0.028250,0.075899,-0.000091,0.000000,0.015000,-0.000450,0.000000
173,23.039428,1000,0.619058,1,3,0.333333,0,1,-0.000293,0.000000,0.018792,-0.000309,0.000000,0.005000,-0.000150,0.000000
174,44.701143,1000,1.081327,4,7,0.571429,0,1,-0.000293,0.000000,0.025299,0.000370,0.000000,0.020000,-0.000675,0.000000
175,142.111120,763,39.243698,6,6,1.000000,1,1,-0.000293,-0.041612,0.030500,0.002245,0.000000,0.039318,-0.001180,0.157274
176,133.782218,18,1761.092155,3,3,1.000000,1,1,-0.000303,-0.097222,0.018770,0.013185,0.000000,0.833333,-0.002083,6.666667
177,-108.538684,1000,3.086448,0,1,0.000000,0,0,-0.000291,-0.106250,0.000000,-0.001997,0.000000,0.000000,0.000000,0.000000
178,146.126726,345,83.657174,2,2,1.000000,1,1,-0.000294,-0.023913,0.070212,0.001065,0.000000,0.028986,-0.000326,0.347826
179,-218.185677,1000,6.739775,1,6,0.166667,0,1,-0.000291,-0.234750,0.011775,0.000155,0.000000,0.005000,-0.000075,0.000000
180,-320.610033,1000,6.855292,0,1,0.000000,0,0,-0.000290,-0.321250,0.001557,-0.000627,0.000000,0.000000,0.000000,0.000000
181,-92.660515,1000,1.557598,0,1,0.000000,0,0,-0.000291,-0.091250,0.000000,-0.001119,0.000000,0.000000,0.000000,0.000000
182,-23.991007,1000,0.303384,0,2,0.000000,0,0,-0.000294,-0.023250,0.000002,-0.000449,0.000000,0.000000,0.000000,0.000000
183,-61.108894,1000,1.640380,3,6,0.500000,0,1,-0.000292,-0.082250,0.008385,0.000897,0.000000,0.015000,-0.002850,0.000000
184,1.694761,1000,0.462118,1,3,0.333333,0,1,-0.000291,-0.003000,0.001128,-0.001067,0.000000,0.005000,-0.000075,0.000000
185,33.725668,1000,0.641190,3,5,0.600000,0,1,-0.000292,-0.000500,0.036333,0.000472,0.000000,0.015000,-0.017287,0.000000
186,-7.496548,1000,0.243411,1,2,0.500000,0,1,-0.000293,-0.011500,0.000324,-0.000990,0.000000,0.005000,-0.000037,0.000000
187,-7.797327,1000,0.072660,0,1,0.000000,0,0,-0.000292,-0.006250,0.000005,-0.001260,0.000000,0.000000,0.000000,0.000000
188,96.590842,1000,0.363332,0,7,0.000000,0,0,-0.000290,0.000000,0.097209,-0.000328,0.000000,0.000000,0.000000,0.000000
189,-44.794688,1000,0.653061,0,1,0.000000,0,0,-0.000290,-0.043000,0.000000,-0.001505,0.000000,0.000000,0.000000,0.000000
190,0.191949,1000,0.041884,0,7,0.000000,0,0,-0.000290,-0.000500,0.000928,0.000054,0.000000,0.000000,0.000000,0.000000
191,-6.551549,1000,0.366255,1,5,0.200000,0,1,-0.000290,-0.004250,0.002143,0.000145,0.000000,0.005000,-0.009300,0.000000
192,17.984724,1000,0.966669,4,6,0.666667,0,1,-0.000293,-0.021250,0.021245,0.001321,0.000000,0.020000,-0.003038,0.000000
193,-22.255017,1000,0.667012,2,4,0.500000,0,1,-0.000294,-0.031500,0.000708,-0.000194,0.000000,0.010000,-0.000975,0.000000
194,129.430109,382,76.920637,3,3,1.000000,1,1,-0.000293,-0.017016,0.002946,0.002726,0.000000,0.039267,-0.002945,0.314136
195,160.316049,558,55.020060,7,7,1.000000,1,1,-0.000294,0.000000,0.013454,-0.000340,0.000000,0.062724,-0.003293,0.215054
196,-14.748618,1000,0.651118,0,1,0.000000,0,0,-0.000293,-0.016250,0.000784,0.001011,0.000000,0.000000,0.000000,0.000000
197,-264.040680,1000,5.914766,4,8,0.500000,0,1,-0.000294,-0.259000,0.003754,0.000599,0.000000,0.020000,-0.029100,0.000000
198,29.310446,1000,0.559970,1,6,0.166667,0,1,-0.000293,0.000000,0.026117,-0.001439,0.000000,0.005000,-0.000075,0.000000
199,53.146305,1000,1.101758,4,5,0.800000,0,1,-0.000293,-0.010750,0.050486,0.001353,0.000000,0.020000,-0.007650,0.000000
200,125.191189,6,4043.009308,1,1,1.000000,1,1,-0.000311,0.000000,0.000000,0.032176,0.000000,0.833333,0.000000,20.000000
201,41.885358,1000,1.149912,4,7,0.571429,0,1,-0.000293,0.000000,0.023692,-0.000951,0.000000,0.020000,-0.000562,0.000000
202,9.553702,1000,1.988809,5,8,0.625000,0,1,-0.000292,-0.033250,0.030733,-0.000601,0.000000,0.025000,-0.012037,0.000000
203,3.605540,1000,1.158298,4,5,0.800000,0,1,-0.000293,-0.015000,0.002128,0.000333,0.000000,0.020000,-0.003563,0.000000
204,125.559763,605,48.386278,1,1,1.000000,1,1,-0.000294,0.000000,0.000441,0.000778,0.000000,0.008264,0.000000,0.198347
205,135.048586,387,75.710857,3,3,1.000000,1,1,-0.000293,0.000000,0.004005,0.000580,0.000000,0.038760,-0.004167,0.310078
206,7.991039,1000,0.742517,0,3,0.000000,0,0,-0.000294,0.000000,0.008687,-0.000402,0.000000,0.000000,0.000000,0.000000
207,-100.398152,1000,2.841693,0,2,0.000000,0,0,-0.000292,-0.100000,0.000852,-0.000959,0.000000,0.000000,0.000000,0.000000
208,-200.680247,1000,3.456508,1,6,0.166667,0,1,-0.000290,-0.266250,0.061087,-0.000152,0.000000,0.005000,-0.000075,0.000000
209,32.429189,1000,0.362091,1,8,0.125000,0,1,-0.000290,-0.000250,0.028086,-0.000079,0.000000,0.005000,-0.000037,0.000000
210,-141.617074,1000,2.254284,0,5,0.000000,0,0,-0.000290,-0.153000,0.012367,-0.000694,0.000000,0.000000,0.000000,0.000000
211,27.862654,1000,0.508205,2,3,0.666667,0,1,-0.000293,-0.011000,0.037467,0.000539,0.000000,0.010000,-0.008850,0.000000
212,49.460788,1000,0.218989,1,5,0.200000,0,1,-0.000291,-0.001000,0.046108,-0.000244,0.000000,0.005000,-0.000112,0.000000
213,33.983852,1000,0.363652,0,1,0.000000,0,0,-0.000290,-0.009000,0.042865,0.000409,0.000000,0.000000,0.000000,0.000000
214,64.965470,1000,0.509364,3,6,0.500000,0,1,-0.000293,0.000000,0.050854,-0.000446,0.000000,0.015000,-0.000150,0.000000
215,2.704429,1000,0.270165,1,3,0.333333,0,1,-0.000294,-0.012250,0.011691,-0.000956,0.000000,0.005000,-0.000487,0.000000
216,66.533843,1000,1.302565,6,7,0.857143,0,1,-0.000293,0.000000,0.038761,0.000541,0.000000,0.030000,-0.002475,0.000000
217,147.267592,283,105.162538,5,5,1.000000,1,1,-0.000295,-0.006184,0.027109,0.003681,0.000000,0.088339,-0.016299,0.424028
218,-82.001679,1000,1.709598,1,3,0.333333,0,1,-0.000290,-0.122250,0.035982,-0.000368,0.000000,0.005000,-0.000075,0.000000
219,-0.103624,1000,0.348487,1,2,0.500000,0,1,-0.000290,-0.005250,0.001436,-0.000963,0.000000,0.005000,-0.000037,0.000000
220,46.513792,1000,0.731514,4,6,0.666667,0,1,-0.000292,0.000000,0.026303,0.000803,0.000000,0.020000,-0.000300,0.000000
221,88.247681,1000,0.590354,2,8,0.250000,0,1,-0.000291,-0.003250,0.084771,-0.000733,0.000000,0.010000,-0.002250,0.000000
222,225.369526,1000,2.285226,1,6,0.166667,0,1,-0.000291,-0.006500,0.227149,0.000012,0.000000,0.005000,0.000000,0.000000
223,-7.760185,1000,0.654303,1,8,0.125000,0,1,-0.000291,-0.014750,0.001950,0.000368,0.000000,0.005000,-0.000037,0.000000
224,28.492053,1000,1.397853,5,7,0.714286,0,1,-0.000292,-0.001500,0.006571,-0.000724,0.000000,0.025000,-0.000562,0.000000
225,32.287923,1000,0.932896,4,8,0.500000,0,1,-0.000293,-0.017750,0.031286,-0.000655,0.000000,0.020000,-0.000300,0.000000
226,26.290341,1000,1.090388,4,7,0.571429,0,1,-0.000294,-0.002750,0.009943,0.000179,0.000000,0.020000,-0.000787,0.000000
227,172.709326,324,93.377195,7,7,1.000000,1,1,-0.000294,0.000000,0.052563,0.005051,0.000000,0.108025,-0.002662,0.370370
228,33.658193,1000,0.530722,2,6,0.333333,0,1,-0.000294,-0.000250,0.024776,-0.000012,0.000000,0.010000,-0.000562,0.000000
229,-53.306518,1000,1.401138,0,3,0.000000,0,0,-0.000290,-0.065000,0.012283,-0.000300,0.000000,0.000000,0.000000,0.000000
230,-106.708692,1000,2.187819,2,6,0.333333,0,1,-0.000290,-0.116250,0.000589,-0.000645,0.000000,0.010000,-0.000112,0.000000
231,-266.184228,1000,4.092937,2,6,0.333333,0,1,-0.000290,-0.255750,0.017061,-0.000042,0.000000,0.010000,-0.037163,0.000000
232,33.601016,1000,1.295796,4,6,0.666667,0,1,-0.000294,-0.015500,0.031443,0.000577,0.000000,0.020000,-0.002625,0.000000
233,27.920758,1000,1.796637,6,7,0.857143,0,1,-0.000294,-0.008250,0.008964,0.000576,0.000000,0.030000,-0.003075,0.000000
234,31.310253,1000,1.354398,6,7,0.857143,0,1,-0.000294,-0.008000,0.009951,0.001003,0.000000,0.030000,-0.001350,0.000000
235,9.328367,1000,0.630999,3,6,0.500000,0,1,-0.000293,-0.010500,0.005468,0.000178,0.000000,0.015000,-0.000525,0.000000
236,-4.532880,1000,0.385129,0,3,0.000000,0,0,-0.000290,-0.013250,0.009501,-0.000494,0.000000,0.000000,0.000000,0.000000
237,23.347432,1000,0.950812,3,4,0.750000,0,1,-0.000294,-0.001500,0.012033,-0.000654,0.000000,0.015000,-0.001238,0.000000
238,-175.773637,1000,4.847021,3,6,0.500000,0,1,-0.000290,-0.197500,0.008204,-0.000812,0.000000,0.015000,-0.000375,0.000000
239,56.119945,1000,1.121500,5,7,0.714286,0,1,-0.000292,-0.006000,0.040501,0.000174,0.000000,0.025000,-0.003263,0.000000
240,-4.540426,1000,0.472128,0,4,0.000000,0,0,-0.000295,-0.010250,0.005941,0.000063,0.000000,0.000000,0.000000,0.000000
241,38.068376,1000,0.170131,0,2,0.000000,0,0,-0.000290,-0.004000,0.042706,-0.000348,0.000000,0.000000,0.000000,0.000000
242,42.383958,1000,1.775020,6,8,0.750000,0,1,-0.000294,-0.008750,0.023158,0.000783,0.000000,0.030000,-0.002513,0.000000
243,-18.888729,1000,0.314359,0,2,0.000000,0,0,-0.000290,-0.017750,0.000000,-0.000849,0.000000,0.000000,0.000000,0.000000
244,-2.505066,1000,0.903258,4,5,0.800000,0,1,-0.000293,-0.002750,0.023303,0.000586,0.000000,0.020000,-0.043350,0.000000
245,73.212517,1000,0.818163,2,7,0.285714,0,1,-0.000292,-0.001000,0.065518,-0.000375,0.000000,0.010000,-0.000637,0.000000
246,58.676407,1000,0.978761,3,8,0.375000,0,1,-0.000290,-0.023500,0.068337,-0.000684,0.000000,0.015000,-0.000188,0.000000
247,58.085041,1000,1.053843,5,7,0.714286,0,1,-0.000294,0.000000,0.033694,0.000847,0.000000,0.025000,-0.001163,0.000000
248,135.251159,18,1687.877594,3,3,1.000000,1,1,-0.000301,0.000000,0.009628,0.008793,0.000000,0.833333,-0.004167,6.666667
249,-12.896498,1000,0.479300,0,2,0.000000,0,0,-0.000290,-0.011750,0.000074,-0.000931,0.000000,0.000000,0.000000,0.000000
250,119.721742,590,48.918165,1,1,1.000000,1,1,-0.000295,-0.006780,0.000970,-0.002842,0.000000,0.008475,0.000000,0.203390
251,-15.546594,1000,1.431946,3,6,0.500000,0,1,-0.000291,-0.034250,0.004922,-0.000516,0.000000,0.015000,-0.000412,0.000000
252,-198.531961,1000,5.023097,0,2,0.000000,0,0,-0.000290,-0.198000,0.000251,-0.000493,0.000000,0.000000,0.000000,0.000000
253,-7.870270,1000,0.195015,0,2,0.000000,0,0,-0.000296,-0.007750,0.000299,-0.000124,0.000000,0.000000,0.000000,0.000000
254,-157.828189,1000,3.507232,1,8,0.125000,0,1,-0.000291,-0.163250,0.001128,-0.000152,0.000000,0.005000,-0.000263,0.000000
255,86.369555,1000,1.143670,2,6,0.333333,0,1,-0.000294,0.000000,0.077531,-0.000605,0.000000,0.010000,-0.000263,0.000000
256,35.356463,1000,0.395242,2,5,0.400000,0,1,-0.000294,-0.003000,0.029859,0.000067,0.000000,0.010000,-0.001275,0.000000
257,-49.051330,1000,0.917126,0,1,0.000000,0,0,-0.000290,-0.061750,0.014009,-0.001020,0.000000,0.000000,0.000000,0.000000
258,11.982736,1000,0.403779,2,6,0.333333,0,1,-0.000293,-0.000500,0.002987,-0.000098,0.000000,0.010000,-0.000112,0.000000
259,-180.786631,1000,3.762642,1,2,0.500000,0,1,-0.000290,-0.185750,0.000260,0.000031,0.000000,0.005000,-0.000037,0.000000
260,27.445149,1000,0.224078,1,7,0.142857,0,1,-0.000291,0.000000,0.022969,-0.000196,0.000000,0.005000,-0.000037,0.000000
261,51.987945,1000,0.194875,1,5,0.200000,0,1,-0.000291,-0.002000,0.048879,0.000474,0.000000,0.005000,-0.000075,0.000000
262,18.761901,1000,1.274327,5,6,0.833333,0,1,-0.000294,0.000000,0.004779,0.000114,0.000000,0.025000,-0.010837,0.000000
263,-1.447461,1000,0.172954,1,4,0.250000,0,1,-0.000292,-0.005500,0.000593,-0.000798,0.000000,0.005000,-0.000450,0.000000
264,-476.074870,1000,10.719826,2,4,0.500000,0,1,-0.000291,-0.486500,0.001582,-0.000040,0.000000,0.010000,-0.000825,0.000000
265,30.238788,1000,1.192480,5,7,0.714286,0,1,-0.000294,-0.010000,0.016254,0.000178,0.000000,0.025000,-0.000900,0.000000
266,-0.787712,1000,0.455598,0,4,0.000000,0,0,-0.000295,-0.019250,0.018688,0.000069,0.000000,0.000000,0.000000,0.000000
267,-136.881186,1000,5.378831,2,5,0.400000,0,1,-0.000290,-0.287250,0.142378,-0.001532,0.000000,0.010000,-0.000188,0.000000
268,31.658764,1000,0.202458,0,4,0.000000,0,0,-0.000290,-0.001000,0.033633,-0.000685,0.000000,0.000000,0.000000,0.000000
269,58.619871,1000,0.963356,3,4,0.750000,0,1,-0.000293,0.000000,0.043996,0.001154,0.000000,0.015000,-0.001238,0.000000
270,-127.511381,1000,2.252939,1,2,0.500000,0,1,-0.000290,-0.131000,0.000096,-0.001280,0.000000,0.005000,-0.000037,0.000000
271,48.682353,1000,1.572419,6,7,0.857143,0,1,-0.000294,0.000000,0.021744,0.000494,0.000000,0.030000,-0.003263,0.000000
272,58.146271,1000,1.974214,7,8,0.875000,0,1,-0.000294,0.000000,0.024472,0.000881,0.000000,0.035000,-0.001913,0.000000
273,-2.837897,1000,1.161355,3,6,0.500000,0,1,-0.000294,-0.052250,0.038417,0.000939,0.000000,0.015000,-0.004650,0.000000
274,125.821504,87,338.718367,2,2,1.000000,1,1,-0.000296,-0.063218,0.007133,0.008784,0.000000,0.114943,-0.000431,1.379310
275,124.188545,907,33.069875,4,4,1.000000,1,1,-0.000293,-0.027839,0.010392,0.001217,0.000000,0.022051,-0.000910,0.132304
276,21.948387,1000,1.257698,6,7,0.857143,0,1,-0.000293,-0.004250,0.007147,0.000369,0.000000,0.030000,-0.011025,0.000000
277,-125.826069,1000,2.399049,0,1,0.000000,0,0,-0.000290,-0.134000,0.009281,-0.000816,0.000000,0.000000,0.000000,0.000000
278,81.710439,1000,0.610958,2,8,0.250000,0,1,-0.000294,-0.010250,0.086447,0.000345,0.000000,0.010000,-0.004538,0.000000
279,0.617324,1000,0.498167,2,3,0.666667,0,1,-0.000294,-0.006250,0.004623,-0.000636,0.000000,0.010000,-0.006825,0.000000
280,17.266267,1000,0.266849,1,2,0.500000,0,1,-0.000294,-0.004500,0.018956,0.000766,0.000000,0.005000,-0.002663,0.000000
281,78.816744,1000,1.374462,6,7,0.857143,0,1,-0.000294,-0.006750,0.057782,0.001079,0.000000,0.030000,-0.003000,0.000000
282,-51.840184,1000,1.684906,4,6,0.666667,0,1,-0.000292,-0.086000,0.015075,-0.000174,0.000000,0.020000,-0.000450,0.000000
283,-185.550337,1000,2.341100,0,1,0.000000,0,0,-0.000289,-0.184250,0.000131,-0.001142,0.000000,0.000000,0.000000,0.000000
284,48.297177,1000,1.065358,3,7,0.428571,0,1,-0.000293,0.000000,0.034782,0.000233,0.000000,0.015000,-0.001425,0.000000
285,4.563084,1000,0.075014,1,4,0.250000,0,1,-0.000292,0.000000,0.000457,-0.000564,0.000000,0.005000,-0.000037,0.000000
286,57.205800,1000,0.932717,5,6,0.833333,0,1,-0.000293,0.000000,0.034181,-0.000707,0.000000,0.025000,-0.000975,0.000000
287,-275.880038,1000,5.812293,2,8,0.250000,0,1,-0.000292,-0.254000,0.008238,-0.000226,0.000000,0.010000,-0.039600,0.000000
288,20.501181,1000,0.627160,4,7,0.571429,0,1,-0.000292,0.000000,0.000983,0.000222,0.000000,0.020000,-0.000412,0.000000
289,-4.912899,1000,0.383422,2,3,0.666667,0,1,-0.000293,-0.013500,0.000667,0.000238,0.000000,0.010000,-0.002025,0.000000
290,150.437637,477,62.389405,4,4,1.000000,1,1,-0.000293,0.000000,0.021458,0.001031,0.000000,0.041929,-0.000314,0.251572
291,-15.578548,1000,0.876259,1,6,0.166667,0,1,-0.000291,-0.067000,0.046517,0.000233,0.000000,0.005000,-0.000037,0.000000
292,10.695248,1000,0.100398,0,1,0.000000,0,0,-0.000294,-0.002250,0.013290,-0.000051,0.000000,0.000000,0.000000,0.000000
293,-18.829015,1000,0.788112,2,3,0.666667,0,1,-0.000293,-0.043250,0.014539,0.000475,0.000000,0.010000,-0.000300,0.000000
294,-3.814866,1000,0.097334,0,3,0.000000,0,0,-0.000294,-0.004500,0.000014,0.000966,0.000000,0.000000,0.000000,0.000000
295,-107.262835,1000,1.478129,0,1,0.000000,0,0,-0.000290,-0.119000,0.012368,-0.000341,0.000000,0.000000,0.000000,0.000000
296,19.607672,1000,0.918255,5,6,0.833333,0,1,-0.000294,-0.006750,0.002197,0.000279,0.000000,0.025000,-0.000825,0.000000
297,-237.249737,1000,6.471509,3,4,0.750000,0,1,-0.000294,-0.265000,0.021532,-0.000050,0.000000,0.015000,-0.008437,0.000000
298,124.786355,1,7823.895111,1,1,1.000000,1,1,-0.000329,-0.250000,0.015825,0.020859,0.000000,5.000000,0.000000,120.000000
299,164.641833,1000,2.354216,6,8,0.750000,0,1,-0.000294,0.000000,0.135055,0.001418,0.000000,0.030000,-0.001538,0.000000
300,115.766960,628,46.237512,1,1,1.000000,1,1,-0.000293,-0.013535,0.000333,-0.001207,0.000000,0.007962,0.000000,0.191083
301,68.474083,1000,1.130551,5,6,0.833333,0,1,-0.000292,0.000000,0.044676,-0.000423,0.000000,0.025000,-0.000487,0.000000
302,-45.741845,1000,1.912898,4,6,0.666667,0,1,-0.000292,-0.138000,0.071914,0.001086,0.000000,0.020000,-0.000450,0.000000
303,85.468127,1000,1.641633,6,8,0.750000,0,1,-0.000290,-0.019250,0.081794,0.001502,0.000000,0.030000,-0.008287,0.000000
304,-1.180371,1000,0.042681,0,1,0.000000,0,0,-0.000292,-0.001250,0.000461,-0.000100,0.000000,0.000000,0.000000,0.000000
305,155.932531,983,30.611980,4,4,1.000000,1,1,-0.000293,-0.005341,0.021541,0.000950,0.000000,0.020346,-0.000649,0.122075
306,62.838371,1000,1.200697,6,7,0.857143,0,1,-0.000293,0.000000,0.036260,0.002309,0.000000,0.030000,-0.005437,0.000000
307,-106.317373,1000,1.793615,0,6,0.000000,0,0,-0.000290,-0.106000,0.000288,-0.000315,0.000000,0.000000,0.000000,0.000000
308,124.322974,3,5778.785370,1,1,1.000000,1,1,-0.000323,-0.250000,0.029437,-0.004790,0.000000,1.666667,0.000000,40.000000
309,123.233406,802,36.043458,1,1,1.000000,1,1,-0.000293,-0.003429,0.001798,-0.000279,0.000000,0.006234,0.000000,0.149626
310,-17.437330,1000,0.783101,1,6,0.166667,0,1,-0.000290,-0.068250,0.046248,-0.000107,0.000000,0.005000,-0.000037,0.000000
311,-0.928632,1000,0.618799,2,3,0.666667,0,1,-0.000293,-0.009500,0.002756,0.000197,0.000000,0.010000,-0.004088,0.000000
312,68.711994,1000,1.095905,5,7,0.714286,0,1,-0.000294,-0.000750,0.046512,-0.000218,0.000000,0.025000,-0.001538,0.000000
313,61.932669,1000,3.827849,3,5,0.600000,0,1,-0.000291,-0.100750,0.146951,0.001585,0.000000,0.015000,-0.000562,0.000000
314,21.943315,1000,0.784436,4,6,0.666667,0,1,-0.000294,0.000000,0.003818,0.000219,0.000000,0.020000,-0.001800,0.000000
315,121.304441,618,47.373651,1,1,1.000000,1,1,-0.000294,-0.011731,0.006781,-0.000735,0.000000,0.008091,0.000000,0.194175
316,-3.203154,1000,0.223816,0,1,0.000000,0,0,-0.000290,-0.005250,0.003248,-0.000911,0.000000,0.000000,0.000000,0.000000
317,135.885895,548,53.364393,3,3,1.000000,1,1,-0.000291,0.000000,0.009650,0.001359,0.000000,0.027372,-0.009101,0.218978
318,18.781576,1000,0.913384,3,4,0.750000,0,1,-0.000294,-0.010750,0.015727,0.001312,0.000000,0.015000,-0.002213,0.000000
319,25.521773,1000,1.416910,6,7,0.857143,0,1,-0.000294,-0.012750,0.013130,0.000873,0.000000,0.030000,-0.005437,0.000000
320,-15.026300,1000,0.378004,0,4,0.000000,0,0,-0.000292,-0.016000,0.002201,-0.000935,0.000000,0.000000,0.000000,0.000000
321,144.959345,765,39.122962,4,4,1.000000,1,1,-0.000293,0.000000,0.005858,0.001800,0.000000,0.026144,-0.000882,0.156863
322,100.267096,1000,1.549152,1,6,0.166667,0,1,-0.000294,-0.019500,0.116176,-0.000402,0.000000,0.005000,-0.000712,0.000000
323,8.513051,1000,0.284858,2,6,0.333333,0,1,-0.000291,-0.002750,0.002961,-0.000769,0.000000,0.010000,-0.000637,0.000000
324,129.884537,469,61.812694,3,3,1.000000,1,1,-0.000293,-0.013859,0.003563,0.000482,0.000000,0.031983,-0.000800,0.255864
325,-49.833526,1000,1.892596,2,5,0.400000,0,1,-0.000292,-0.071000,0.012076,0.000096,0.000000,0.010000,-0.000712,0.000000
326,139.952879,710,41.592050,5,5,1.000000,1,1,-0.000294,-0.019014,0.012967,0.000817,0.000000,0.035211,-0.001585,0.169014
327,11.093701,1000,0.369710,0,6,0.000000,0,0,-0.000292,-0.018750,0.030340,-0.000204,0.000000,0.000000,0.000000,0.000000
328,130.247589,456,64.925133,3,3,1.000000,1,1,-0.000293,-0.013706,0.002528,0.001296,0.000000,0.032895,-0.000247,0.263158
329,-18.283891,1000,0.389485,0,1,0.000000,0,0,-0.000294,-0.017500,0.000133,-0.000623,0.000000,0.000000,0.000000,0.000000
330,158.628858,1000,3.223920,4,6,0.666667,0,1,-0.000294,-0.017250,0.158043,0.000155,0.000000,0.020000,-0.002025,0.000000
331,-35.924328,1000,1.173501,1,2,0.500000,0,1,-0.000292,-0.047250,0.006204,0.000452,0.000000,0.005000,-0.000037,0.000000
332,-3.553995,1000,0.470211,1,4,0.250000,0,1,-0.000290,-0.009250,0.001230,-0.000169,0.000000,0.005000,-0.000075,0.000000
333,-19.401519,1000,0.974687,3,4,0.750000,0,1,-0.000294,-0.036500,0.005022,0.000520,0.000000,0.015000,-0.003150,0.000000
334,16.330746,1000,0.715491,3,6,0.500000,0,1,-0.000292,-0.002750,0.004672,-0.000036,0.000000,0.015000,-0.000263,0.000000
335,39.196705,1000,0.607752,2,3,0.666667,0,1,-0.000292,0.000000,0.029968,-0.000291,0.000000,0.010000,-0.000188,0.000000
336,-8.137268,1000,0.083176,0,1,0.000000,0,0,-0.000290,-0.006750,0.000000,-0.001097,0.000000,0.000000,0.000000,0.000000
337,0.931834,1000,0.893430,2,3,0.666667,0,1,-0.000294,-0.011250,0.003267,-0.000715,0.000000,0.010000,-0.000075,0.000000
338,40.126392,1000,0.490710,2,8,0.250000,0,1,-0.000293,-0.004000,0.034284,0.000211,0.000000,0.010000,-0.000075,0.000000
339,3.731875,1000,0.421982,0,4,0.000000,0,0,-0.000289,-0.020250,0.024454,-0.000183,0.000000,0.000000,0.000000,0.000000
340,-24.181852,1000,0.666648,0,2,0.000000,0,0,-0.000289,-0.035750,0.011652,0.000205,0.000000,0.000000,0.000000,0.000000
341,42.009399,1000,0.924932,2,8,0.250000,0,1,-0.000289,-0.027000,0.059217,0.000270,0.000000,0.010000,-0.000188,0.000000
342,-218.435761,1000,5.429123,2,4,0.500000,0,1,-0.000294,-0.249250,0.029450,0.000133,0.000000,0.010000,-0.008475,0.000000
343,42.639612,1000,0.447113,2,4,0.500000,0,1,-0.000293,-0.001250,0.034538,-0.000093,0.000000,0.010000,-0.000263,0.000000
344,52.442302,1000,0.455638,0,6,0.000000,0,0,-0.000294,-0.002250,0.056230,-0.001243,0.000000,0.000000,0.000000,0.000000
345,49.825411,1000,0.845704,4,6,0.666667,0,1,-0.000294,-0.004250,0.035645,0.001575,0.000000,0.020000,-0.002850,0.000000
346,6.031578,1000,1.090357,4,5,0.800000,0,1,-0.000293,-0.003000,0.005350,-0.000014,0.000000,0.020000,-0.016012,0.000000
347,7.045020,1000,0.084438,0,3,0.000000,0,0,-0.000290,-0.003750,0.011119,-0.000035,0.000000,0.000000,0.000000,0.000000
348,35.283106,1000,0.338713,2,6,0.333333,0,1,-0.000293,-0.007000,0.040360,0.000316,0.000000,0.010000,-0.008100,0.000000
349,21.819430,1000,0.519993,2,6,0.333333,0,1,-0.000293,-0.014750,0.041523,-0.000036,0.000000,0.010000,-0.014625,0.000000
350,137.278439,898,35.401046,3,3,1.000000,1,1,-0.000295,0.000000,0.002561,0.000521,0.000000,0.016704,-0.000251,0.133630
351,-34.078654,1000,2.021055,2,6,0.333333,0,1,-0.000290,-0.088250,0.044404,0.000245,0.000000,0.010000,-0.000188,0.000000
352,34.624435,1000,0.637686,3,4,0.750000,0,1,-0.000295,-0.006000,0.027253,0.000579,0.000000,0.015000,-0.001913,0.000000
353,-6.559267,1000,0.384152,2,3,0.666667,0,1,-0.000294,-0.003750,0.000905,-0.000633,0.000000,0.010000,-0.012787,0.000000
354,33.776509,1000,1.539264,6,8,0.750000,0,1,-0.000294,-0.004750,0.011836,0.000135,0.000000,0.030000,-0.003150,0.000000
355,20.259005,1000,0.238765,0,1,0.000000,0,0,-0.000291,-0.015000,0.035715,-0.000165,0.000000,0.000000,0.000000,0.000000
356,156.407124,471,63.631951,5,5,1.000000,1,1,-0.000294,-0.004777,0.042946,0.002348,0.000000,0.053079,-0.016003,0.254777
357,-171.038117,1000,4.136412,0,6,0.000000,0,0,-0.000291,-0.179000,0.008245,0.000008,0.000000,0.000000,0.000000,0.000000
358,41.794169,1000,0.832569,2,7,0.285714,0,1,-0.000295,-0.009750,0.045868,0.000284,0.000000,0.010000,-0.004313,0.000000
359,31.594712,1000,1.154510,3,5,0.600000,0,1,-0.000290,-0.042250,0.060640,-0.000756,0.000000,0.015000,-0.000750,0.000000
360,156.495171,150,203.287355,7,7,1.000000,1,1,-0.000294,0.000000,0.010639,0.005623,0.000000,0.233333,-0.006000,0.800000
361,141.866307,427,68.512400,4,4,1.000000,1,1,-0.000295,-0.006440,0.012085,0.000689,0.000000,0.046838,-0.001669,0.281030
362,-26.334594,1000,1.396040,2,5,0.400000,0,1,-0.000290,-0.003250,0.003458,-0.000740,0.000000,0.010000,-0.035513,0.000000
363,37.994610,1000,0.604691,0,8,0.000000,0,0,-0.000294,-0.007500,0.046823,-0.001034,0.000000,0.000000,0.000000,0.000000
364,5.698701,1000,0.458213,1,5,0.200000,0,1,-0.000291,-0.003750,0.008960,-0.000321,0.000000,0.005000,-0.003900,0.000000
365,15.259013,1000,0.407070,3,5,0.600000,0,1,-0.000290,0.000000,0.001624,-0.000249,0.000000,0.015000,-0.000825,0.000000
366,-13.946653,1000,0.773547,2,4,0.500000,0,1,-0.000293,-0.031000,0.007096,0.000364,0.000000,0.010000,-0.000112,0.000000
367,-3.263952,1000,0.049564,0,1,0.000000,0,0,-0.000290,-0.001750,0.000000,-0.001224,0.000000,0.000000,0.000000,0.000000
368,-3.257190,1000,0.260339,1,3,0.333333,0,1,-0.000294,-0.008250,0.000809,-0.000447,0.000000,0.005000,-0.000075,0.000000
369,183.243540,940,32.973585,6,6,1.000000,1,1,-0.000294,0.000000,0.036821,0.000913,0.000000,0.031915,-0.002074,0.127660
370,28.179463,1000,1.136651,5,6,0.833333,0,1,-0.000293,0.000000,0.005583,-0.000310,0.000000,0.025000,-0.001800,0.000000
371,48.613620,1000,1.313133,5,8,0.625000,0,1,-0.000290,-0.005250,0.031470,0.001396,0.000000,0.025000,-0.003713,0.000000
372,-241.456936,1000,6.424111,0,2,0.000000,0,0,-0.000290,-0.240500,0.000321,-0.000989,0.000000,0.000000,0.000000,0.000000
373,13.079776,1000,0.524489,3,5,0.600000,0,1,-0.000292,-0.002500,0.002360,-0.000214,0.000000,0.015000,-0.001275,0.000000
374,-6.451049,1000,0.086808,0,2,0.000000,0,0,-0.000290,-0.005500,0.000993,-0.001654,0.000000,0.000000,0.000000,0.000000
375,124.437030,11,2533.614456,1,1,1.000000,1,1,-0.000302,-0.068182,0.000000,0.017305,0.000000,0.454545,0.000000,10.909091
376,-241.003863,1000,5.934904,0,6,0.000000,0,0,-0.000290,-0.242500,0.002358,-0.000572,0.000000,0.000000,0.000000,0.000000
377,40.809242,1000,0.812810,3,7,0.428571,0,1,-0.000291,-0.001000,0.027319,0.000118,0.000000,0.015000,-0.000337,0.000000
378,124.937076,9,2965.845291,1,1,1.000000,1,1,-0.000303,-0.027778,0.005150,0.015939,0.000000,0.555556,0.000000,13.333333
379,-18.254266,1000,1.199485,1,6,0.166667,0,1,-0.000293,-0.043000,0.020323,-0.000209,0.000000,0.005000,-0.000075,0.000000
380,-16.535374,1000,0.869048,1,2,0.500000,0,1,-0.000294,-0.040000,0.018500,0.000333,0.000000,0.005000,-0.000075,0.000000
381,-5.189005,1000,0.160279,0,1,0.000000,0,0,-0.000290,-0.003500,0.000174,-0.001573,0.000000,0.000000,0.000000,0.000000
382,-48.846591,1000,2.318512,1,8,0.125000,0,1,-0.000290,-0.112750,0.059822,-0.000403,0.000000,0.005000,-0.000225,0.000000
383,-1.535717,1000,0.081972,0,1,0.000000,0,0,-0.000291,-0.000750,0.000009,-0.000504,0.000000,0.000000,0.000000,0.000000
384,43.536469,1000,0.525931,2,6,0.333333,0,1,-0.000290,-0.003750,0.038734,0.000793,0.000000,0.010000,-0.001950,0.000000
385,-0.459790,1000,0.056935,0,1,0.000000,0,0,-0.000290,-0.001750,0.002573,-0.000993,0.000000,0.000000,0.000000,0.000000
386,24.731480,1000,0.687707,1,8,0.125000,0,1,-0.000290,-0.028500,0.049303,-0.000744,0.000000,0.005000,-0.000037,0.000000
387,6.840792,1000,0.037360,0,1,0.000000,0,0,-0.000290,0.000000,0.006829,0.000301,0.000000,0.000000,0.000000,0.000000
388,1.944742,1000,0.265996,2,4,0.500000,0,1,-0.000290,-0.007500,0.000537,-0.000690,0.000000,0.010000,-0.000112,0.000000
389,-2.611686,1000,0.042667,0,1,0.000000,0,0,-0.000290,-0.003250,0.002084,-0.001156,0.000000,0.000000,0.000000,0.000000
390,26.021868,1000,0.260240,1,2,0.500000,0,1,-0.000290,-0.001500,0.023669,-0.000745,0.000000,0.005000,-0.000112,0.000000
391,7.626735,1000,0.036807,0,2,0.000000,0,0,-0.000289,-0.004000,0.012706,-0.000790,0.000000,0.000000,0.000000,0.000000
392,-52.894292,1000,0.343587,1,4,0.250000,0,1,-0.000290,-0.012000,0.002794,-0.001411,0.000000,0.005000,-0.046988,0.000000
393,48.788629,1000,1.081585,2,6,0.333333,0,1,-0.000289,-0.002750,0.065464,-0.000461,0.000000,0.010000,-0.023175,0.000000
394,63.215334,1000,0.522432,1,5,0.200000,0,1,-0.000290,0.000000,0.064890,0.000928,0.000000,0.005000,-0.007312,0.000000
395,-1.293432,1000,0.068762,0,1,0.000000,0,0,-0.000290,-0.003000,0.002179,-0.000183,0.000000,0.000000,0.000000,0.000000
396,-237.990514,1000,4.829292,1,5,0.200000,0,1,-0.000290,-0.251750,0.009475,-0.000351,0.000000,0.005000,-0.000075,0.000000
397,-185.353396,1000,4.573630,3,7,0.428571,0,1,-0.000290,-0.250000,0.054064,0.000260,0.000000,0.015000,-0.004388,0.000000
398,17.786755,1000,0.308408,1,3,0.333333,0,1,-0.000290,0.000000,0.013145,-0.000030,0.000000,0.005000,-0.000037,0.000000
399,58.327109,1000,0.530697,2,6,0.333333,0,1,-0.000289,-0.003750,0.052432,0.000010,0.000000,0.010000,-0.000075,0.000000
400,-8.713539,1000,0.154297,0,4,0.000000,0,0,-0.000290,-0.008000,0.000191,-0.000615,0.000000,0.000000,0.000000,0.000000
401,19.654293,1000,0.237806,1,3,0.333333,0,1,-0.000290,-0.001000,0.017654,-0.001673,0.000000,0.005000,-0.000037,0.000000
402,35.971784,1000,0.786268,2,6,0.333333,0,1,-0.000289,-0.002750,0.065526,-0.000814,0.000000,0.010000,-0.035700,0.000000
403,86.513723,1000,1.223861,4,8,0.500000,0,1,-0.000290,0.000000,0.071160,0.000256,0.000000,0.020000,-0.004613,0.000000
404,18.542857,1000,1.232883,4,8,0.500000,0,1,-0.000289,-0.005000,0.003009,0.001124,0.000000,0.020000,-0.000300,0.000000
405,12.717598,1000,0.458349,2,5,0.400000,0,1,-0.000290,-0.001500,0.005234,-0.000614,0.000000,0.010000,-0.000112,0.000000
406,17.403026,1000,0.062878,0,5,0.000000,0,0,-0.000289,-0.001500,0.019542,-0.000350,0.000000,0.000000,0.000000,0.000000
407,21.819185,1000,0.138817,1,4,0.250000,0,1,-0.000289,-0.005000,0.023057,-0.000836,0.000000,0.005000,-0.000112,0.000000
408,70.509345,1000,0.740758,2,6,0.333333,0,1,-0.000290,-0.003000,0.064129,-0.000255,0.000000,0.010000,-0.000075,0.000000
409,43.724571,1000,0.119471,0,8,0.000000,0,0,-0.000290,-0.003500,0.048605,-0.001091,0.000000,0.000000,0.000000,0.000000
410,16.772051,1000,0.563151,3,5,0.600000,0,1,-0.000290,0.000000,0.002036,0.000363,0.000000,0.015000,-0.000337,0.000000
411,113.471327,1000,1.070577,0,8,0.000000,0,0,-0.000290,0.000000,0.114320,-0.000559,0.000000,0.000000,0.000000,0.000000
412,1.752132,1000,0.202688,1,3,0.333333,0,1,-0.000290,-0.002000,0.000406,-0.000727,0.000000,0.005000,-0.000637,0.000000
413,-275.962839,1000,7.585515,1,6,0.166667,0,1,-0.000289,-0.246250,0.003357,-0.001143,0.000000,0.005000,-0.036638,0.000000
414,125.336076,4,5186.906647,1,1,1.000000,1,1,-0.000320,0.000000,0.044535,0.039805,0.000000,1.250000,0.000000,30.000000
415,39.733912,1000,0.123297,0,7,0.000000,0,0,-0.000290,0.000000,0.040101,-0.000078,0.000000,0.000000,0.000000,0.000000
416,-10.121746,1000,0.782677,2,4,0.500000,0,1,-0.000290,-0.001500,0.017338,0.001117,0.000000,0.010000,-0.036788,0.000000
417,-232.805949,1000,4.384326,0,1,0.000000,0,0,-0.000289,-0.252000,0.020954,-0.001471,0.000000,0.000000,0.000000,0.000000
418,10.602281,1000,0.706306,3,7,0.428571,0,1,-0.000290,0.000000,0.031135,0.000607,0.000000,0.015000,-0.035850,0.000000
419,44.678186,1000,0.218015,1,7,0.142857,0,1,-0.000290,0.000000,0.040408,-0.000365,0.000000,0.005000,-0.000075,0.000000
420,25.245947,1000,0.147503,0,6,0.000000,0,0,-0.000290,0.000000,0.026085,-0.000549,0.000000,0.000000,0.000000,0.000000
421,28.801601,1000,0.883257,3,6,0.500000,0,1,-0.000290,-0.013250,0.027664,-0.000135,0.000000,0.015000,-0.000188,0.000000
422,9.091423,1000,1.587266,4,6,0.666667,0,1,-0.000290,-0.012000,0.000895,0.000711,0.000000,0.020000,-0.000225,0.000000
423,17.947798,1000,0.377692,3,5,0.600000,0,1,-0.000290,0.000000,0.004714,-0.001176,0.000000,0.015000,-0.000300,0.000000
424,-6.475995,1000,0.415851,1,6,0.166667,0,1,-0.000290,-0.010750,0.000665,-0.001064,0.000000,0.005000,-0.000037,0.000000
425,-19.919226,1000,0.428680,0,2,0.000000,0,0,-0.000290,-0.020000,0.001785,-0.001414,0.000000,0.000000,0.000000,0.000000
426,122.598030,15,1857.173241,1,1,1.000000,1,1,-0.000297,-0.133333,0.014143,-0.040645,0.000000,0.333333,0.000000,8.000000
427,16.264472,1000,0.505182,2,5,0.400000,0,1,-0.000290,-0.002500,0.021087,-0.000746,0.000000,0.010000,-0.011287,0.000000
428,-3.974157,1000,0.113307,0,1,0.000000,0,0,-0.000290,-0.002500,0.000000,-0.001184,0.000000,0.000000,0.000000,0.000000
429,28.412868,1000,0.240933,1,8,0.125000,0,1,-0.000290,0.000000,0.024499,-0.000684,0.000000,0.005000,-0.000112,0.000000
430,-238.291987,1000,3.610376,1,8,0.125000,0,1,-0.000289,-0.256250,0.012831,0.000453,0.000000,0.005000,-0.000037,0.000000
431,96.548942,1000,0.791663,1,7,0.142857,0,1,-0.000290,0.000000,0.092526,-0.000612,0.000000,0.005000,-0.000075,0.000000
432,25.167486,1000,2.037436,4,8,0.500000,0,1,-0.000290,-0.058000,0.068177,0.000268,0.000000,0.020000,-0.004987,0.000000
433,-1.677629,1000,0.108030,0,1,0.000000,0,0,-0.000289,-0.002750,0.000802,0.000560,0.000000,0.000000,0.000000,0.000000
434,25.141706,1000,0.584335,2,5,0.400000,0,1,-0.000290,-0.002750,0.017416,0.001028,0.000000,0.010000,-0.000263,0.000000
435,25.043790,1000,0.099553,0,6,0.000000,0,0,-0.000290,-0.001750,0.027231,-0.000148,0.000000,0.000000,0.000000,0.000000
436,1.812258,1000,0.148555,1,8,0.125000,0,1,-0.000290,-0.002250,0.000516,-0.001089,0.000000,0.005000,-0.000075,0.000000
437,-96.839908,1000,2.125327,0,6,0.000000,0,0,-0.000290,-0.097250,0.000792,-0.000092,0.000000,0.000000,0.000000,0.000000
438,-0.398571,1000,0.016436,0,2,0.000000,0,0,-0.000290,0.000000,0.000329,-0.000438,0.000000,0.000000,0.000000,0.000000
439,37.959534,1000,0.442695,2,5,0.400000,0,1,-0.000290,-0.002250,0.031007,-0.000396,0.000000,0.010000,-0.000112,0.000000
440,-240.618588,1000,5.911673,1,8,0.125000,0,1,-0.000289,-0.247250,0.002303,-0.000307,0.000000,0.005000,-0.000075,0.000000
441,-2.787694,1000,0.059883,0,1,0.000000,0,0,-0.000290,-0.001750,0.000001,-0.000749,0.000000,0.000000,0.000000,0.000000
442,-1.426496,1000,0.045310,0,1,0.000000,0,0,-0.000290,0.000000,0.000068,-0.001205,0.000000,0.000000,0.000000,0.000000
443,51.321939,1000,1.123057,4,8,0.500000,0,1,-0.000290,-0.005750,0.037062,0.000525,0.000000,0.020000,-0.000225,0.000000
444,-17.452156,1000,0.409265,3,5,0.600000,0,1,-0.000290,0.000000,0.005648,-0.000235,0.000000,0.015000,-0.037575,0.000000
445,-92.864135,1000,2.493518,1,6,0.166667,0,1,-0.000290,-0.098250,0.000957,-0.000244,0.000000,0.005000,-0.000037,0.000000
446,-418.034092,1000,8.071478,2,3,0.666667,0,1,-0.000289,-0.426250,0.000170,-0.000502,0.000000,0.010000,-0.001163,0.000000
447,37.508798,1000,0.237801,0,5,0.000000,0,0,-0.000290,-0.003500,0.041938,-0.000640,0.000000,0.000000,0.000000,0.000000
448,-5.921378,1000,0.145883,0,5,0.000000,0,0,-0.000290,-0.005250,0.000566,-0.000948,0.000000,0.000000,0.000000,0.000000
449,28.411600,1000,0.131770,0,5,0.000000,0,0,-0.000290,-0.003500,0.032949,-0.000748,0.000000,0.000000,0.000000,0.000000
450,-0.190665,1000,0.400018,2,3,0.666667,0,1,-0.000290,-0.001500,0.002170,-0.000071,0.000000,0.010000,-0.010500,0.000000
451,19.496580,1000,0.373982,2,4,0.500000,0,1,-0.000290,0.000000,0.009623,0.000276,0.000000,0.010000,-0.000112,0.000000
452,-88.453169,1000,2.256080,1,4,0.250000,0,1,-0.000290,-0.101500,0.008767,-0.000393,0.000000,0.005000,-0.000037,0.000000
453,-27.139454,1000,0.943685,0,2,0.000000,0,0,-0.000290,-0.042000,0.015013,0.000138,0.000000,0.000000,0.000000,0.000000
454,-174.364666,1000,4.094775,2,6,0.333333,0,1,-0.000290,-0.184250,0.000827,-0.000539,0.000000,0.010000,-0.000112,0.000000
455,33.897180,1000,0.603399,2,8,0.250000,0,1,-0.000291,0.000000,0.026556,-0.000231,0.000000,0.010000,-0.002138,0.000000
456,-27.130276,1000,0.668136,1,3,0.333333,0,1,-0.000291,-0.036250,0.004693,-0.000208,0.000000,0.005000,-0.000075,0.000000
457,15.494111,1000,0.902404,3,8,0.375000,0,1,-0.000291,0.000000,0.001705,-0.000770,0.000000,0.015000,-0.000150,0.000000
458,40.031524,1000,0.597230,3,8,0.375000,0,1,-0.000290,-0.003250,0.029456,-0.000735,0.000000,0.015000,-0.000150,0.000000
459,51.662594,1000,0.252482,0,7,0.000000,0,0,-0.000293,0.000000,0.051893,0.000063,0.000000,0.000000,0.000000,0.000000
460,53.448794,1000,0.320166,1,6,0.166667,0,1,-0.000292,0.000000,0.048856,-0.000077,0.000000,0.005000,-0.000037,0.000000
461,125.567709,1000,1.579423,1,6,0.166667,0,1,-0.000290,-0.003000,0.123937,-0.000042,0.000000,0.005000,-0.000037,0.000000
462,-20.215015,1000,3.902583,6,8,0.750000,0,1,-0.000290,-0.105500,0.059188,0.000399,0.000000,0.030000,-0.004013,0.000000
463,-222.655582,1000,5.896609,5,8,0.625000,0,1,-0.000290,-0.256250,0.046014,0.000445,0.000000,0.025000,-0.037575,0.000000
464,-1.793032,1000,0.522928,0,1,0.000000,0,0,-0.000290,-0.000750,0.000155,-0.000908,0.000000,0.000000,0.000000,0.000000
465,-50.814061,1000,1.594083,1,6,0.166667,0,1,-0.000289,-0.070750,0.015062,0.000201,0.000000,0.005000,-0.000037,0.000000
466,-1.437191,1000,0.096609,0,1,0.000000,0,0,-0.000291,-0.000750,0.000228,-0.000624,0.000000,0.000000,0.000000,0.000000
467,58.765801,1000,0.557415,1,5,0.200000,0,1,-0.000291,-0.000500,0.060161,0.000095,0.000000,0.005000,-0.005700,0.000000
468,-1.309180,1000,0.100009,0,1,0.000000,0,0,-0.000290,-0.005000,0.004217,-0.000237,0.000000,0.000000,0.000000,0.000000
469,12.516291,1000,0.270148,2,5,0.400000,0,1,-0.000291,0.000000,0.006227,-0.000795,0.000000,0.010000,-0.002625,0.000000
470,45.234301,1000,0.329746,1,4,0.250000,0,1,-0.000292,-0.001000,0.041927,-0.000364,0.000000,0.005000,-0.000037,0.000000
471,-35.925113,1000,1.571068,2,6,0.333333,0,1,-0.000290,-0.059250,0.013469,0.000259,0.000000,0.010000,-0.000112,0.000000
472,-229.405149,1000,6.119846,1,4,0.250000,0,1,-0.000290,-0.260250,0.026750,-0.000541,0.000000,0.005000,-0.000075,0.000000
473,18.267534,1000,0.082717,0,4,0.000000,0,0,-0.000291,0.000000,0.019128,-0.000570,0.000000,0.000000,0.000000,0.000000
474,56.698532,1000,0.425568,2,6,0.333333,0,1,-0.000290,0.000000,0.049886,0.000365,0.000000,0.010000,-0.003263,0.000000
475,26.408747,1000,0.420184,2,6,0.333333,0,1,-0.000291,-0.001000,0.023556,-0.000344,0.000000,0.010000,-0.005512,0.000000
476,-93.906692,1000,2.707996,3,7,0.428571,0,1,-0.000290,-0.126250,0.018263,-0.000517,0.000000,0.015000,-0.000112,0.000000
477,-250.306406,1000,6.087803,0,5,0.000000,0,0,-0.000290,-0.253250,0.003912,-0.000678,0.000000,0.000000,0.000000,0.000000
478,-52.886967,1000,0.744086,0,4,0.000000,0,0,-0.000290,-0.060250,0.007781,-0.000128,0.000000,0.000000,0.000000,0.000000
479,188.208616,1000,3.213713,0,5,0.000000,0,0,-0.000290,-0.022500,0.210973,0.000025,0.000000,0.000000,0.000000,0.000000
480,-72.513493,1000,1.732304,1,6,0.166667,0,1,-0.000290,-0.081250,0.004588,-0.000524,0.000000,0.005000,-0.000037,0.000000
481,72.176942,1000,0.589608,2,4,0.500000,0,1,-0.000291,0.000000,0.061998,0.000545,0.000000,0.010000,-0.000075,0.000000
482,18.309516,1000,0.393171,1,7,0.142857,0,1,-0.000290,-0.012500,0.026953,0.000009,0.000000,0.005000,-0.000862,0.000000
483,14.063472,1000,0.223781,1,4,0.250000,0,1,-0.000291,0.000000,0.008955,0.000437,0.000000,0.005000,-0.000037,0.000000
484,-231.551596,1000,6.190526,4,8,0.500000,0,1,-0.000290,-0.244000,0.015052,0.000561,0.000000,0.020000,-0.022875,0.000000
485,125.012452,17,1688.818077,1,1,1.000000,1,1,-0.000298,0.000000,0.008920,-0.007889,0.000000,0.294118,0.000000,7.058824
486,32.936660,1000,0.723969,3,7,0.428571,0,1,-0.000290,0.000000,0.018224,0.000265,0.000000,0.015000,-0.000263,0.000000
487,-80.097360,1000,2.121185,1,3,0.333333,0,1,-0.000290,-0.107500,0.037760,0.000233,0.000000,0.005000,-0.015300,0.000000
488,132.174932,1000,1.433032,2,3,0.666667,0,1,-0.000290,0.000000,0.123990,-0.001300,0.000000,0.010000,-0.000225,0.000000
489,31.963460,1000,0.305656,1,3,0.333333,0,1,-0.000290,-0.000250,0.028355,-0.000702,0.000000,0.005000,-0.000150,0.000000
490,-18.933991,1000,1.417942,4,6,0.666667,0,1,-0.000290,-0.037500,0.009094,0.000375,0.000000,0.020000,-0.010612,0.000000
491,7.572717,1000,0.111980,0,3,0.000000,0,0,-0.000290,0.000000,0.007855,0.000008,0.000000,0.000000,0.000000,0.000000
492,41.889757,1000,0.214212,1,4,0.250000,0,1,-0.000290,0.000000,0.037012,0.000168,0.000000,0.005000,0.000000,0.000000
493,77.066162,1000,0.979914,1,5,0.200000,0,1,-0.000292,-0.060500,0.133361,-0.000428,0.000000,0.005000,-0.000075,0.000000
494,42.078787,1000,0.322738,0,7,0.000000,0,0,-0.000290,0.000000,0.042410,-0.000040,0.000000,0.000000,0.000000,0.000000
495,34.132540,1000,0.545556,3,6,0.500000,0,1,-0.000291,-0.000500,0.024886,-0.000462,0.000000,0.015000,-0.004500,0.000000
496,-1.573479,1000,0.322679,1,3,0.333333,0,1,-0.000290,0.000000,0.007556,-0.000827,0.000000,0.005000,-0.013012,0.000000
497,6.951408,1000,0.301812,1,3,0.333333,0,1,-0.000290,-0.002250,0.005464,-0.000598,0.000000,0.005000,-0.000375,0.000000
498,-29.850221,1000,0.577520,2,5,0.400000,0,1,-0.000290,-0.007500,0.004475,0.000590,0.000000,0.010000,-0.037125,0.000000
499,-34.479755,1000,1.298960,1,2,0.500000,0,1,-0.000291,-0.078500,0.040398,-0.001050,0.000000,0.005000,-0.000037,0.000000
500,43.743731,1000,0.437783,1,7,0.142857,0,1,-0.000290,0.000000,0.039798,-0.000726,0.000000,0.005000,-0.000037,0.000000
501,5.097015,1000,0.222887,1,6,0.166667,0,1,-0.000290,0.000000,0.000481,-0.000056,0.000000,0.005000,-0.000037,0.000000
502,99.291338,1000,1.700993,2,6,0.333333,0,1,-0.000291,-0.022750,0.112962,-0.000292,0.000000,0.010000,-0.000337,0.000000
503,16.429148,1000,1.095268,3,8,0.375000,0,1,-0.000291,-0.007500,0.022132,-0.000012,0.000000,0.015000,-0.012900,0.000000
504,-22.849266,1000,0.265300,0,1,0.000000,0,0,-0.000291,-0.029500,0.007502,-0.000561,0.000000,0.000000,0.000000,0.000000
505,-1.569439,1000,0.181212,0,2,0.000000,0,0,-0.000294,-0.009250,0.008503,-0.000529,0.000000,0.000000,0.000000,0.000000
506,127.693234,31,929.658615,3,3,1.000000,1,1,-0.000294,-0.241935,0.024118,-0.011542,0.000000,0.483871,-0.006048,3.870968
507,14.665308,1000,0.435172,3,7,0.428571,0,1,-0.000291,0.000000,0.001229,-0.000935,0.000000,0.015000,-0.000338,0.000000
508,-10.246986,1000,0.301640,0,1,0.000000,0,0,-0.000291,-0.026500,0.016843,-0.000299,0.000000,0.000000,0.000000,0.000000
509,-40.778863,1000,0.932840,2,8,0.250000,0,1,-0.000292,-0.057000,0.007925,0.000388,0.000000,0.010000,-0.001800,0.000000
510,0.806783,1000,0.551504,2,3,0.666667,0,1,-0.000291,-0.000750,0.000417,-0.000207,0.000000,0.010000,-0.008362,0.000000
511,19.239953,1000,0.094278,0,6,0.000000,0,0,-0.000290,-0.001500,0.021559,-0.000529,0.000000,0.000000,0.000000,0.000000
512,46.090894,1000,0.134696,0,7,0.000000,0,0,-0.000291,0.000000,0.046280,0.000102,0.000000,0.000000,0.000000,0.000000
513,6.908565,1000,0.450419,1,2,0.500000,0,1,-0.000291,-0.018500,0.021428,-0.000654,0.000000,0.005000,-0.000075,0.000000
514,8.331182,1000,0.186728,1,4,0.250000,0,1,-0.000290,-0.002000,0.017207,-0.000298,0.000000,0.005000,-0.011287,0.000000
515,121.604765,336,86.613876,1,1,1.000000,1,1,-0.000290,-0.006696,0.000049,-0.003167,0.000000,0.014881,0.000000,0.357143
516,5.467394,1000,0.249621,1,3,0.333333,0,1,-0.000291,-0.004500,0.005590,-0.000107,0.000000,0.005000,-0.000225,0.000000
517,25.257400,1000,0.122999,0,5,0.000000,0,0,-0.000290,0.000000,0.025424,0.000124,0.000000,0.000000,0.000000,0.000000
518,47.624540,1000,0.141825,0,6,0.000000,0,0,-0.000290,-0.001250,0.049601,-0.000436,0.000000,0.000000,0.000000,0.000000
519,55.874902,1000,0.608591,3,7,0.428571,0,1,-0.000290,-0.000250,0.044513,-0.000360,0.000000,0.015000,-0.002738,0.000000
520,48.555064,1000,0.677295,2,3,0.666667,0,1,-0.000290,-0.008750,0.062333,0.000900,0.000000,0.010000,-0.015637,0.000000
521,-198.466394,1000,7.612006,3,7,0.428571,0,1,-0.000291,-0.232250,0.054370,0.000630,0.000000,0.015000,-0.035925,0.000000
522,11.097026,1000,0.276713,1,6,0.166667,0,1,-0.000291,-0.008750,0.015775,-0.000600,0.000000,0.005000,-0.000037,0.000000
523,19.983088,1000,0.559023,4,8,0.500000,0,1,-0.000290,0.000000,0.000606,-0.000145,0.000000,0.020000,-0.000188,0.000000
524,-23.060805,1000,0.559549,2,5,0.400000,0,1,-0.000291,-0.028000,0.008168,-0.000600,0.000000,0.010000,-0.012337,0.000000
525,27.540727,1000,0.437026,2,8,0.250000,0,1,-0.000290,-0.003750,0.033998,-0.000679,0.000000,0.010000,-0.011737,0.000000
526,1.189959,1000,0.033646,0,2,0.000000,0,0,-0.000290,-0.003500,0.005841,-0.000860,0.000000,0.000000,0.000000,0.000000
527,33.064009,1000,1.109294,2,8,0.250000,0,1,-0.000290,-0.033250,0.056639,0.000152,0.000000,0.010000,-0.000188,0.000000
528,59.886399,1000,0.286522,2,7,0.285714,0,1,-0.000291,0.000000,0.050543,-0.000178,0.000000,0.010000,-0.000188,0.000000
529,16.628083,1000,0.472800,2,5,0.400000,0,1,-0.000291,-0.000750,0.020537,-0.000156,0.000000,0.010000,-0.012712,0.000000
530,-86.194736,1000,1.671468,0,6,0.000000,0,0,-0.000290,-0.097500,0.012140,-0.000544,0.000000,0.000000,0.000000,0.000000
531,-89.493705,1000,1.660778,1,2,0.500000,0,1,-0.000290,-0.094500,0.015824,-0.001052,0.000000,0.005000,-0.014475,0.000000
532,43.142284,1000,1.055040,3,7,0.428571,0,1,-0.000290,-0.000750,0.047759,0.000399,0.000000,0.015000,-0.018975,0.000000
533,-265.525795,1000,4.737497,1,3,0.333333,0,1,-0.000290,-0.291000,0.021101,-0.000299,0.000000,0.005000,-0.000037,0.000000
534,10.496895,1000,1.090100,4,8,0.500000,0,1,-0.000290,-0.042250,0.037839,-0.000040,0.000000,0.020000,-0.004762,0.000000
535,-434.211871,1000,8.908357,2,8,0.250000,0,1,-0.000290,-0.485000,0.041295,-0.000104,0.000000,0.010000,-0.000112,0.000000
536,23.854164,1000,0.296683,1,4,0.250000,0,1,-0.000291,0.000000,0.020074,-0.000854,0.000000,0.005000,-0.000075,0.000000
537,57.052965,1000,0.533780,1,7,0.142857,0,1,-0.000290,-0.001500,0.053671,0.000285,0.000000,0.005000,-0.000112,0.000000
538,63.755459,1000,0.645932,2,7,0.285714,0,1,-0.000291,0.000000,0.054276,-0.000080,0.000000,0.010000,-0.000150,0.000000
539,129.903567,8,3304.729584,2,2,1.000000,1,1,-0.000304,-0.125000,0.102615,0.034073,0.000000,1.250000,-0.023438,15.000000
540,10.804799,1000,1.028152,3,8,0.375000,0,1,-0.000290,-0.006500,0.002943,-0.000235,0.000000,0.015000,-0.000112,0.000000
541,5.194809,1000,0.433920,1,7,0.142857,0,1,-0.000291,-0.000750,0.001308,0.000002,0.000000,0.005000,-0.000075,0.000000
542,81.385978,1000,0.531489,0,2,0.000000,0,0,-0.000290,-0.017000,0.099403,-0.000728,0.000000,0.000000,0.000000,0.000000
543,0.344656,1000,0.107654,0,1,0.000000,0,0,-0.000290,-0.002000,0.003265,-0.000631,0.000000,0.000000,0.000000,0.000000
544,-19.239893,1000,0.502100,1,5,0.200000,0,1,-0.000291,0.000000,0.011510,0.000803,0.000000,0.005000,-0.036263,0.000000
545,-221.627378,1000,5.036446,2,4,0.500000,0,1,-0.000291,-0.248500,0.019156,0.000183,0.000000,0.010000,-0.002175,0.000000
546,-2.952176,1000,0.030050,0,7,0.000000,0,0,-0.000291,-0.001750,0.000009,-0.000920,0.000000,0.000000,0.000000,0.000000
547,40.347274,1000,0.606767,2,8,0.250000,0,1,-0.000290,-0.000500,0.031809,-0.000035,0.000000,0.010000,-0.000637,0.000000
548,40.696648,1000,0.478553,2,8,0.250000,0,1,-0.000290,0.000000,0.032015,-0.000278,0.000000,0.010000,-0.000750,0.000000
549,-2.228894,1000,0.265541,1,6,0.166667,0,1,-0.000290,-0.007000,0.001158,-0.000985,0.000000,0.005000,-0.000112,0.000000
550,38.473787,1000,0.302718,1,2,0.500000,0,1,-0.000290,-0.008750,0.042795,-0.000132,0.000000,0.005000,-0.000150,0.000000
551,35.688669,1000,0.655943,2,3,0.666667,0,1,-0.000290,-0.010250,0.036719,-0.000378,0.000000,0.010000,-0.000112,0.000000
552,95.008083,1000,1.283564,0,6,0.000000,0,0,-0.000290,-0.004250,0.101294,-0.001746,0.000000,0.000000,0.000000,0.000000
553,-275.021880,1000,5.670029,1,6,0.166667,0,1,-0.000291,-0.246000,0.003253,-0.000421,0.000000,0.005000,-0.036563,0.000000
554,13.841402,1000,0.054755,0,6,0.000000,0,0,-0.000290,-0.001250,0.015729,-0.000347,0.000000,0.000000,0.000000,0.000000
555,118.538317,1000,1.237071,2,8,0.250000,0,1,-0.000290,0.000000,0.108684,0.000295,0.000000,0.010000,-0.000150,0.000000
556,5.623249,1000,0.176035,1,6,0.166667,0,1,-0.000290,-0.002250,0.003011,0.000190,0.000000,0.005000,-0.000037,0.000000
557,-249.552326,1000,6.231401,0,2,0.000000,0,0,-0.000290,-0.249000,0.000400,-0.000663,0.000000,0.000000,0.000000,0.000000
558,-202.017315,1000,5.043941,1,6,0.166667,0,1,-0.000290,-0.217250,0.011040,-0.000405,0.000000,0.005000,-0.000112,0.000000
559,135.007753,11,2767.146530,3,3,1.000000,1,1,-0.000300,-0.045455,0.014272,0.056051,0.000000,1.363636,-0.023864,10.909091
560,4.765444,1000,0.550204,3,7,0.428571,0,1,-0.000290,-0.000500,0.006740,-0.000322,0.000000,0.015000,-0.015862,0.000000
561,-690.084216,1000,13.616137,2,8,0.250000,0,1,-0.000290,-0.738750,0.039469,-0.000326,0.000000,0.010000,-0.000188,0.000000
562,61.712894,1000,0.518049,2,5,0.400000,0,1,-0.000290,-0.014250,0.066836,-0.000320,0.000000,0.010000,-0.000263,0.000000
563,-10.653402,1000,0.509006,2,5,0.400000,0,1,-0.000290,-0.001500,0.018768,-0.000281,0.000000,0.010000,-0.037350,0.000000
564,123.026186,269,108.515122,1,1,1.000000,1,1,-0.000291,-0.005576,0.000198,-0.001668,0.000000,0.018587,0.000000,0.446097
565,22.393749,1000,0.935210,4,6,0.666667,0,1,-0.000290,0.000000,0.003303,-0.000319,0.000000,0.020000,-0.000300,0.000000
566,2.748010,1000,0.326839,1,3,0.333333,0,1,-0.000290,-0.000750,0.006489,-0.000651,0.000000,0.005000,-0.007050,0.000000
567,115.182944,1000,2.063510,4,6,0.666667,0,1,-0.000292,-0.008750,0.104804,-0.000279,0.000000,0.020000,-0.000300,0.000000
568,8.864489,1000,0.425602,1,4,0.250000,0,1,-0.000291,-0.015750,0.019800,0.000143,0.000000,0.005000,-0.000037,0.000000
569,-131.457150,1000,3.820141,1,6,0.166667,0,1,-0.000290,-0.157000,0.021050,-0.000179,0.000000,0.005000,-0.000037,0.000000
570,-46.441920,1000,1.014140,3,4,0.750000,0,1,-0.000291,-0.037500,0.006619,0.000105,0.000000,0.015000,-0.030375,0.000000
571,4.466817,1000,0.070315,0,1,0.000000,0,0,-0.000291,0.000000,0.005672,-0.000914,0.000000,0.000000,0.000000,0.000000
572,8.342360,1000,1.163620,3,7,0.428571,0,1,-0.000291,-0.001000,0.043532,0.000114,0.000000,0.015000,-0.049013,0.000000
573,5.342614,1000,0.431951,2,3,0.666667,0,1,-0.000292,-0.004500,0.004763,-0.000128,0.000000,0.010000,-0.004500,0.000000
574,-8.852271,1000,0.321085,1,6,0.166667,0,1,-0.000292,-0.017000,0.004178,-0.000701,0.000000,0.005000,-0.000037,0.000000
575,-21.339658,1000,0.564026,1,6,0.166667,0,1,-0.000291,-0.030250,0.004892,-0.000090,0.000000,0.005000,-0.000600,0.000000
576,5.657043,1000,0.387230,2,3,0.666667,0,1,-0.000292,-0.005000,0.001990,-0.001040,0.000000,0.010000,0.000000,0.000000
577,-0.228866,1000,0.375553,2,6,0.333333,0,1,-0.000291,0.000000,0.000867,0.000183,0.000000,0.010000,-0.010987,0.000000
578,9.570868,1000,0.325123,1,3,0.333333,0,1,-0.000293,-0.007500,0.015721,-0.000508,0.000000,0.005000,-0.002850,0.000000
579,-20.793684,1000,0.495888,2,4,0.500000,0,1,-0.000292,-0.015250,0.022422,0.000238,0.000000,0.010000,-0.037913,0.000000
580,-263.526276,1000,5.005880,0,1,0.000000,0,0,-0.000293,-0.262000,0.000021,-0.001254,0.000000,0.000000,0.000000,0.000000
581,-11.055011,1000,0.114782,0,2,0.000000,0,0,-0.000292,-0.010500,0.000572,-0.000836,0.000000,0.000000,0.000000,0.000000
582,15.300539,1000,0.048018,0,3,0.000000,0,0,-0.000290,0.000000,0.015758,-0.000167,0.000000,0.000000,0.000000,0.000000
583,39.247241,1000,0.898658,3,7,0.428571,0,1,-0.000290,0.000000,0.024153,0.000497,0.000000,0.015000,-0.000112,0.000000
584,-14.736505,1000,1.799740,4,8,0.500000,0,1,-0.000294,-0.081500,0.048900,0.000483,0.000000,0.020000,-0.002325,0.000000
585,3.872007,1000,0.043229,0,7,0.000000,0,0,-0.000290,-0.001000,0.006677,-0.001515,0.000000,0.000000,0.000000,0.000000
586,23.267600,1000,0.648492,2,8,0.250000,0,1,-0.000292,-0.015250,0.029014,0.000020,0.000000,0.010000,-0.000225,0.000000
587,43.177323,1000,0.611097,2,5,0.400000,0,1,-0.000291,-0.000500,0.046024,-0.000355,0.000000,0.010000,-0.011700,0.000000
588,0.149410,1000,0.245738,1,8,0.125000,0,1,-0.000292,-0.007500,0.007580,-0.000251,0.000000,0.005000,-0.004388,0.000000
589,27.008570,1000,0.713864,1,6,0.166667,0,1,-0.000291,-0.033000,0.055652,-0.000315,0.000000,0.005000,-0.000037,0.000000
590,25.866998,1000,0.149634,1,5,0.200000,0,1,-0.000290,-0.000500,0.022651,-0.000956,0.000000,0.005000,-0.000037,0.000000
591,42.120856,1000,0.666451,3,6,0.500000,0,1,-0.000292,-0.004000,0.036773,0.000114,0.000000,0.015000,-0.005475,0.000000
592,-284.974633,1000,4.402126,0,3,0.000000,0,0,-0.000293,-0.298500,0.014168,-0.000350,0.000000,0.000000,0.000000,0.000000
593,133.509166,73,393.031605,3,3,1.000000,1,1,-0.000291,-0.030822,0.009226,0.002493,0.000000,0.205479,-0.001027,1.643836
594,1.761763,1000,0.732285,3,7,0.428571,0,1,-0.000290,0.000000,0.015802,0.000125,0.000000,0.015000,-0.028875,0.000000
595,118.522544,1000,1.073913,1,2,0.500000,0,1,-0.000293,-0.004500,0.119472,0.000268,0.000000,0.005000,-0.001425,0.000000
596,-87.863953,1000,1.285962,0,4,0.000000,0,0,-0.000292,-0.099250,0.012330,-0.000652,0.000000,0.000000,0.000000,0.000000
597,-17.829118,1000,1.002209,2,5,0.400000,0,1,-0.000291,-0.028000,0.001220,-0.000571,0.000000,0.010000,-0.000188,0.000000
598,-36.507159,1000,0.439812,1,3,0.333333,0,1,-0.000291,-0.017500,0.006173,0.000185,0.000000,0.005000,-0.030075,0.000000
599,176.817774,1000,2.233431,1,5,0.200000,0,1,-0.000290,-0.001000,0.180164,-0.000418,0.000000,0.005000,-0.006637,0.000000
600,-473.908465,1000,10.553879,3,4,0.750000,0,1,-0.000291,-0.489250,0.001254,-0.000172,0.000000,0.015000,-0.000450,0.000000
601,51.426518,1000,0.637343,2,6,0.333333,0,1,-0.000290,-0.002250,0.057980,0.000162,0.000000,0.010000,-0.014175,0.000000
602,74.423421,1000,1.248475,0,5,0.000000,0,0,-0.000290,-0.001750,0.076289,0.000174,0.000000,0.000000,0.000000,0.000000
603,4.997285,1000,0.019244,0,2,0.000000,0,0,-0.000290,-0.000750,0.006359,-0.000322,0.000000,0.000000,0.000000,0.000000
604,6.660171,1000,0.071304,0,1,0.000000,0,0,-0.000290,-0.001750,0.009756,-0.001056,0.000000,0.000000,0.000000,0.000000
605,31.077016,1000,0.264830,1,8,0.125000,0,1,-0.000290,0.000000,0.030051,-0.000309,0.000000,0.005000,-0.003375,0.000000
606,64.416169,1000,0.868323,4,6,0.666667,0,1,-0.000290,-0.004000,0.049541,-0.000535,0.000000,0.020000,-0.000300,0.000000
607,-198.514019,1000,3.565288,2,5,0.400000,0,1,-0.000290,-0.217000,0.011827,-0.000088,0.000000,0.010000,-0.002963,0.000000
608,77.231696,1000,0.559594,1,7,0.142857,0,1,-0.000290,-0.001000,0.076622,-0.000063,0.000000,0.005000,-0.003038,0.000000
609,8.738355,1000,0.476267,3,6,0.500000,0,1,-0.000290,-0.001750,0.005784,0.000420,0.000000,0.015000,-0.010425,0.000000
610,1.897916,1000,0.074890,0,2,0.000000,0,0,-0.000290,-0.003000,0.006099,-0.000911,0.000000,0.000000,0.000000,0.000000
611,31.087464,1000,0.269785,1,7,0.142857,0,1,-0.000290,0.000000,0.027233,-0.000668,0.000000,0.005000,-0.000188,0.000000
612,85.905283,1000,1.321335,5,8,0.625000,0,1,-0.000290,-0.002750,0.064301,0.000507,0.000000,0.025000,-0.000862,0.000000
613,44.438668,1000,0.796387,3,7,0.428571,0,1,-0.000291,-0.010000,0.039430,0.000450,0.000000,0.015000,-0.000150,0.000000
614,125.521427,5,4556.596848,1,1,1.000000,1,1,-0.000315,0.000000,0.041847,0.062753,0.000000,1.000000,0.000000,24.000000
615,9.455220,1000,1.229527,4,8,0.500000,0,1,-0.000290,-0.031000,0.037312,0.000270,0.000000,0.020000,-0.016837,0.000000
616,-213.138928,1000,3.190016,2,6,0.333333,0,1,-0.000290,-0.251000,0.027945,0.000319,0.000000,0.010000,-0.000112,0.000000
617,42.139255,1000,0.666723,2,4,0.500000,0,1,-0.000290,0.000000,0.045942,-0.000312,0.000000,0.010000,-0.013200,0.000000
618,-6.955003,1000,0.270191,0,2,0.000000,0,0,-0.000290,-0.017500,0.011677,-0.000842,0.000000,0.000000,0.000000,0.000000
619,42.108246,1000,0.090573,0,8,0.000000,0,0,-0.000290,-0.001250,0.044270,-0.000622,0.000000,0.000000,0.000000,0.000000
620,-4.317614,1000,0.067328,0,1,0.000000,0,0,-0.000290,-0.003000,0.000000,-0.001027,0.000000,0.000000,0.000000,0.000000
621,18.605353,1000,0.068669,0,4,0.000000,0,0,-0.000291,0.000000,0.020294,-0.001398,0.000000,0.000000,0.000000,0.000000
622,35.308585,1000,0.553588,3,7,0.428571,0,1,-0.000290,0.000000,0.033432,0.000367,0.000000,0.015000,-0.013200,0.000000
623,24.981654,1000,0.059935,0,4,0.000000,0,0,-0.000290,-0.001000,0.026793,-0.000521,0.000000,0.000000,0.000000,0.000000
624,-5.010051,1000,0.032091,0,2,0.000000,0,0,-0.000290,-0.003750,0.000116,-0.001086,0.000000,0.000000,0.000000,0.000000
625,49.046309,1000,1.198318,4,8,0.500000,0,1,-0.000290,-0.007500,0.037746,-0.000684,0.000000,0.020000,-0.000225,0.000000
626,-53.614123,1000,0.611861,0,4,0.000000,0,0,-0.000290,-0.058000,0.004757,-0.000081,0.000000,0.000000,0.000000,0.000000
627,14.658035,1000,0.609633,3,8,0.375000,0,1,-0.000290,-0.005000,0.004944,0.000192,0.000000,0.015000,-0.000188,0.000000
628,-39.824753,1000,0.721244,0,1,0.000000,0,0,-0.000290,-0.038750,0.000662,-0.001446,0.000000,0.000000,0.000000,0.000000
629,-76.152232,1000,2.149109,1,6,0.166667,0,1,-0.000291,-0.118250,0.037600,-0.000136,0.000000,0.005000,-0.000075,0.000000
630,39.246422,1000,0.441430,2,3,0.666667,0,1,-0.000292,0.000000,0.029845,0.000219,0.000000,0.010000,-0.000525,0.000000
631,-94.800102,1000,2.170379,3,5,0.600000,0,1,-0.000291,-0.102750,0.003474,-0.000370,0.000000,0.015000,-0.009862,0.000000
632,-37.265417,1000,0.699501,1,4,0.250000,0,1,-0.000293,-0.050750,0.008745,0.000182,0.000000,0.005000,-0.000150,0.000000
633,51.649955,1000,0.324258,1,6,0.166667,0,1,-0.000292,-0.002500,0.049663,-0.000108,0.000000,0.005000,-0.000112,0.000000
634,45.489219,1000,0.492731,2,5,0.400000,0,1,-0.000293,-0.004750,0.041161,-0.000441,0.000000,0.010000,-0.000188,0.000000
635,53.199376,1000,0.819562,3,6,0.500000,0,1,-0.000293,0.000000,0.038950,-0.000271,0.000000,0.015000,-0.000188,0.000000
636,-9.896478,1000,0.600737,2,8,0.250000,0,1,-0.000293,-0.045250,0.030049,-0.000916,0.000000,0.010000,-0.003488,0.000000
637,23.960277,1000,2.060969,7,8,0.875000,0,1,-0.000295,-0.008500,0.035976,0.000441,0.000000,0.035000,-0.038663,0.000000
638,-51.245216,1000,2.454266,4,6,0.666667,0,1,-0.000294,-0.095750,0.025356,-0.000032,0.000000,0.020000,-0.000525,0.000000
639,-88.476658,1000,1.972180,2,5,0.400000,0,1,-0.000293,-0.100750,0.003014,-0.000335,0.000000,0.010000,-0.000112,0.000000
640,42.756210,1000,0.739900,4,7,0.571429,0,1,-0.000294,0.000000,0.026754,0.000908,0.000000,0.020000,-0.004613,0.000000
641,126.491240,112,264.582163,2,2,1.000000,1,1,-0.000295,-0.049107,0.014545,0.004199,0.000000,0.089286,-0.000670,1.071429
642,125.005593,1,7768.134735,1,1,1.000000,1,1,-0.000329,0.000000,0.000000,0.005922,0.000000,5.000000,0.000000,120.000000
643,76.105377,1000,1.159395,1,6,0.166667,0,1,-0.000294,-0.009500,0.081957,-0.000682,0.000000,0.005000,-0.000375,0.000000
644,-3.946639,1000,0.424490,1,3,0.333333,0,1,-0.000295,-0.008000,0.000148,-0.000800,0.000000,0.005000,0.000000,0.000000
645,-72.455137,1000,1.234546,1,5,0.200000,0,1,-0.000293,-0.074750,0.000980,0.000095,0.000000,0.005000,-0.003488,0.000000
646,-54.684504,1000,1.476790,3,8,0.375000,0,1,-0.000292,-0.155000,0.085950,0.000332,0.000000,0.015000,-0.000675,0.000000
647,83.372261,1000,1.001751,4,8,0.500000,0,1,-0.000294,-0.021750,0.087545,-0.000666,0.000000,0.020000,-0.001463,0.000000
648,125.059095,1,7724.434570,1,1,1.000000,1,1,-0.000329,0.000000,0.033357,0.026066,0.000000,5.000000,0.000000,120.000000
649,86.464356,1000,1.765289,6,7,0.857143,0,1,-0.000294,0.000000,0.058795,0.001001,0.000000,0.030000,-0.003038,0.000000
650,-18.359310,1000,0.365474,0,1,0.000000,0,0,-0.000296,-0.018250,0.000358,-0.000171,0.000000,0.000000,0.000000,0.000000
651,-75.534635,1000,1.892955,2,3,0.666667,0,1,-0.000295,-0.092000,0.007237,-0.000177,0.000000,0.010000,-0.000300,0.000000
652,-351.997764,1000,7.436931,3,6,0.500000,0,1,-0.000290,-0.333500,0.006754,-0.000361,0.000000,0.015000,-0.039600,0.000000
653,-149.554437,1000,3.239815,4,8,0.500000,0,1,-0.000292,-0.209000,0.041222,-0.000247,0.000000,0.020000,-0.001238,0.000000
654,9.966868,1000,0.268880,1,4,0.250000,0,1,-0.000296,-0.009000,0.018449,-0.000361,0.000000,0.005000,-0.003825,0.000000
655,-51.210876,1000,0.795250,0,3,0.000000,0,0,-0.000295,-0.062500,0.012036,-0.000451,0.000000,0.000000,0.000000,0.000000
656,-0.597739,1000,0.575257,2,5,0.400000,0,1,-0.000294,-0.007250,0.006966,0.000068,0.000000,0.010000,-0.010087,0.000000
657,-275.225013,1000,4.586410,1,6,0.166667,0,1,-0.000290,-0.280000,0.000533,-0.000431,0.000000,0.005000,-0.000037,0.000000
658,21.239632,1000,0.075997,0,6,0.000000,0,0,-0.000293,0.000000,0.021639,-0.000107,0.000000,0.000000,0.000000,0.000000
659,162.413358,1000,1.899105,0,6,0.000000,0,0,-0.000292,0.000000,0.162920,-0.000214,0.000000,0.000000,0.000000,0.000000
660,168.546783,1000,2.165615,1,6,0.166667,0,1,-0.000292,-0.004750,0.168930,-0.000228,0.000000,0.005000,-0.000112,0.000000
661,21.881635,1000,0.540899,3,7,0.428571,0,1,-0.000292,0.000000,0.019670,0.000028,0.000000,0.015000,-0.012525,0.000000
662,-17.933187,1000,0.655985,1,3,0.333333,0,1,-0.000291,-0.040000,0.017355,0.000041,0.000000,0.005000,-0.000037,0.000000
663,-277.080250,1000,5.704937,4,5,0.800000,0,1,-0.000293,-0.313250,0.016699,0.000402,0.000000,0.020000,-0.000637,0.000000
664,-1.054215,1000,0.043451,0,3,0.000000,0,0,-0.000292,0.000000,0.000000,-0.000762,0.000000,0.000000,0.000000,0.000000
665,-71.543954,1000,1.182776,0,3,0.000000,0,0,-0.000291,-0.114250,0.043273,-0.000276,0.000000,0.000000,0.000000,0.000000
666,135.632233,105,298.924714,3,3,1.000000,1,1,-0.000295,-0.011905,0.018819,0.000831,0.000000,0.142857,-0.001429,1.142857
667,57.705497,1000,0.430597,2,7,0.285714,0,1,-0.000293,0.000000,0.048150,-0.000002,0.000000,0.010000,-0.000150,0.000000
668,18.695004,1000,0.369819,2,5,0.400000,0,1,-0.000292,0.000000,0.016728,-0.000016,0.000000,0.010000,-0.007725,0.000000
669,-442.482838,1000,8.780950,3,8,0.375000,0,1,-0.000291,-0.493500,0.036243,0.000215,0.000000,0.015000,-0.000150,0.000000
670,124.963089,9,3014.376709,1,1,1.000000,1,1,-0.000305,-0.138889,0.011834,0.123259,0.000000,0.555556,0.000000,13.333333
671,-21.354806,1000,1.235308,4,7,0.571429,0,1,-0.000293,-0.038250,0.017801,0.000237,0.000000,0.020000,-0.020850,0.000000
672,-41.557778,1000,0.789010,1,2,0.500000,0,1,-0.000291,-0.045500,0.000348,-0.001078,0.000000,0.005000,-0.000037,0.000000
673,-74.651528,1000,1.454467,1,3,0.333333,0,1,-0.000291,-0.129500,0.050518,-0.000304,0.000000,0.005000,-0.000075,0.000000
674,-35.853238,1000,0.393102,0,2,0.000000,0,0,-0.000290,-0.034750,0.000041,-0.000854,0.000000,0.000000,0.000000,0.000000
675,-282.276730,1000,4.380296,2,5,0.400000,0,1,-0.000295,-0.294000,0.007183,-0.000627,0.000000,0.010000,-0.004538,0.000000
676,125.267668,12,2353.678024,1,1,1.000000,1,1,-0.000305,-0.020833,0.010826,0.032618,0.000000,0.416667,0.000000,10.000000
677,-18.083511,1000,0.320818,0,1,0.000000,0,0,-0.000290,-0.016750,0.000000,-0.001043,0.000000,0.000000,0.000000,0.000000
678,10.363768,1000,0.331025,1,2,0.500000,0,1,-0.000294,-0.003000,0.008628,0.000180,0.000000,0.005000,-0.000150,0.000000
679,-58.252198,1000,1.556097,2,6,0.333333,0,1,-0.000290,-0.084250,0.016561,-0.000086,0.000000,0.010000,-0.000188,0.000000
680,-285.527543,1000,3.903724,4,5,0.800000,0,1,-0.000292,-0.298500,0.003715,-0.000326,0.000000,0.020000,-0.010125,0.000000
681,48.555394,1000,0.309340,1,3,0.333333,0,1,-0.000292,0.000000,0.044310,-0.000237,0.000000,0.005000,-0.000225,0.000000
682,-24.020232,1000,0.506924,2,5,0.400000,0,1,-0.000292,-0.012500,0.004522,-0.000513,0.000000,0.010000,-0.025238,0.000000
683,3.747599,1000,0.210263,1,3,0.333333,0,1,-0.000292,0.000000,0.000261,-0.001183,0.000000,0.005000,-0.000037,0.000000
684,-101.675734,1000,2.079962,0,5,0.000000,0,0,-0.000290,-0.107750,0.007806,-0.001441,0.000000,0.000000,0.000000,0.000000
685,-64.284669,1000,1.647888,1,5,0.200000,0,1,-0.000290,-0.084750,0.016566,-0.000773,0.000000,0.005000,-0.000037,0.000000
686,6.002214,1000,0.385603,2,4,0.500000,0,1,-0.000293,-0.004500,0.000619,0.000401,0.000000,0.010000,-0.000225,0.000000
687,23.731357,1000,0.593752,2,4,0.500000,0,1,-0.000290,-0.010500,0.024776,-0.000104,0.000000,0.010000,-0.000150,0.000000
688,-437.589269,1000,9.553508,0,8,0.000000,0,0,-0.000290,-0.475750,0.038170,0.000281,0.000000,0.000000,0.000000,0.000000
689,42.693652,1000,1.152735,3,8,0.375000,0,1,-0.000291,0.000000,0.048986,0.000711,0.000000,0.015000,-0.021713,0.000000
690,-429.317055,1000,8.786320,2,8,0.250000,0,1,-0.000290,-0.480500,0.041744,-0.000196,0.000000,0.010000,-0.000075,0.000000
691,8.369747,1000,0.602539,2,6,0.333333,0,1,-0.000291,-0.002000,0.000425,0.000311,0.000000,0.010000,-0.000075,0.000000
692,94.974475,1000,0.634678,1,8,0.125000,0,1,-0.000291,0.000000,0.090762,-0.000459,0.000000,0.005000,-0.000037,0.000000
693,-32.416529,1000,0.311682,1,4,0.250000,0,1,-0.000291,-0.001000,0.000725,-0.000213,0.000000,0.005000,-0.036638,0.000000
694,42.706464,1000,0.329247,1,3,0.333333,0,1,-0.000291,-0.003000,0.042063,-0.000991,0.000000,0.005000,-0.000075,0.000000
695,-32.575062,1000,0.294836,1,4,0.250000,0,1,-0.000291,-0.000750,0.000879,-0.000925,0.000000,0.005000,-0.036488,0.000000
696,-25.744004,1000,0.414714,2,4,0.500000,0,1,-0.000292,-0.003000,0.001621,-0.000099,0.000000,0.010000,-0.033975,0.000000
697,8.090693,1000,0.778037,2,8,0.250000,0,1,-0.000291,-0.001250,0.000242,-0.000572,0.000000,0.010000,-0.000037,0.000000
698,56.850982,1000,0.709197,1,6,0.166667,0,1,-0.000293,-0.003500,0.059339,0.000017,0.000000,0.005000,-0.003713,0.000000
699,-14.536606,1000,0.595919,0,5,0.000000,0,0,-0.000290,-0.036000,0.021846,-0.000092,0.000000,0.000000,0.000000,0.000000
700,-25.772637,1000,0.536727,2,4,0.500000,0,1,-0.000292,-0.003750,0.001981,-0.000299,0.000000,0.010000,-0.033413,0.000000
701,10.242996,1000,0.467916,2,8,0.250000,0,1,-0.000292,-0.005750,0.009542,-0.000519,0.000000,0.010000,-0.002738,0.000000
702,38.250481,1000,0.307671,0,8,0.000000,0,0,-0.000294,-0.008250,0.047898,-0.001104,0.000000,0.000000,0.000000,0.000000
703,64.933182,1000,0.531795,2,6,0.333333,0,1,-0.000292,0.000000,0.054997,0.000491,0.000000,0.010000,-0.000263,0.000000
704,-141.230292,1000,2.645358,0,2,0.000000,0,0,-0.000291,-0.141750,0.000560,0.000251,0.000000,0.000000,0.000000,0.000000
705,-7.071595,1000,1.142849,2,5,0.400000,0,1,-0.000290,-0.052250,0.037980,0.000526,0.000000,0.010000,-0.003038,0.000000
706,-21.954411,1000,0.651599,1,3,0.333333,0,1,-0.000291,-0.066500,0.039674,0.000199,0.000000,0.005000,-0.000037,0.000000
707,48.997494,1000,0.350332,1,3,0.333333,0,1,-0.000292,0.000000,0.044309,0.000093,0.000000,0.005000,-0.000112,0.000000
708,5.143468,1000,0.165903,1,7,0.142857,0,1,-0.000292,0.000000,0.000490,0.000021,0.000000,0.005000,-0.000075,0.000000
709,-188.518592,1000,4.287925,3,4,0.750000,0,1,-0.000292,-0.222500,0.029330,-0.000419,0.000000,0.015000,-0.009637,0.000000
710,-4.053387,1000,0.480629,2,6,0.333333,0,1,-0.000291,0.000000,0.001454,0.000572,0.000000,0.010000,-0.015787,0.000000
711,66.901489,1000,0.291436,1,6,0.166667,0,1,-0.000291,-0.001000,0.064024,0.000556,0.000000,0.005000,-0.001388,0.000000
712,44.647025,1000,0.311539,1,6,0.166667,0,1,-0.000292,0.000000,0.040012,-0.000036,0.000000,0.005000,-0.000037,0.000000
713,-181.810733,1000,4.366985,0,6,0.000000,0,0,-0.000290,-0.221750,0.040560,-0.000331,0.000000,0.000000,0.000000,0.000000
714,2.334067,1000,0.316667,1,4,0.250000,0,1,-0.000292,-0.001500,0.000242,-0.000515,0.000000,0.005000,-0.000600,0.000000
715,10.833114,1000,0.050030,0,2,0.000000,0,0,-0.000292,0.000000,0.011750,-0.000625,0.000000,0.000000,0.000000,0.000000
716,-0.722396,1000,0.049159,0,3,0.000000,0,0,-0.000292,0.000000,0.000000,-0.000430,0.000000,0.000000,0.000000,0.000000
717,-8.930653,1000,0.102077,0,1,0.000000,0,0,-0.000292,-0.009000,0.000115,0.000246,0.000000,0.000000,0.000000,0.000000
718,18.652400,1000,0.041397,0,3,0.000000,0,0,-0.000292,0.000000,0.019161,-0.000217,0.000000,0.000000,0.000000,0.000000
719,21.779991,1000,0.282358,1,5,0.200000,0,1,-0.000291,-0.001250,0.024967,-0.000083,0.000000,0.005000,-0.006562,0.000000
720,-85.382426,1000,2.607554,3,6,0.500000,0,1,-0.000291,-0.119750,0.019487,0.000359,0.000000,0.015000,-0.000188,0.000000
721,12.275469,1000,0.404368,2,4,0.500000,0,1,-0.000291,0.000000,0.001225,0.001417,0.000000,0.010000,-0.000075,0.000000
722,44.988510,1000,0.665990,2,6,0.333333,0,1,-0.000291,-0.001250,0.057400,0.000430,0.000000,0.010000,-0.021300,0.000000
723,62.478113,1000,1.272590,1,5,0.200000,0,1,-0.000291,-0.021000,0.078891,-0.000085,0.000000,0.005000,-0.000037,0.000000
724,9.456548,1000,0.305154,2,3,0.666667,0,1,-0.000291,-0.002500,0.002879,-0.000369,0.000000,0.010000,-0.000263,0.000000
725,-0.553399,1000,0.180039,1,2,0.500000,0,1,-0.000291,-0.005000,0.000251,-0.000326,0.000000,0.005000,-0.000188,0.000000
726,35.045957,1000,0.475101,3,6,0.500000,0,1,-0.000292,-0.000250,0.020547,0.000265,0.000000,0.015000,-0.000225,0.000000
727,70.398960,1000,1.105231,2,5,0.400000,0,1,-0.000291,-0.012750,0.073226,0.000364,0.000000,0.010000,-0.000150,0.000000
728,11.082019,1000,0.089839,0,1,0.000000,0,0,-0.000291,-0.004250,0.015573,0.000050,0.000000,0.000000,0.000000,0.000000
729,-6.590231,1000,0.672526,2,4,0.500000,0,1,-0.000292,-0.024250,0.008002,0.000099,0.000000,0.010000,-0.000150,0.000000
730,-113.987464,1000,2.549631,1,5,0.200000,0,1,-0.000291,-0.139000,0.021027,-0.000461,0.000000,0.005000,-0.000263,0.000000
731,-39.530158,1000,1.032778,2,6,0.333333,0,1,-0.000291,-0.069750,0.021289,-0.000291,0.000000,0.010000,-0.000488,0.000000
732,-1.327809,1000,1.260807,3,8,0.375000,0,1,-0.000290,-0.077500,0.061458,0.000305,0.000000,0.015000,-0.000300,0.000000
733,59.127103,1000,0.623865,2,7,0.285714,0,1,-0.000291,-0.006000,0.071570,-0.000065,0.000000,0.010000,-0.016087,0.000000
734,-114.334046,1000,2.093005,2,6,0.333333,0,1,-0.000290,-0.135750,0.012454,-0.000635,0.000000,0.010000,-0.000112,0.000000
735,-21.209484,1000,0.554031,0,4,0.000000,0,0,-0.000291,-0.041250,0.020769,-0.000437,0.000000,0.000000,0.000000,0.000000
736,36.066686,1000,0.317446,0,5,0.000000,0,0,-0.000291,-0.001000,0.037539,-0.000182,0.000000,0.000000,0.000000,0.000000
737,24.313778,1000,0.277043,1,7,0.142857,0,1,-0.000291,0.000000,0.019725,0.000067,0.000000,0.005000,-0.000188,0.000000
738,2.893098,1000,0.260343,1,3,0.333333,0,1,-0.000290,-0.002250,0.000632,-0.000161,0.000000,0.005000,-0.000037,0.000000
739,-2.488283,1000,0.044923,0,3,0.000000,0,0,-0.000290,-0.003500,0.000927,0.000375,0.000000,0.000000,0.000000,0.000000
740,28.769815,1000,0.415748,2,3,0.666667,0,1,-0.000291,0.000000,0.019164,0.000047,0.000000,0.010000,-0.000150,0.000000
741,18.146191,1000,0.397834,1,6,0.166667,0,1,-0.000291,-0.016500,0.030131,0.000031,0.000000,0.005000,-0.000225,0.000000
742,64.969913,1000,0.691714,2,3,0.666667,0,1,-0.000291,0.000000,0.056632,-0.001258,0.000000,0.010000,-0.000112,0.000000
743,-239.720979,1000,7.652278,3,7,0.428571,0,1,-0.000291,-0.240750,0.048887,-0.000092,0.000000,0.015000,-0.062475,0.000000
744,-1.143959,1000,0.072540,0,3,0.000000,0,0,-0.000291,0.000000,0.000000,-0.000853,0.000000,0.000000,0.000000,0.000000
745,54.239706,1000,0.255647,1,3,0.333333,0,1,-0.000291,-0.000750,0.051664,-0.001346,0.000000,0.005000,-0.000037,0.000000
746,43.981200,1000,0.413956,2,7,0.285714,0,1,-0.000291,0.000000,0.033873,0.000625,0.000000,0.010000,-0.000225,0.000000
747,-289.598214,1000,6.832759,2,8,0.250000,0,1,-0.000291,-0.268750,0.001427,0.000415,0.000000,0.010000,-0.032400,0.000000
748,138.723085,1000,1.724375,2,8,0.250000,0,1,-0.000291,0.000000,0.144010,0.000117,0.000000,0.010000,-0.015112,0.000000
749,-43.090926,1000,0.429966,0,5,0.000000,0,0,-0.000290,-0.042250,0.000608,-0.001159,0.000000,0.000000,0.000000,0.000000
750,-184.858804,1000,3.244619,1,6,0.166667,0,1,-0.000291,-0.248500,0.059688,-0.000681,0.000000,0.005000,-0.000075,0.000000
751,18.770191,1000,0.273983,1,3,0.333333,0,1,-0.000291,-0.001250,0.015051,0.000298,0.000000,0.005000,-0.000037,0.000000
752,32.907020,1000,0.260025,1,3,0.333333,0,1,-0.000290,-0.005750,0.034671,-0.000686,0.000000,0.005000,-0.000037,0.000000
753,32.685131,1000,0.879943,1,5,0.200000,0,1,-0.000290,-0.030250,0.062257,0.000094,0.000000,0.005000,-0.004125,0.000000
754,-1.404079,1000,0.075398,0,1,0.000000,0,0,-0.000291,-0.000750,0.000031,-0.000394,0.000000,0.000000,0.000000,0.000000
755,25.961686,1000,0.078370,0,5,0.000000,0,0,-0.000290,-0.003000,0.030411,-0.001159,0.000000,0.000000,0.000000,0.000000
756,55.959830,1000,0.557487,2,5,0.400000,0,1,-0.000291,0.000000,0.054553,-0.000127,0.000000,0.010000,-0.008175,0.000000
757,5.373718,1000,0.027263,0,4,0.000000,0,0,-0.000291,0.000000,0.006686,-0.001021,0.000000,0.000000,0.000000,0.000000
758,37.041357,1000,0.646939,3,5,0.600000,0,1,-0.000291,-0.002750,0.025463,-0.000043,0.000000,0.015000,-0.000337,0.000000
759,5.998540,1000,0.158555,0,2,0.000000,0,0,-0.000290,-0.012000,0.018119,0.000170,0.000000,0.000000,0.000000,0.000000
760,-12.971018,1000,0.342329,0,2,0.000000,0,0,-0.000291,-0.020250,0.007435,0.000135,0.000000,0.000000,0.000000,0.000000
761,-39.808056,1000,0.627545,2,6,0.333333,0,1,-0.000291,-0.014750,0.003366,-0.000295,0.000000,0.010000,-0.037838,0.000000
762,-0.704656,1000,0.013722,0,6,0.000000,0,0,-0.000291,-0.001250,0.000855,-0.000018,0.000000,0.000000,0.000000,0.000000
763,10.403800,1000,0.182605,1,4,0.250000,0,1,-0.000291,0.000000,0.005838,-0.000105,0.000000,0.005000,-0.000037,0.000000
764,9.813243,1000,0.047899,0,1,0.000000,0,0,-0.000291,-0.001500,0.011021,0.000584,0.000000,0.000000,0.000000,0.000000
765,24.639035,1000,0.528612,2,8,0.250000,0,1,-0.000290,-0.002000,0.035485,-0.000031,0.000000,0.010000,-0.018525,0.000000
766,-5.474605,1000,0.600076,1,4,0.250000,0,1,-0.000291,-0.019000,0.022616,-0.000862,0.000000,0.005000,-0.012937,0.000000
767,-6.306438,1000,0.427939,1,2,0.500000,0,1,-0.000291,-0.019250,0.008224,0.000086,0.000000,0.005000,-0.000075,0.000000
768,52.598655,1000,0.392282,0,2,0.000000,0,0,-0.000290,-0.036000,0.089004,-0.000115,0.000000,0.000000,0.000000,0.000000
769,-4.282876,1000,0.194002,1,5,0.200000,0,1,-0.000292,-0.008250,0.000069,-0.000773,0.000000,0.005000,-0.000037,0.000000
770,-84.869325,1000,2.492338,2,5,0.400000,0,1,-0.000290,-0.092500,0.007621,-0.000175,0.000000,0.010000,-0.009525,0.000000
771,-189.432310,1000,4.311087,0,2,0.000000,0,0,-0.000291,-0.196000,0.006704,0.000155,0.000000,0.000000,0.000000,0.000000
772,120.730934,19,1513.054474,1,1,1.000000,1,1,-0.000298,-0.328947,0.002584,0.101974,0.000000,0.263158,0.000000,6.315789
773,-9.937627,1000,0.084684,0,2,0.000000,0,0,-0.000290,-0.009500,0.000881,-0.001028,0.000000,0.000000,0.000000,0.000000
774,17.719564,1000,0.170441,1,6,0.166667,0,1,-0.000291,-0.000750,0.014674,-0.000876,0.000000,0.005000,-0.000037,0.000000
775,3.082239,1000,0.057592,1,7,0.142857,0,1,-0.000291,-0.001000,0.000002,-0.000553,0.000000,0.005000,-0.000075,0.000000
776,-556.896776,1000,14.890628,2,6,0.333333,0,1,-0.000290,-0.498000,0.006646,-0.001153,0.000000,0.010000,-0.074100,0.000000
777,33.923773,1000,0.581984,2,6,0.333333,0,1,-0.000291,-0.000500,0.044128,0.000574,0.000000,0.010000,-0.019988,0.000000
778,-6.462322,1000,0.311191,1,5,0.200000,0,1,-0.000291,-0.003500,0.030120,-0.000554,0.000000,0.005000,-0.037238,0.000000
779,48.908797,1000,0.552050,2,8,0.250000,0,1,-0.000291,-0.002250,0.055631,-0.000194,0.000000,0.010000,-0.013987,0.000000
780,-0.679794,1000,0.054337,0,1,0.000000,0,0,-0.000291,-0.001250,0.002079,-0.001218,0.000000,0.000000,0.000000,0.000000
781,30.129890,1000,0.384896,2,3,0.666667,0,1,-0.000292,-0.000500,0.022211,-0.001064,0.000000,0.010000,-0.000225,0.000000
782,75.351934,1000,0.324184,0,3,0.000000,0,0,-0.000292,0.000000,0.075655,-0.000011,0.000000,0.000000,0.000000,0.000000
783,39.030805,1000,0.122838,0,3,0.000000,0,0,-0.000292,0.000000,0.039553,-0.000230,0.000000,0.000000,0.000000,0.000000
784,-1.081598,1000,0.041239,0,1,0.000000,0,0,-0.000292,-0.000500,0.000238,-0.000528,0.000000,0.000000,0.000000,0.000000
785,-10.827753,1000,0.667473,3,5,0.600000,0,1,-0.000292,0.000000,0.005905,0.001822,0.000000,0.015000,-0.033263,0.000000
786,-51.320435,1000,0.866652,0,5,0.000000,0,0,-0.000291,-0.050500,0.000135,-0.000664,0.000000,0.000000,0.000000,0.000000
787,4.573129,1000,0.064258,1,8,0.125000,0,1,-0.000292,-0.001250,0.001404,-0.000251,0.000000,0.005000,-0.000037,0.000000
788,-18.713122,1000,0.138733,0,1,0.000000,0,0,-0.000291,-0.017750,0.000000,-0.000672,0.000000,0.000000,0.000000,0.000000
789,3.683232,1000,0.224042,1,4,0.250000,0,1,-0.000292,-0.001000,0.000673,-0.000585,0.000000,0.005000,-0.000112,0.000000
790,3.883867,1000,0.021696,0,2,0.000000,0,0,-0.000293,-0.002000,0.006683,-0.000507,0.000000,0.000000,0.000000,0.000000
791,11.328044,1000,0.332272,2,6,0.333333,0,1,-0.000293,-0.011250,0.012604,0.000417,0.000000,0.010000,-0.000150,0.000000
792,40.138986,1000,0.122524,0,7,0.000000,0,0,-0.000292,-0.000750,0.041093,0.000088,0.000000,0.000000,0.000000,0.000000
793,-27.900502,1000,0.559892,0,3,0.000000,0,0,-0.000292,-0.040250,0.013013,-0.000372,0.000000,0.000000,0.000000,0.000000
794,-4.048005,1000,0.063104,0,2,0.000000,0,0,-0.000292,-0.006500,0.003906,-0.001162,0.000000,0.000000,0.000000,0.000000
795,-235.866555,1000,6.135556,4,8,0.500000,0,1,-0.000290,-0.248750,0.020235,0.000576,0.000000,0.020000,-0.027638,0.000000
796,4.611028,1000,0.187565,1,7,0.142857,0,1,-0.000293,0.000000,0.000093,-0.000039,0.000000,0.005000,-0.000150,0.000000
797,-17.592309,1000,0.366633,1,4,0.250000,0,1,-0.000292,-0.009250,0.002042,-0.000093,0.000000,0.005000,-0.015000,0.000000
798,34.200989,1000,0.319492,2,3,0.666667,0,1,-0.000293,0.000000,0.023615,0.001029,0.000000,0.010000,-0.000150,0.000000
799,88.040889,1000,0.783961,0,4,0.000000,0,0,-0.000292,0.000000,0.088924,-0.000590,0.000000,0.000000,0.000000,0.000000
800,21.248787,1000,0.401767,3,4,0.750000,0,1,-0.000293,0.000000,0.007218,-0.000189,0.000000,0.015000,-0.000487,0.000000
801,-165.777189,1000,5.281028,2,4,0.500000,0,1,-0.000291,-0.249500,0.078550,0.000301,0.000000,0.010000,-0.004838,0.000000
802,7.091536,1000,0.128970,0,1,0.000000,0,0,-0.000293,-0.008250,0.015102,0.000532,0.000000,0.000000,0.000000,0.000000
803,67.758509,1000,0.410959,2,7,0.285714,0,1,-0.000294,-0.000500,0.068776,0.000127,0.000000,0.010000,-0.010350,0.000000
804,-41.783636,1000,0.669161,0,2,0.000000,0,0,-0.000292,-0.040250,0.000000,-0.001242,0.000000,0.000000,0.000000,0.000000
805,116.923650,429,67.907329,2,2,1.000000,1,1,-0.000291,-0.045455,0.013682,0.001845,0.000000,0.023310,-0.000262,0.279720
806,36.003147,1000,1.019419,4,6,0.666667,0,1,-0.000294,-0.006500,0.033992,0.000542,0.000000,0.020000,-0.011737,0.000000
807,6.643134,1000,0.317208,1,2,0.500000,0,1,-0.000292,-0.010000,0.011601,0.000409,0.000000,0.005000,-0.000075,0.000000
808,9.222222,1000,0.434378,2,4,0.500000,0,1,-0.000293,-0.001500,0.002049,-0.000133,0.000000,0.010000,-0.000900,0.000000
809,131.004671,9,3068.273117,2,2,1.000000,1,1,-0.000303,-0.027778,0.140330,0.007714,0.000000,1.111111,-0.008333,13.333333
810,43.153688,1000,1.018014,4,8,0.500000,0,1,-0.000292,-0.032250,0.056017,0.000204,0.000000,0.020000,-0.000525,0.000000
811,-50.609610,1000,1.075991,2,6,0.333333,0,1,-0.000293,-0.064750,0.005963,-0.000255,0.000000,0.010000,-0.001275,0.000000
812,35.374254,1000,0.432035,2,3,0.666667,0,1,-0.000293,-0.002000,0.026105,0.001712,0.000000,0.010000,-0.000150,0.000000
813,-12.843080,1000,0.301736,1,6,0.166667,0,1,-0.000292,0.000000,0.001955,0.000782,0.000000,0.005000,-0.020288,0.000000
814,79.880983,1000,0.629661,2,6,0.333333,0,1,-0.000292,-0.004500,0.075001,-0.000102,0.000000,0.010000,-0.000225,0.000000
815,-3.679293,1000,0.394520,3,6,0.500000,0,1,-0.000293,0.000000,0.001097,0.000991,0.000000,0.015000,-0.020475,0.000000
816,1.136677,1000,0.572921,2,7,0.285714,0,1,-0.000293,-0.000750,0.044874,0.000105,0.000000,0.010000,-0.052800,0.000000
817,86.311076,1000,1.226312,4,8,0.500000,0,1,-0.000293,-0.036500,0.121375,0.000367,0.000000,0.020000,-0.018637,0.000000
818,43.897410,1000,0.629593,2,3,0.666667,0,1,-0.000294,-0.004250,0.037321,0.001233,0.000000,0.010000,-0.000112,0.000000
819,-18.943004,1000,0.920223,1,2,0.500000,0,1,-0.000292,-0.041000,0.015817,0.001608,0.000000,0.005000,-0.000075,0.000000
820,-1.458656,1000,0.557477,2,4,0.500000,0,1,-0.000293,-0.010000,0.004483,0.000427,0.000000,0.010000,-0.006075,0.000000
821,69.975615,1000,1.618774,0,5,0.000000,0,0,-0.000294,-0.035250,0.106054,-0.000534,0.000000,0.000000,0.000000,0.000000
822,133.705241,39,753.990574,3,3,1.000000,1,1,-0.000293,-0.064103,0.035925,-0.002805,0.000000,0.384615,-0.001923,3.076923
823,125.067389,172,182.632822,3,3,1.000000,1,1,-0.000294,-0.059593,0.004107,0.002611,0.000000,0.087209,-0.004578,0.697674
824,-2.365441,1000,0.179300,0,6,0.000000,0,0,-0.000292,-0.006750,0.005785,-0.001109,0.000000,0.000000,0.000000,0.000000
825,-5.215693,1000,0.322800,0,2,0.000000,0,0,-0.000293,-0.014500,0.009694,-0.000117,0.000000,0.000000,0.000000,0.000000
826,-14.069909,1000,0.586099,1,2,0.500000,0,1,-0.000293,-0.027250,0.009745,-0.001121,0.000000,0.005000,-0.000150,0.000000
827,49.777443,1000,0.401189,2,6,0.333333,0,1,-0.000293,0.000000,0.040625,-0.000217,0.000000,0.010000,-0.000337,0.000000
828,-15.576653,1000,0.429579,1,6,0.166667,0,1,-0.000293,-0.022250,0.011718,-0.000227,0.000000,0.005000,-0.009525,0.000000
829,67.858091,1000,1.029391,4,8,0.500000,0,1,-0.000292,-0.032500,0.080598,0.000427,0.000000,0.020000,-0.000375,0.000000
830,-5.780811,1000,0.353880,1,4,0.250000,0,1,-0.000294,-0.012750,0.001999,0.000339,0.000000,0.005000,-0.000075,0.000000
831,43.032039,1000,0.320558,1,4,0.250000,0,1,-0.000294,-0.002750,0.043875,0.000651,0.000000,0.005000,-0.003450,0.000000
832,-28.447065,1000,0.723709,2,6,0.333333,0,1,-0.000293,-0.044500,0.007344,-0.000286,0.000000,0.010000,-0.000712,0.000000
833,165.670380,760,39.438282,4,4,1.000000,1,1,-0.000294,-0.011184,0.043908,0.002432,0.000000,0.026316,-0.001086,0.157895
834,-3.213628,1000,0.763385,3,4,0.750000,0,1,-0.000293,-0.034500,0.017069,0.000372,0.000000,0.015000,-0.000862,0.000000
835,12.078344,1000,0.906846,2,5,0.400000,0,1,-0.000294,-0.030500,0.033196,0.000764,0.000000,0.010000,-0.001087,0.000000
836,65.624048,1000,0.673634,3,4,0.750000,0,1,-0.000296,-0.006000,0.056553,0.001455,0.000000,0.015000,-0.001087,0.000000
837,159.980686,937,31.655365,4,4,1.000000,1,1,-0.000296,-0.003202,0.024442,0.001341,0.000000,0.021345,-0.000961,0.128068
838,27.325531,1000,0.967041,3,6,0.500000,0,1,-0.000295,-0.037000,0.049779,0.000292,0.000000,0.015000,-0.000450,0.000000
839,-231.170129,1000,5.612066,3,6,0.500000,0,1,-0.000290,-0.219000,0.005306,-0.000273,0.000000,0.015000,-0.031913,0.000000
840,134.739671,487,60.017075,3,3,1.000000,1,1,-0.000294,-0.004107,0.001341,0.002833,0.000000,0.030801,-0.000308,0.246407
841,-51.077566,1000,1.116301,2,3,0.666667,0,1,-0.000293,-0.061250,0.011234,0.000182,0.000000,0.010000,-0.010950,0.000000
842,6.545554,1000,0.511329,1,3,0.333333,0,1,-0.000295,-0.004250,0.010314,0.000088,0.000000,0.005000,-0.004313,0.000000
843,67.405802,360,84.874691,4,4,1.000000,1,1,-0.000291,-0.229861,0.028622,0.003630,0.000000,0.055556,-0.003750,0.333333
844,17.253730,1000,1.194395,4,5,0.800000,0,1,-0.000296,-0.016000,0.014740,-0.000328,0.000000,0.020000,-0.000862,0.000000
845,-7.687769,1000,0.502078,2,3,0.666667,0,1,-0.000293,-0.021250,0.005143,0.001450,0.000000,0.010000,-0.002738,0.000000
846,101.779166,708,42.621322,3,3,1.000000,1,1,-0.000295,-0.082627,0.034408,0.001803,0.000000,0.021186,-0.000212,0.169492
847,-7.673991,1000,1.312483,3,5,0.600000,0,1,-0.000293,-0.065500,0.044647,-0.000665,0.000000,0.015000,-0.000862,0.000000
848,152.388695,435,68.594132,4,4,1.000000,1,1,-0.000297,0.000000,0.028829,0.000983,0.000000,0.045977,-0.001034,0.275862
849,169.134809,544,54.826157,5,5,1.000000,1,1,-0.000296,0.000000,0.061845,0.001498,0.000000,0.045956,-0.018681,0.220588
850,144.134771,1000,2.446215,3,5,0.600000,0,1,-0.000294,-0.027250,0.158718,0.001036,0.000000,0.015000,-0.003075,0.000000
851,-34.536660,1000,1.808943,5,6,0.833333,0,1,-0.000293,-0.076250,0.026727,0.000892,0.000000,0.025000,-0.010612,0.000000
852,25.410326,1000,0.892149,3,5,0.600000,0,1,-0.000296,-0.018750,0.033740,0.000854,0.000000,0.015000,-0.005137,0.000000
853,137.053975,441,65.876144,2,2,1.000000,1,1,-0.000295,-0.029478,0.043123,0.002902,0.000000,0.022676,-0.000255,0.272109
854,37.823101,1000,1.768967,6,8,0.750000,0,1,-0.000294,-0.031500,0.051641,0.000914,0.000000,0.030000,-0.012937,0.000000
855,7.069087,1000,1.198577,4,6,0.666667,0,1,-0.000294,-0.025750,0.013451,0.001199,0.000000,0.020000,-0.001538,0.000000
856,201.988955,467,64.660789,7,7,1.000000,1,1,-0.000297,0.000000,0.101196,0.003574,0.000000,0.074946,-0.003854,0.256959
857,124.790356,1,7706.127991,1,1,1.000000,1,1,-0.000329,-0.250000,0.033227,0.007458,0.000000,5.000000,0.000000,120.000000
858,144.650039,960,31.102702,5,5,1.000000,1,1,-0.000296,-0.005990,0.013818,0.002923,0.000000,0.026042,-0.010820,0.125000
859,53.131786,1000,1.449874,6,7,0.857143,0,1,-0.000297,-0.000750,0.045917,0.002487,0.000000,0.030000,-0.024225,0.000000
860,-23.078278,1000,1.053919,3,4,0.750000,0,1,-0.000295,-0.044000,0.006697,0.000269,0.000000,0.015000,-0.000750,0.000000
861,-153.001365,1000,3.841115,0,1,0.000000,0,0,-0.000291,-0.169750,0.017925,-0.000885,0.000000,0.000000,0.000000,0.000000
862,128.522653,393,74.495066,4,4,1.000000,1,1,-0.000297,-0.006997,0.004359,0.003311,0.000000,0.050891,-0.029580,0.305344
863,-2.608376,1000,1.381019,6,7,0.857143,0,1,-0.000298,0.000000,0.006924,0.002128,0.000000,0.030000,-0.041363,0.000000
864,16.491585,1000,1.279451,4,6,0.666667,0,1,-0.000295,-0.038500,0.038325,0.000898,0.000000,0.020000,-0.003938,0.000000
865,-28.575790,1000,1.306026,5,6,0.833333,0,1,-0.000294,-0.054250,0.004489,0.000754,0.000000,0.025000,-0.004275,0.000000
866,-37.075773,1000,0.395640,0,2,0.000000,0,0,-0.000295,-0.042250,0.006798,-0.001330,0.000000,0.000000,0.000000,0.000000
867,120.970716,796,37.969573,6,6,1.000000,1,1,-0.000294,-0.041457,0.007292,0.001004,0.000000,0.037688,-0.003015,0.150754
868,185.161954,772,39.864146,7,7,1.000000,1,1,-0.000299,-0.000648,0.057792,0.002577,0.000000,0.045337,-0.020353,0.155440
869,-121.042785,1000,3.753389,4,6,0.666667,0,1,-0.000294,-0.155000,0.015887,-0.000511,0.000000,0.020000,-0.001125,0.000000
870,82.008705,419,69.513999,1,1,1.000000,1,1,-0.000294,-0.114558,0.011345,0.000903,0.000000,0.011933,0.000000,0.286396
871,136.170119,85,347.505024,4,4,1.000000,1,1,-0.000298,-0.064706,0.011331,0.017880,0.000000,0.235294,-0.009265,1.411765
872,112.334266,613,47.302255,2,2,1.000000,1,1,-0.000296,-0.036705,0.009210,-0.000355,0.000000,0.016313,-0.000673,0.195759
873,-93.487243,1000,2.867151,1,5,0.200000,0,1,-0.000293,-0.120250,0.022519,-0.000426,0.000000,0.005000,-0.000037,0.000000
874,-127.773157,1000,2.943309,0,1,0.000000,0,0,-0.000291,-0.127250,0.000033,-0.000265,0.000000,0.000000,0.000000,0.000000
875,50.664338,1000,1.481075,5,7,0.714286,0,1,-0.000296,-0.006000,0.033581,0.000217,0.000000,0.025000,-0.001838,0.000000
876,45.758967,1000,1.414729,5,6,0.833333,0,1,-0.000296,-0.039750,0.062812,0.001705,0.000000,0.025000,-0.003713,0.000000
877,-203.376418,1000,4.752435,4,6,0.666667,0,1,-0.000293,-0.236750,0.015251,0.000516,0.000000,0.020000,-0.002100,0.000000
878,79.069595,1000,1.537518,5,7,0.714286,0,1,-0.000296,-0.004250,0.058346,0.000983,0.000000,0.025000,-0.000712,0.000000
879,152.399097,456,68.316730,8,8,1.000000,1,1,-0.000297,-0.029057,0.014979,0.001407,0.000000,0.087719,-0.003701,0.263158
880,-29.351483,1000,2.274394,4,5,0.800000,0,1,-0.000295,-0.084000,0.036612,0.000356,0.000000,0.020000,-0.002025,0.000000
881,18.920827,1000,1.013382,5,6,0.833333,0,1,-0.000295,-0.027250,0.021645,0.001958,0.000000,0.025000,-0.002138,0.000000
882,-146.334456,1000,3.088909,5,6,0.833333,0,1,-0.000293,-0.143500,0.009560,0.000399,0.000000,0.025000,-0.037500,0.000000
883,-43.589426,1000,2.254571,4,5,0.800000,0,1,-0.000295,-0.098500,0.035642,0.000463,0.000000,0.020000,-0.000900,0.000000
884,124.211879,255,113.597735,2,2,1.000000,1,1,-0.000296,-0.033333,0.012227,-0.000119,0.000000,0.039216,-0.001176,0.470588
885,119.860353,274,105.116594,1,1,1.000000,1,1,-0.000296,-0.023723,0.001135,0.004126,0.000000,0.018248,0.000000,0.437956
886,6.563410,1000,0.128452,0,1,0.000000,0,0,-0.000295,-0.002000,0.009376,-0.000517,0.000000,0.000000,0.000000,0.000000
887,5.639467,1000,0.726455,3,4,0.750000,0,1,-0.000294,-0.014000,0.006553,0.000405,0.000000,0.015000,-0.002025,0.000000
888,127.855586,17,1766.015411,2,2,1.000000,1,1,-0.000303,-0.176471,0.009140,0.043698,0.000000,0.588235,-0.002206,7.058824
889,60.762724,1000,1.501295,6,8,0.750000,0,1,-0.000296,-0.031000,0.072773,0.001136,0.000000,0.030000,-0.011850,0.000000
890,211.686806,1000,3.186260,3,6,0.500000,0,1,-0.000297,-0.020250,0.217353,0.000031,0.000000,0.015000,-0.000150,0.000000
891,26.233311,1000,1.883520,5,6,0.833333,0,1,-0.000295,-0.050250,0.064119,0.001009,0.000000,0.025000,-0.013350,0.000000
892,80.343770,260,121.162688,7,7,1.000000,1,1,-0.000294,-0.314423,0.043975,0.008988,0.000000,0.134615,-0.025385,0.461538
893,46.054413,1000,1.525469,7,8,0.875000,0,1,-0.000295,-0.024500,0.052298,0.002263,0.000000,0.035000,-0.018712,0.000000
894,132.938075,326,89.154105,3,3,1.000000,1,1,-0.000296,-0.013037,0.005721,0.002897,0.000000,0.046012,-0.001610,0.368098
895,-187.526034,1000,3.517684,3,6,0.500000,0,1,-0.000291,-0.254250,0.055472,-0.000345,0.000000,0.015000,-0.003113,0.000000
896,131.235751,404,72.202890,2,2,1.000000,1,1,-0.000296,-0.025371,0.025547,0.004386,0.000000,0.024752,-0.001207,0.297030
897,-15.684989,1000,2.559835,6,7,0.857143,0,1,-0.000295,-0.062750,0.026768,0.001242,0.000000,0.030000,-0.010650,0.000000
898,-405.414049,1000,8.648133,1,5,0.200000,0,1,-0.000290,-0.434000,0.024183,-0.000270,0.000000,0.005000,-0.000037,0.000000
899,118.680177,380,76.921168,2,2,1.000000,1,1,-0.000293,-0.031579,0.003798,-0.001518,0.000000,0.026316,-0.000197,0.315789
900,-124.181545,1000,4.049707,5,6,0.833333,0,1,-0.000292,-0.154500,0.007729,0.001145,0.000000,0.025000,-0.003263,0.000000
901,194.354507,720,42.922888,8,8,1.000000,1,1,-0.000294,-0.022917,0.076458,0.003165,0.000000,0.055556,-0.008698,0.166667
902,130.526136,441,66.426955,3,3,1.000000,1,1,-0.000294,-0.018707,0.007060,0.003583,0.000000,0.034014,-0.001786,0.272109
903,37.500617,1000,1.765837,7,8,0.875000,0,1,-0.000295,-0.037500,0.053701,0.001894,0.000000,0.035000,-0.015300,0.000000
904,-33.249427,1000,1.777238,2,6,0.333333,0,1,-0.000292,-0.051250,0.024359,0.000058,0.000000,0.010000,-0.016125,0.000000
905,117.566533,294,95.938622,1,1,1.000000,1,1,-0.000295,-0.023810,0.000770,-0.001949,0.000000,0.017007,0.000000,0.408163
906,70.325519,1000,1.353061,6,7,0.857143,0,1,-0.000296,-0.007500,0.049502,-0.000256,0.000000,0.030000,-0.001125,0.000000
907,0.068479,1000,0.646519,2,4,0.500000,0,1,-0.000295,-0.012500,0.003106,0.000246,0.000000,0.010000,-0.000487,0.000000
908,-2.406643,1000,0.587778,2,3,0.666667,0,1,-0.000295,-0.003500,0.001711,0.000665,0.000000,0.010000,-0.010987,0.000000
909,34.466611,1000,0.493736,2,3,0.666667,0,1,-0.000296,0.000000,0.025516,-0.000154,0.000000,0.010000,-0.000600,0.000000
910,49.607352,1000,0.678674,3,7,0.428571,0,1,-0.000297,0.000000,0.036220,-0.000341,0.000000,0.015000,-0.000975,0.000000
911,127.004963,18,1673.918724,2,2,1.000000,1,1,-0.000301,-0.166667,0.004281,0.000463,0.000000,0.555556,-0.004167,6.666667
912,-2.656648,1000,2.366344,7,8,0.875000,0,1,-0.000295,-0.044000,0.008251,0.001651,0.000000,0.035000,-0.003263,0.000000
913,21.385180,1000,1.211483,4,6,0.666667,0,1,-0.000297,-0.008250,0.011970,0.000700,0.000000,0.020000,-0.002738,0.000000
914,161.869124,941,32.180246,5,5,1.000000,1,1,-0.000297,-0.002391,0.020335,0.002192,0.000000,0.026567,-0.001913,0.127524
915,-198.593211,1000,5.845296,1,4,0.250000,0,1,-0.000292,-0.242750,0.040307,0.000230,0.000000,0.005000,-0.001087,0.000000
916,31.199887,1000,1.092658,5,6,0.833333,0,1,-0.000296,-0.017250,0.024366,0.000655,0.000000,0.025000,-0.001275,0.000000
917,-2.802280,1000,0.831479,2,3,0.666667,0,1,-0.000292,-0.021250,0.008752,0.000475,0.000000,0.010000,-0.000487,0.000000
918,2.773251,1000,1.052713,4,5,0.800000,0,1,-0.000297,-0.022000,0.005607,0.000251,0.000000,0.020000,-0.000787,0.000000
919,180.764165,645,48.099344,7,7,1.000000,1,1,-0.000297,-0.005426,0.044430,0.002226,0.000000,0.054264,-0.000988,0.186047
920,-239.435628,1000,5.317538,3,8,0.375000,0,1,-0.000292,-0.285250,0.031913,0.000393,0.000000,0.015000,-0.001200,0.000000
921,5.013428,1000,0.682041,3,4,0.750000,0,1,-0.000297,-0.010000,0.000965,0.000245,0.000000,0.015000,-0.000900,0.000000
922,-22.493229,1000,0.471491,1,2,0.500000,0,1,-0.000295,-0.026750,0.000555,-0.000966,0.000000,0.005000,-0.000037,0.000000
923,60.734298,1000,1.327583,6,7,0.857143,0,1,-0.000298,-0.015000,0.048131,0.001051,0.000000,0.030000,-0.003150,0.000000
924,161.322162,905,33.671645,7,7,1.000000,1,1,-0.000297,0.000000,0.017913,0.002091,0.000000,0.038674,-0.012721,0.132597
925,26.022148,1000,1.147822,5,6,0.833333,0,1,-0.000299,-0.006250,0.038235,-0.000027,0.000000,0.025000,-0.030638,0.000000
926,22.244875,1000,0.755723,4,8,0.500000,0,1,-0.000298,-0.006000,0.010000,0.000193,0.000000,0.020000,-0.001650,0.000000
927,-102.693800,1000,2.768133,1,3,0.333333,0,1,-0.000292,-0.113500,0.006359,-0.000223,0.000000,0.005000,-0.000037,0.000000
928,-349.376043,1000,6.200646,1,8,0.125000,0,1,-0.000291,-0.386750,0.034420,-0.000592,0.000000,0.005000,-0.001163,0.000000
929,144.978509,705,42.358373,3,3,1.000000,1,1,-0.000296,-0.030851,0.047404,0.003216,0.000000,0.021277,-0.005319,0.170213
930,126.234435,824,35.757949,2,2,1.000000,1,1,-0.000296,-0.016383,0.011751,0.000495,0.000000,0.012136,-0.000137,0.145631
931,130.485213,13,2368.728737,2,2,1.000000,1,1,-0.000296,-0.019231,0.028047,0.031689,0.000000,0.769231,-0.002885,9.230769
932,-6.592610,1000,0.463040,1,3,0.333333,0,1,-0.000297,-0.017250,0.006032,0.000822,0.000000,0.005000,-0.000900,0.000000
933,20.266385,1000,2.118979,7,8,0.875000,0,1,-0.000296,-0.044000,0.036462,0.001688,0.000000,0.035000,-0.008587,0.000000
934,40.134690,1000,1.258169,6,7,0.857143,0,1,-0.000298,0.000000,0.012990,0.002130,0.000000,0.030000,-0.004687,0.000000
935,106.681667,1000,1.544185,5,6,0.833333,0,1,-0.000298,0.000000,0.083411,0.001156,0.000000,0.025000,-0.002588,0.000000
936,115.263389,871,33.594969,2,2,1.000000,1,1,-0.000297,-0.019805,0.003167,0.000317,0.000000,0.011481,-0.000301,0.137773
937,62.388921,1000,1.419020,6,7,0.857143,0,1,-0.000298,-0.001500,0.035121,0.000791,0.000000,0.030000,-0.001725,0.000000
938,54.222622,1000,1.084061,5,7,0.714286,0,1,-0.000299,-0.000500,0.050140,0.000582,0.000000,0.025000,-0.020700,0.000000
939,-234.560271,1000,4.819247,1,6,0.166667,0,1,-0.000293,-0.241000,0.001972,0.000099,0.000000,0.005000,-0.000337,0.000000
940,49.966890,1000,1.717384,7,8,0.875000,0,1,-0.000297,-0.030000,0.061024,0.001077,0.000000,0.035000,-0.016837,0.000000
941,37.501410,1000,0.501832,2,3,0.666667,0,1,-0.000299,-0.006250,0.034073,0.000315,0.000000,0.010000,-0.000337,0.000000
942,-25.605369,1000,0.997064,3,4,0.750000,0,1,-0.000296,-0.030750,0.004886,0.000818,0.000000,0.015000,-0.015262,0.000000
943,-17.186616,1000,1.118444,3,4,0.750000,0,1,-0.000297,-0.053750,0.027485,0.000376,0.000000,0.015000,-0.006000,0.000000
944,58.486381,1000,0.779559,3,8,0.375000,0,1,-0.000295,-0.049750,0.093931,0.000013,0.000000,0.015000,-0.000412,0.000000
945,131.928677,584,50.064364,1,1,1.000000,1,1,-0.000295,-0.001712,0.012132,0.001739,0.000000,0.008562,0.000000,0.205479
946,38.098103,1000,0.265881,1,2,0.500000,0,1,-0.000295,-0.003750,0.042710,-0.000692,0.000000,0.005000,-0.004875,0.000000
947,131.653235,793,36.708643,1,1,1.000000,1,1,-0.000296,-0.002837,0.011354,0.000169,0.000000,0.006305,0.000000,0.151324
948,17.116839,1000,0.527270,2,3,0.666667,0,1,-0.000296,-0.001250,0.009314,-0.000576,0.000000,0.010000,-0.000075,0.000000
949,-49.177409,1000,2.767862,5,6,0.833333,0,1,-0.000295,-0.100500,0.029875,-0.000294,0.000000,0.025000,-0.002963,0.000000
950,-223.559302,1000,5.757565,5,7,0.714286,0,1,-0.000293,-0.232750,0.009591,0.000467,0.000000,0.025000,-0.025575,0.000000
951,76.744858,1000,0.742765,2,4,0.500000,0,1,-0.000296,0.000000,0.080219,0.000997,0.000000,0.010000,-0.014175,0.000000
952,-4.488350,1000,0.422631,2,3,0.666667,0,1,-0.000295,-0.001000,0.000658,-0.000989,0.000000,0.010000,-0.012862,0.000000
953,6.663806,1000,0.444525,2,5,0.400000,0,1,-0.000295,-0.003500,0.000644,-0.000110,0.000000,0.010000,-0.000075,0.000000
954,-24.814701,1000,0.387730,0,1,0.000000,0,0,-0.000293,-0.024750,0.000087,0.000141,0.000000,0.000000,0.000000,0.000000
955,-66.488550,1000,1.825403,3,8,0.375000,0,1,-0.000293,-0.077250,0.002376,-0.000322,0.000000,0.015000,-0.006000,0.000000
956,130.556641,883,33.257220,1,1,1.000000,1,1,-0.000295,-0.001416,0.006983,0.001021,0.000000,0.005663,0.000000,0.135900
957,21.924919,1000,1.417492,4,8,0.500000,0,1,-0.000296,-0.000500,0.002817,0.000354,0.000000,0.020000,-0.000450,0.000000
958,19.525338,1000,0.640247,4,8,0.500000,0,1,-0.000297,-0.001750,0.002745,-0.000273,0.000000,0.020000,-0.000900,0.000000
959,128.090654,840,34.828112,1,1,1.000000,1,1,-0.000296,-0.002976,0.007852,-0.000900,0.000000,0.005952,0.000000,0.142857
960,31.821902,1000,1.124887,4,6,0.666667,0,1,-0.000293,-0.031500,0.057003,0.001687,0.000000,0.020000,-0.015075,0.000000
961,46.929909,1000,0.651822,3,6,0.500000,0,1,-0.000297,-0.000250,0.039331,0.001171,0.000000,0.015000,-0.008025,0.000000
962,31.164783,1000,0.633451,1,2,0.500000,0,1,-0.000294,-0.021250,0.047335,0.000411,0.000000,0.005000,-0.000037,0.000000
963,23.419214,1000,0.727430,3,4,0.750000,0,1,-0.000297,-0.000500,0.025365,0.001514,0.000000,0.015000,-0.017662,0.000000
964,-1.097960,1000,0.461892,2,3,0.666667,0,1,-0.000296,-0.003500,0.001756,0.000130,0.000000,0.010000,-0.009187,0.000000
965,-347.575254,1000,4.591277,2,8,0.250000,0,1,-0.000291,-0.449000,0.092191,-0.000363,0.000000,0.010000,-0.000112,0.000000
966,20.346728,1000,0.326713,2,4,0.500000,0,1,-0.000299,-0.000750,0.013035,-0.000514,0.000000,0.010000,-0.001125,0.000000
967,15.632046,1000,1.952780,7,8,0.875000,0,1,-0.000296,-0.034750,0.024126,0.000552,0.000000,0.035000,-0.009000,0.000000
968,125.563407,410,70.387001,1,1,1.000000,1,1,-0.000298,-0.007927,0.009577,0.000023,0.000000,0.012195,0.000000,0.292683
969,5.743375,1000,0.328293,1,2,0.500000,0,1,-0.000294,-0.010750,0.011843,0.000020,0.000000,0.005000,-0.000075,0.000000
970,5.652927,1000,0.799666,4,5,0.800000,0,1,-0.000296,-0.013000,0.012416,0.000071,0.000000,0.020000,-0.013537,0.000000
971,-100.499619,1000,1.079623,0,1,0.000000,0,0,-0.000293,-0.099000,0.000000,-0.001206,0.000000,0.000000,0.000000,0.000000
972,122.456507,6,4039.020264,1,1,1.000000,1,1,-0.000316,-0.500000,0.006299,0.070101,0.000000,0.833333,0.000000,20.000000
973,141.715180,958,31.624920,6,6,1.000000,1,1,-0.000297,0.000000,0.005022,0.002128,0.000000,0.031315,-0.015501,0.125261
974,36.678330,1000,0.906393,3,4,0.750000,0,1,-0.000298,-0.019000,0.062142,0.000171,0.000000,0.015000,-0.021338,0.000000
975,155.959704,773,39.140648,7,7,1.000000,1,1,-0.000296,-0.013260,0.014883,0.002001,0.000000,0.045278,-0.002086,0.155239
976,44.971777,1000,1.613444,6,8,0.750000,0,1,-0.000296,-0.035500,0.051499,0.000693,0.000000,0.030000,-0.001425,0.000000
977,-144.179325,1000,2.467859,1,3,0.333333,0,1,-0.000293,-0.162000,0.013984,-0.000833,0.000000,0.005000,-0.000037,0.000000
978,147.416258,1000,1.202634,6,7,0.857143,0,1,-0.000297,0.000000,0.118794,0.001020,0.000000,0.030000,-0.002100,0.000000
979,124.993301,1,7675.346252,1,1,1.000000,1,1,-0.000329,0.000000,0.000000,-0.006371,0.000000,5.000000,0.000000,120.000000
980,125.598816,9,2946.553848,1,1,1.000000,1,1,-0.000302,0.000000,0.017332,0.049505,0.000000,0.555556,0.000000,13.333333
981,-9.118141,1000,1.224689,2,4,0.500000,0,1,-0.000297,-0.012750,0.013263,0.000090,0.000000,0.010000,-0.019425,0.000000
982,-272.653272,1000,5.341598,1,5,0.200000,0,1,-0.000292,-0.287500,0.010623,-0.000447,0.000000,0.005000,-0.000037,0.000000
983,136.072530,889,34.001025,5,5,1.000000,1,1,-0.000296,-0.036277,0.032233,0.000752,0.000000,0.028121,-0.006454,0.134983
984,23.983709,1000,1.151722,5,6,0.833333,0,1,-0.000296,-0.027000,0.038869,0.001024,0.000000,0.025000,-0.013612,0.000000
985,157.511283,414,74.322222,8,8,1.000000,1,1,-0.000296,-0.027778,0.027333,0.002157,0.000000,0.096618,-0.007428,0.289855
986,133.387967,93,319.949892,3,3,1.000000,1,1,-0.000297,-0.034946,0.008144,0.010572,0.000000,0.161290,-0.000806,1.290323
987,8.368337,1000,1.672488,4,5,0.800000,0,1,-0.000297,-0.040750,0.034686,0.000879,0.000000,0.020000,-0.006150,0.000000
988,46.644205,1000,1.814781,5,6,0.833333,0,1,-0.000297,-0.065000,0.097645,0.001371,0.000000,0.025000,-0.012075,0.000000
989,42.316126,1000,1.395215,4,8,0.500000,0,1,-0.000297,-0.029750,0.053774,0.000126,0.000000,0.020000,-0.001538,0.000000
990,-12.957574,1000,1.985672,6,8,0.750000,0,1,-0.000297,-0.047750,0.019495,0.002057,0.000000,0.030000,-0.016462,0.000000
991,-5.727642,1000,0.435651,1,2,0.500000,0,1,-0.000297,-0.011750,0.001833,0.000836,0.000000,0.005000,-0.001350,0.000000
992,-8.285935,1000,0.339190,1,2,0.500000,0,1,-0.000296,-0.013250,0.001971,-0.001073,0.000000,0.005000,-0.000637,0.000000
993,132.551647,1000,1.676184,6,7,0.857143,0,1,-0.000298,0.000000,0.103632,0.001542,0.000000,0.030000,-0.002325,0.000000
994,-5.649070,1000,0.551334,1,2,0.500000,0,1,-0.000296,-0.047500,0.037053,0.000357,0.000000,0.005000,-0.000263,0.000000
995,-293.550797,1000,4.456188,0,5,0.000000,0,0,-0.000292,-0.306500,0.013879,-0.000638,0.000000,0.000000,0.000000,0.000000
996,152.680836,609,49.580902,7,7,1.000000,1,1,-0.000298,-0.007800,0.005447,0.002907,0.000000,0.057471,-0.004064,0.197044
997,-208.411876,1000,3.824634,1,3,0.333333,0,1,-0.000291,-0.229500,0.016828,-0.000412,0.000000,0.005000,-0.000037,0.000000
998,38.634693,1000,0.704536,3,6,0.500000,0,1,-0.000299,-0.005250,0.029484,0.000338,0.000000,0.015000,-0.000637,0.000000
999,-422.815109,1000,5.287300,2,5,0.400000,0,1,-0.000291,-0.441750,0.010332,-0.000769,0.000000,0.010000,-0.000337,0.000000
1000,164.617526,483,61.484425,6,6,1.000000,1,1,-0.000300,0.000000,0.033089,0.000735,0.000000,0.062112,-0.003261,0.248447
1001,-287.141418,1000,7.409057,2,4,0.500000,0,1,-0.000294,-0.338250,0.049049,-0.000034,0.000000,0.010000,-0.007612,0.000000
1002,174.379345,714,43.595335,8,8,1.000000,1,1,-0.000297,-0.025910,0.056873,0.002026,0.000000,0.056022,-0.012553,0.168067
1003,124.724513,8,3313.659042,1,1,1.000000,1,1,-0.000305,-0.062500,0.005836,0.022534,0.000000,0.625000,0.000000,15.000000
1004,131.786036,247,122.824906,5,5,1.000000,1,1,-0.000297,-0.068826,0.015152,0.004117,0.000000,0.101215,-0.003644,0.485830
1005,109.590685,359,81.571158,2,2,1.000000,1,1,-0.000297,-0.057799,0.002643,-0.000562,0.000000,0.027855,-0.000836,0.334262
1006,197.139279,461,64.841175,8,8,1.000000,1,1,-0.000299,0.000000,0.105799,0.002638,0.000000,0.086768,-0.027576,0.260304
1007,138.320519,689,42.740058,2,2,1.000000,1,1,-0.000294,-0.034107,0.046604,0.000853,0.000000,0.014514,-0.000980,0.174165
1008,5.593140,1000,1.966697,3,5,0.600000,0,1,-0.000297,-0.040000,0.032780,-0.000015,0.000000,0.015000,-0.001875,0.000000
1009,-88.690428,1000,2.408624,1,3,0.333333,0,1,-0.000295,-0.105250,0.012039,-0.000109,0.000000,0.005000,-0.000075,0.000000
1010,119.502892,365,78.480127,2,2,1.000000,1,1,-0.000297,-0.032877,0.006108,-0.001180,0.000000,0.027397,-0.000514,0.328767
1011,155.058916,362,80.004188,5,5,1.000000,1,1,-0.000299,0.000000,0.031288,0.001874,0.000000,0.069061,-0.005076,0.331492
1012,-169.184095,1000,4.265406,4,5,0.800000,0,1,-0.000295,-0.198750,0.013183,-0.000847,0.000000,0.020000,-0.002475,0.000000
1013,80.330248,1000,1.132258,3,4,0.750000,0,1,-0.000298,0.000000,0.067712,0.000354,0.000000,0.015000,-0.002438,0.000000
1014,162.554845,848,35.156986,7,7,1.000000,1,1,-0.000299,0.000000,0.013147,0.002474,0.000000,0.041274,-0.006412,0.141509
1015,119.772138,626,49.531349,6,6,1.000000,1,1,-0.000297,-0.088259,0.042925,0.003034,0.000000,0.047923,-0.005691,0.191693
1016,-51.877590,1000,1.284254,1,2,0.500000,0,1,-0.000296,-0.056500,0.001232,-0.000489,0.000000,0.005000,-0.000825,0.000000
1017,125.650379,13,2153.668465,1,1,1.000000,1,1,-0.000308,0.000000,0.015386,0.034952,0.000000,0.384615,0.000000,9.230769
1018,34.045583,1000,1.098330,4,6,0.666667,0,1,-0.000296,-0.017000,0.032771,-0.000455,0.000000,0.020000,-0.000975,0.000000
1019,145.910504,181,161.995481,4,4,1.000000,1,1,-0.000299,-0.001381,0.034049,0.006916,0.000000,0.110497,-0.006630,0.662983
1020,125.206765,5,4486.763138,1,1,1.000000,1,1,-0.000285,0.000000,0.013925,0.027714,0.000000,1.000000,0.000000,24.000000
1021,150.700461,475,61.141894,3,3,1.000000,1,1,-0.000301,0.000000,0.034912,0.001363,0.000000,0.031579,-0.002921,0.252632
1022,-75.710315,1000,3.066594,4,8,0.500000,0,1,-0.000296,-0.142750,0.048713,0.000235,0.000000,0.020000,-0.001613,0.000000
1023,50.115055,1000,1.978699,7,8,0.875000,0,1,-0.000296,-0.010000,0.032464,0.000935,0.000000,0.035000,-0.007987,0.000000
1024,177.315072,791,38.112462,7,7,1.000000,1,1,-0.000298,-0.002528,0.034192,0.002250,0.000000,0.044248,-0.005405,0.151707
1025,167.160741,329,88.586574,4,4,1.000000,1,1,-0.000297,-0.014438,0.096603,0.004448,0.000000,0.060790,-0.003761,0.364742
1026,0.900831,1000,1.034756,2,3,0.666667,0,1,-0.000297,-0.021500,0.013391,-0.000430,0.000000,0.010000,-0.000263,0.000000
1027,14.425586,1000,3.369317,7,8,0.875000,0,1,-0.000296,-0.027250,0.008615,0.000982,0.000000,0.035000,-0.002625,0.000000
1028,-243.078419,1000,6.073307,4,5,0.800000,0,1,-0.000290,-0.287750,0.024824,0.000475,0.000000,0.020000,-0.000337,0.000000
1029,-10.257526,1000,1.092564,3,4,0.750000,0,1,-0.000296,-0.032000,0.006109,0.001492,0.000000,0.015000,-0.000562,0.000000
1030,166.274378,917,32.674232,6,6,1.000000,1,1,-0.000296,-0.017993,0.037089,0.001729,0.000000,0.032715,-0.002781,0.130862
1031,2.883047,1000,0.715898,3,4,0.750000,0,1,-0.000297,-0.013500,0.004468,0.000100,0.000000,0.015000,-0.002888,0.000000
1032,51.191708,1000,1.066952,5,7,0.714286,0,1,-0.000299,0.000000,0.034845,-0.000029,0.000000,0.025000,-0.008325,0.000000
1033,78.663860,699,44.090592,5,5,1.000000,1,1,-0.000296,-0.111946,0.024068,0.001105,0.000000,0.035765,-0.007833,0.171674
1034,-64.243518,1000,1.893864,5,6,0.833333,0,1,-0.000294,-0.097750,0.013588,0.000650,0.000000,0.025000,-0.005437,0.000000
1035,48.970915,1000,0.805783,3,4,0.750000,0,1,-0.000298,-0.005500,0.041720,-0.000751,0.000000,0.015000,-0.001200,0.000000
1036,-140.105209,1000,3.956777,5,6,0.833333,0,1,-0.000295,-0.207500,0.052560,0.001080,0.000000,0.025000,-0.010950,0.000000
1037,128.367482,200,148.437760,3,3,1.000000,1,1,-0.000296,-0.045000,0.010377,0.009819,0.000000,0.075000,-0.008063,0.600000
1038,26.956389,1000,0.688961,3,4,0.750000,0,1,-0.000299,-0.000750,0.014474,0.000069,0.000000,0.015000,-0.001538,0.000000
1039,31.348408,1000,1.150693,5,6,0.833333,0,1,-0.000298,-0.024500,0.031026,0.001058,0.000000,0.025000,-0.000937,0.000000
1040,133.880968,90,324.735531,2,2,1.000000,1,1,-0.000299,0.000000,0.031939,0.011898,0.000000,0.111111,-0.000417,1.333333
1041,157.380118,539,58.316691,6,6,1.000000,1,1,-0.000300,0.000000,0.014846,0.001303,0.000000,0.055659,-0.002157,0.222635
1042,-19.970265,1000,1.242716,3,4,0.750000,0,1,-0.000296,-0.049250,0.024666,-0.000041,0.000000,0.015000,-0.010050,0.000000
1043,114.427378,522,60.475030,3,3,1.000000,1,1,-0.000297,-0.042625,0.002276,0.001306,0.000000,0.028736,-0.000072,0.229885
1044,48.625881,1000,1.140016,5,6,0.833333,0,1,-0.000300,-0.004750,0.030678,0.002160,0.000000,0.025000,-0.004163,0.000000
1045,2.978638,1000,1.319947,4,5,0.800000,0,1,-0.000299,-0.031250,0.020224,-0.000447,0.000000,0.020000,-0.005250,0.000000
1046,-21.330324,1000,0.581859,1,2,0.500000,0,1,-0.000296,-0.029500,0.003519,0.000023,0.000000,0.005000,-0.000075,0.000000
1047,36.899136,1000,0.753369,3,8,0.375000,0,1,-0.000297,-0.026500,0.049902,-0.000419,0.000000,0.015000,-0.000787,0.000000
1048,125.357275,840,35.537521,2,2,1.000000,1,1,-0.000296,-0.043155,0.045039,0.000340,0.000000,0.011905,-0.007455,0.142857
1049,125.533782,9,3014.659897,1,1,1.000000,1,1,-0.000302,0.000000,0.000000,0.059611,0.000000,0.555556,0.000000,13.333333
1050,34.316379,1000,1.435159,6,7,0.857143,0,1,-0.000299,-0.020750,0.032368,0.001022,0.000000,0.030000,-0.008025,0.000000
1051,157.050439,356,85.142478,7,7,1.000000,1,1,-0.000296,-0.013343,0.017579,0.008139,0.000000,0.098315,-0.006320,0.337079
1052,31.714990,1000,0.550044,1,2,0.500000,0,1,-0.000297,-0.027750,0.058127,-0.000777,0.000000,0.005000,-0.002588,0.000000
1053,-14.861153,1000,1.136561,3,6,0.500000,0,1,-0.000297,-0.036500,0.006129,0.001032,0.000000,0.015000,-0.000225,0.000000
1054,4.125970,1000,1.107670,3,5,0.600000,0,1,-0.000298,-0.024250,0.014757,0.000191,0.000000,0.015000,-0.001275,0.000000
1055,58.062967,1000,1.343791,6,8,0.750000,0,1,-0.000299,0.000000,0.032689,0.001035,0.000000,0.030000,-0.005363,0.000000
1056,139.443598,410,71.862923,5,5,1.000000,1,1,-0.000298,-0.020122,0.005433,0.003355,0.000000,0.060976,-0.001921,0.292683
1057,104.826093,687,45.703295,6,6,1.000000,1,1,-0.000299,-0.076783,0.013358,0.000588,0.000000,0.043668,-0.002620,0.174672
1058,81.190870,1000,1.443265,6,7,0.857143,0,1,-0.000298,0.000000,0.051483,0.001469,0.000000,0.030000,-0.001463,0.000000
1059,107.369976,1000,0.943023,5,6,0.833333,0,1,-0.000299,0.000000,0.083995,0.000024,0.000000,0.025000,-0.001350,0.000000
1060,175.647127,944,32.032115,7,7,1.000000,1,1,-0.000299,-0.002119,0.026053,0.000938,0.000000,0.037076,-0.002701,0.127119
1061,-90.537744,1000,2.763737,3,6,0.500000,0,1,-0.000295,-0.135250,0.029371,0.001348,0.000000,0.015000,-0.000712,0.000000
1062,19.534266,1000,1.110155,4,5,0.800000,0,1,-0.000299,-0.019750,0.041202,0.000431,0.000000,0.020000,-0.022050,0.000000
1063,166.103485,860,34.565739,3,3,1.000000,1,1,-0.000299,0.000000,0.037694,-0.000269,0.000000,0.017442,-0.000959,0.139535
1064,143.348372,783,38.212894,5,5,1.000000,1,1,-0.000298,-0.004151,0.011618,0.000204,0.000000,0.031928,-0.009483,0.153257
1065,47.525799,1000,1.543564,7,8,0.875000,0,1,-0.000298,-0.025000,0.040653,0.000659,0.000000,0.035000,-0.003488,0.000000
1066,161.264302,802,37.882735,7,7,1.000000,1,1,-0.000298,-0.018703,0.031056,0.003144,0.000000,0.043641,-0.007388,0.149626
1067,141.433854,815,36.668974,6,6,1.000000,1,1,-0.000297,-0.019325,0.012360,-0.000028,0.000000,0.036810,-0.003221,0.147239
1068,54.195151,671,47.373140,6,6,1.000000,1,1,-0.000295,-0.159836,0.016864,0.001047,0.000000,0.044709,-0.000559,0.178838
1069,127.123995,342,83.738207,2,2,1.000000,1,1,-0.000297,-0.014620,0.006887,0.000607,0.000000,0.029240,-0.000987,0.350877
1070,83.739902,548,56.408556,6,6,1.000000,1,1,-0.000296,-0.124544,0.005118,0.000383,0.000000,0.054745,-0.001574,0.218978
1071,70.402997,1000,1.537074,5,6,0.833333,0,1,-0.000297,-0.002500,0.047391,0.002309,0.000000,0.025000,-0.001500,0.000000
1072,108.036844,527,55.733288,1,1,1.000000,1,1,-0.000294,-0.031784,0.000062,-0.000173,0.000000,0.009488,0.000000,0.227704
1073,-411.049275,1000,10.866916,4,6,0.666667,0,1,-0.000293,-0.384750,0.007349,0.000269,0.000000,0.020000,-0.053625,0.000000
1074,136.005220,126,228.696084,3,3,1.000000,1,1,-0.000295,-0.037698,0.042002,0.004565,0.000000,0.119048,-0.000595,0.952381
1075,25.319541,1000,1.671232,3,6,0.500000,0,1,-0.000299,-0.046250,0.058617,-0.000736,0.000000,0.015000,-0.001012,0.000000
1076,-29.119073,1000,0.930270,1,2,0.500000,0,1,-0.000297,-0.039750,0.005552,0.000751,0.000000,0.005000,-0.000375,0.000000
1077,123.616880,65,438.565079,2,2,1.000000,1,1,-0.000296,-0.100000,0.005343,-0.002095,0.000000,0.153846,-0.001154,1.846154
1078,141.650139,497,59.177883,3,3,1.000000,1,1,-0.000296,0.000000,0.013521,0.001137,0.000000,0.030181,-0.000981,0.241449
1079,125.135373,18,1543.377304,1,1,1.000000,1,1,-0.000308,0.000000,0.002382,0.005447,0.000000,0.277778,0.000000,6.666667
1080,138.381699,374,77.507221,4,4,1.000000,1,1,-0.000296,-0.008021,0.002232,0.002761,0.000000,0.053476,-0.001003,0.320856
1081,123.013933,831,35.601395,3,3,1.000000,1,1,-0.000299,-0.022864,0.008529,0.001159,0.000000,0.018051,-0.000948,0.144404
1082,113.611842,626,46.372558,1,1,1.000000,1,1,-0.000299,-0.019569,0.000275,0.001400,0.000000,0.007987,0.000000,0.191693
1083,-138.988973,1000,4.095933,3,6,0.500000,0,1,-0.000296,-0.166250,0.013416,-0.000596,0.000000,0.015000,-0.000263,0.000000
1084,159.512789,348,84.146538,5,5,1.000000,1,1,-0.000298,-0.002874,0.044901,0.004392,0.000000,0.071839,-0.004418,0.344828
1085,-10.253953,1000,1.698512,4,5,0.800000,0,1,-0.000300,-0.031250,0.006447,0.001561,0.000000,0.020000,-0.006712,0.000000
1086,115.232603,380,75.938956,2,2,1.000000,1,1,-0.000297,-0.042763,0.003611,0.000982,0.000000,0.026316,-0.000395,0.315789
1087,-37.259908,1000,2.224529,5,6,0.833333,0,1,-0.000298,-0.059750,0.023699,0.000377,0.000000,0.025000,-0.026288,0.000000
1088,133.450525,451,65.161703,5,5,1.000000,1,1,-0.000300,-0.027716,0.004631,0.004927,0.000000,0.055432,-0.007151,0.266075
1089,14.833065,1000,1.755599,5,6,0.833333,0,1,-0.000298,-0.022500,0.016625,0.000694,0.000000,0.025000,-0.004687,0.000000
1090,16.682264,1000,1.686779,6,8,0.750000,0,1,-0.000298,-0.054500,0.042146,0.001322,0.000000,0.030000,-0.001988,0.000000
1091,119.740361,750,40.466059,7,7,1.000000,1,1,-0.000299,-0.069000,0.036381,0.001755,0.000000,0.046667,-0.015850,0.160000
1092,110.700690,622,46.770506,2,2,1.000000,1,1,-0.000297,-0.033360,0.002328,0.000723,0.000000,0.016077,-0.000422,0.192926
1093,167.085903,820,36.338727,7,7,1.000000,1,1,-0.000300,0.000000,0.017833,0.001092,0.000000,0.042683,-0.003887,0.146341
1094,125.586765,8,3248.648605,1,1,1.000000,1,1,-0.000306,0.000000,0.008301,0.065350,0.000000,0.625000,0.000000,15.000000
1095,114.681711,39,721.932114,1,1,1.000000,1,1,-0.000297,-0.262821,0.005368,-0.006822,0.000000,0.128205,0.000000,3.076923
1096,45.705464,1000,0.958709,3,6,0.500000,0,1,-0.000296,-0.007750,0.038883,0.000656,0.000000,0.015000,-0.000787,0.000000
1097,-175.616383,1000,4.576623,4,5,0.800000,0,1,-0.000295,-0.208000,0.014801,0.000014,0.000000,0.020000,-0.002138,0.000000
1098,-19.816668,1000,1.420227,4,5,0.800000,0,1,-0.000298,-0.039750,0.002118,0.001038,0.000000,0.020000,-0.002925,0.000000
1099,-3.446289,1000,0.940938,2,4,0.500000,0,1,-0.000295,-0.016000,0.003017,0.000695,0.000000,0.010000,-0.000862,0.000000
1100,134.489933,789,37.714919,3,3,1.000000,1,1,-0.000296,-0.029785,0.028885,0.001071,0.000000,0.019011,-0.000523,0.152091
1101,-136.370374,1000,5.131638,4,6,0.666667,0,1,-0.000297,-0.173500,0.019247,0.000017,0.000000,0.020000,-0.001838,0.000000
1102,42.324995,1000,0.637024,2,3,0.666667,0,1,-0.000297,-0.016750,0.050894,-0.000547,0.000000,0.010000,-0.000975,0.000000
1103,160.490727,633,48.112762,8,8,1.000000,1,1,-0.000298,-0.026461,0.034821,0.000889,0.000000,0.063191,-0.008175,0.189573
1104,121.529075,482,66.730321,5,5,1.000000,1,1,-0.000299,-0.054461,0.003187,0.004356,0.000000,0.051867,-0.001478,0.248963
1105,122.647113,13,2160.840096,1,1,1.000000,1,1,-0.000302,-0.288462,0.008876,0.098896,0.000000,0.384615,0.000000,9.230769
1106,125.924877,163,172.678818,1,1,1.000000,1,1,-0.000297,-0.006135,0.010520,0.001587,0.000000,0.030675,0.000000,0.736196
1107,39.183465,1000,1.499245,6,7,0.857143,0,1,-0.000296,0.000000,0.014323,0.001606,0.000000,0.030000,-0.006450,0.000000
1108,109.182176,776,38.553478,4,4,1.000000,1,1,-0.000296,-0.035116,0.001924,0.002279,0.000000,0.025773,-0.008505,0.154639
1109,78.543801,559,53.048440,2,2,1.000000,1,1,-0.000296,-0.092576,0.001737,-0.000446,0.000000,0.017889,-0.000470,0.214669
1110,107.792275,983,30.265844,3,3,1.000000,1,1,-0.000297,-0.024415,0.006466,0.001135,0.000000,0.015259,-0.010567,0.122075
1111,123.418485,522,54.569784,4,4,1.000000,1,1,-0.000297,-0.040709,0.009137,0.002259,0.000000,0.038314,-0.002155,0.229885
1112,4.661703,1000,1.446021,4,7,0.571429,0,1,-0.000297,-0.016000,0.001771,0.000013,0.000000,0.020000,-0.000825,0.000000
1113,130.432423,43,659.749119,2,2,1.000000,1,1,-0.000297,-0.029070,0.007525,0.032770,0.000000,0.232558,-0.000872,2.790698
1114,-251.355119,1000,5.100547,0,1,0.000000,0,0,-0.000296,-0.254250,0.004743,-0.001552,0.000000,0.000000,0.000000,0.000000
1115,72.875319,819,36.183025,2,2,1.000000,1,1,-0.000298,-0.070818,0.002358,-0.000579,0.000000,0.012210,-0.000412,0.146520
1116,125.485858,18,1574.210686,1,1,1.000000,1,1,-0.000302,-0.027778,0.017428,0.037644,0.000000,0.277778,0.000000,6.666667
1117,-186.596674,1000,3.424294,3,8,0.375000,0,1,-0.000296,-0.239500,0.042456,-0.000019,0.000000,0.015000,-0.004238,0.000000
1118,208.230275,797,40.002288,6,6,1.000000,1,1,-0.000297,-0.063990,0.138622,-0.000003,0.000000,0.037641,-0.001270,0.150565
1119,140.595275,741,42.554444,8,8,1.000000,1,1,-0.000298,-0.044872,0.025155,0.002430,0.000000,0.053981,-0.008603,0.161943
1120,-173.476631,1000,3.653818,4,6,0.666667,0,1,-0.000296,-0.204500,0.013644,0.000037,0.000000,0.020000,-0.002363,0.000000
1121,-108.664821,1000,2.745828,0,3,0.000000,0,0,-0.000295,-0.113000,0.005459,-0.000829,0.000000,0.000000,0.000000,0.000000
1122,21.073910,1000,1.004421,4,5,0.800000,0,1,-0.000300,-0.010000,0.012866,0.001245,0.000000,0.020000,-0.002738,0.000000
1123,-18.589991,1000,0.314821,0,1,0.000000,0,0,-0.000296,-0.017000,0.000000,-0.001294,0.000000,0.000000,0.000000,0.000000
1124,130.730463,392,75.844926,4,4,1.000000,1,1,-0.000297,-0.031888,0.011669,0.005192,0.000000,0.051020,-0.008323,0.306122
1125,40.232963,1000,0.998815,5,7,0.714286,0,1,-0.000299,0.000000,0.036319,0.000251,0.000000,0.025000,-0.021038,0.000000
1126,152.393650,676,45.006104,7,7,1.000000,1,1,-0.000299,-0.019601,0.016541,0.002443,0.000000,0.051775,-0.002940,0.177515
1127,-390.489773,1000,7.689861,1,6,0.166667,0,1,-0.000292,-0.463000,0.070717,-0.000214,0.000000,0.005000,-0.002700,0.000000
1128,126.255866,371,79.323607,3,3,1.000000,1,1,-0.000298,-0.023585,0.008772,0.001042,0.000000,0.040431,-0.009501,0.323450
1129,114.581073,907,34.058061,5,5,1.000000,1,1,-0.000299,-0.064223,0.033035,0.001793,0.000000,0.027563,-0.003845,0.132304
1130,-51.923203,1000,1.556744,2,3,0.666667,0,1,-0.000297,-0.066250,0.005444,-0.000183,0.000000,0.010000,-0.000637,0.000000
1131,-86.624532,1000,2.945129,4,5,0.800000,0,1,-0.000297,-0.108250,0.009150,-0.000215,0.000000,0.020000,-0.007012,0.000000
1132,37.074039,1000,1.295621,6,7,0.857143,0,1,-0.000298,0.000000,0.009145,0.001040,0.000000,0.030000,-0.002813,0.000000
1133,148.664775,892,35.381204,6,6,1.000000,1,1,-0.000299,-0.024383,0.025823,0.000684,0.000000,0.033632,-0.003321,0.134529
1134,136.775055,454,65.364393,4,4,1.000000,1,1,-0.000298,-0.024229,0.018571,0.001578,0.000000,0.044053,-0.002726,0.264317
1135,88.567177,1000,1.794665,7,8,0.875000,0,1,-0.000300,0.000000,0.062308,0.000633,0.000000,0.035000,-0.009075,0.000000
1136,169.773821,971,30.714799,6,6,1.000000,1,1,-0.000300,-0.005149,0.028230,0.001252,0.000000,0.030896,-0.003669,0.123584
1137,204.962144,669,45.591075,8,8,1.000000,1,1,-0.000298,0.000000,0.074019,0.001727,0.000000,0.059791,-0.008240,0.179372
1138,155.576374,192,154.491382,5,5,1.000000,1,1,-0.000300,-0.054688,0.111895,-0.000260,0.000000,0.130208,-0.001562,0.625000
1139,141.048502,49,598.383951,4,4,1.000000,1,1,-0.000302,-0.025510,0.020863,0.033999,0.000000,0.408163,-0.007653,2.448980
1140,141.675210,272,110.261788,3,3,1.000000,1,1,-0.000299,0.000000,0.022616,0.002500,0.000000,0.055147,-0.000276,0.441176
1141,-30.463152,1000,1.857352,2,3,0.666667,0,1,-0.000295,-0.048250,0.009330,-0.000536,0.000000,0.010000,-0.000712,0.000000
1142,124.562782,12,2248.658791,1,1,1.000000,1,1,-0.000312,-0.083333,0.000000,0.047211,0.000000,0.416667,0.000000,10.000000
1143,158.131256,917,33.872834,6,6,1.000000,1,1,-0.000298,-0.032170,0.043600,0.003420,0.000000,0.032715,-0.005684,0.130862
1144,149.064738,448,65.878773,5,5,1.000000,1,1,-0.000297,-0.030134,0.037882,0.003883,0.000000,0.055804,-0.002260,0.267857
1145,166.486072,691,43.276228,5,5,1.000000,1,1,-0.000299,-0.001447,0.036266,0.002163,0.000000,0.036179,-0.005590,0.173661
1146,95.807874,593,50.778466,5,5,1.000000,1,1,-0.000300,-0.074199,0.005568,0.000458,0.000000,0.042159,-0.014481,0.202361
1147,-15.471073,1000,1.660514,2,3,0.666667,0,1,-0.000299,-0.025500,0.008051,0.001539,0.000000,0.010000,-0.009262,0.000000
1148,154.631952,524,56.219918,7,7,1.000000,1,1,-0.000298,-0.026240,0.022850,0.004918,0.000000,0.066794,-0.001932,0.229008
1149,-227.748153,1000,5.884042,5,8,0.625000,0,1,-0.000295,-0.254000,0.009129,0.000481,0.000000,0.025000,-0.008062,0.000000
1150,11.493674,1000,0.738192,2,3,0.666667,0,1,-0.000299,0.000000,0.003907,-0.000352,0.000000,0.010000,-0.001763,0.000000
1151,-433.703400,1000,10.245430,2,6,0.333333,0,1,-0.000292,-0.412250,0.010781,0.000471,0.000000,0.010000,-0.042413,0.000000
1152,145.271894,491,60.474967,7,7,1.000000,1,1,-0.000299,-0.022403,0.010796,0.001564,0.000000,0.071283,-0.009470,0.244399
1153,131.321836,107,266.161531,2,2,1.000000,1,1,-0.000301,-0.009346,0.018777,0.006377,0.000000,0.093458,-0.003154,1.121495
1154,120.054855,243,117.799069,1,1,1.000000,1,1,-0.000298,-0.022634,0.002498,0.000083,0.000000,0.020576,0.000000,0.493827
1155,-78.822036,1000,2.342360,4,6,0.666667,0,1,-0.000297,-0.111500,0.022475,0.000175,0.000000,0.020000,-0.009675,0.000000
1156,-280.782998,1000,5.441524,3,5,0.600000,0,1,-0.000294,-0.305500,0.010628,-0.000054,0.000000,0.015000,-0.000562,0.000000
1157,17.339830,1000,1.305471,4,5,0.800000,0,1,-0.000298,-0.022500,0.032621,0.001241,0.000000,0.020000,-0.013725,0.000000
1158,125.010229,1,7613.044342,1,1,1.000000,1,1,-0.000329,0.000000,0.000000,0.010558,0.000000,5.000000,0.000000,120.000000
1159,130.868141,105,270.467249,2,2,1.000000,1,1,-0.000299,-0.009524,0.013570,0.005236,0.000000,0.095238,-0.000714,1.142857
1160,-27.524106,1000,2.972811,6,7,0.857143,0,1,-0.000298,-0.076500,0.053118,0.001668,0.000000,0.030000,-0.035513,0.000000
1161,-83.238240,1000,1.838614,2,4,0.500000,0,1,-0.000298,-0.087500,0.011844,0.000416,0.000000,0.010000,-0.017700,0.000000
1162,-23.033452,1000,1.078508,3,5,0.600000,0,1,-0.000298,-0.028500,0.004437,0.000952,0.000000,0.015000,-0.014625,0.000000
1163,174.128093,193,156.638714,3,3,1.000000,1,1,-0.000299,0.000000,0.200935,0.002489,0.000000,0.077720,-0.000389,0.621762
1164,124.346771,8,3204.332001,1,1,1.000000,1,1,-0.000310,-0.062500,0.000000,-0.018844,0.000000,0.625000,0.000000,15.000000
1165,142.129302,77,372.003325,4,4,1.000000,1,1,-0.000298,0.000000,0.018134,0.013227,0.000000,0.259740,-0.003409,1.558442
1166,-8.317547,1000,1.125880,2,4,0.500000,0,1,-0.000299,-0.023000,0.006581,-0.000363,0.000000,0.010000,-0.001238,0.000000
1167,152.579339,194,147.522331,4,4,1.000000,1,1,-0.000300,0.000000,0.070000,-0.000026,0.000000,0.103093,-0.004832,0.618557
1168,111.337726,306,93.796574,2,2,1.000000,1,1,-0.000298,-0.066993,0.003242,0.003429,0.000000,0.032680,-0.000368,0.392157
1169,165.664844,963,32.683616,5,5,1.000000,1,1,-0.000299,-0.002856,0.035847,0.002474,0.000000,0.025961,-0.013707,0.124611
1170,182.235141,573,51.309770,7,7,1.000000,1,1,-0.000300,-0.006108,0.057800,0.002553,0.000000,0.061082,-0.006414,0.209424
1171,-350.134939,1000,5.936663,4,5,0.800000,0,1,-0.000292,-0.387000,0.017884,0.000285,0.000000,0.020000,-0.001012,0.000000
1172,61.947895,739,40.657830,1,1,1.000000,1,1,-0.000297,-0.084235,0.000217,-0.001006,0.000000,0.006766,0.000000,0.162382
1173,-312.530054,1000,4.813514,4,5,0.800000,0,1,-0.000293,-0.350750,0.019390,-0.000653,0.000000,0.020000,-0.000225,0.000000
1174,152.784342,865,34.911855,6,6,1.000000,1,1,-0.000299,-0.028035,0.039110,0.001590,0.000000,0.034682,-0.009147,0.138728
1175,143.392420,139,204.775474,4,4,1.000000,1,1,-0.000300,0.000000,0.019039,0.012682,0.000000,0.143885,-0.007014,0.863309
1176,154.617946,657,45.426713,5,5,1.000000,1,1,-0.000297,-0.050989,0.064985,0.002254,0.000000,0.038052,-0.001313,0.182648
1177,128.937524,263,107.539833,2,2,1.000000,1,1,-0.000301,-0.013308,0.010624,0.000799,0.000000,0.038023,-0.001854,0.456274
1178,103.695475,709,41.345626,1,1,1.000000,1,1,-0.000299,-0.033850,0.004386,-0.000285,0.000000,0.007052,0.000000,0.169252
1179,-16.349618,1000,1.571917,2,3,0.666667,0,1,-0.000299,-0.028000,0.009005,0.000557,0.000000,0.010000,-0.007612,0.000000
1180,97.388098,1000,3.472822,5,6,0.833333,0,1,-0.000299,-0.069250,0.143318,0.001019,0.000000,0.025000,-0.002400,0.000000
1181,147.097628,537,56.255658,7,7,1.000000,1,1,-0.000299,-0.015829,0.003127,-0.000877,0.000000,0.065177,-0.000838,0.223464
1182,51.521681,1000,1.602577,6,8,0.750000,0,1,-0.000298,-0.031250,0.065152,0.001831,0.000000,0.030000,-0.013912,0.000000
1183,139.213297,928,32.389025,5,5,1.000000,1,1,-0.000300,-0.020744,0.016622,0.001217,0.000000,0.026940,-0.003031,0.129310
1184,122.500152,232,122.367239,3,3,1.000000,1,1,-0.000298,-0.071121,0.016498,0.011548,0.000000,0.064655,-0.010506,0.517241
1185,150.093720,164,175.564675,5,5,1.000000,1,1,-0.000299,-0.004573,0.034239,0.009467,0.000000,0.152439,-0.007774,0.731707
1186,114.563825,206,138.253245,1,1,1.000000,1,1,-0.000298,-0.046117,0.000845,-0.005092,0.000000,0.024272,0.000000,0.582524
1187,70.225999,887,36.389534,6,6,1.000000,1,1,-0.000297,-0.158963,0.072666,0.001646,0.000000,0.033822,-0.004989,0.135287
1188,154.516524,743,39.963640,4,4,1.000000,1,1,-0.000299,0.000000,0.022569,0.001508,0.000000,0.026918,-0.004240,0.161507
1189,139.976110,445,66.544946,6,6,1.000000,1,1,-0.000299,-0.047191,0.026846,0.000984,0.000000,0.067416,-0.002865,0.269663
1190,162.995556,199,149.535056,8,8,1.000000,1,1,-0.000300,-0.040201,0.050881,0.010137,0.000000,0.201005,-0.005465,0.603015
1191,33.073385,1000,1.620977,4,6,0.666667,0,1,-0.000301,-0.007000,0.020974,0.001350,0.000000,0.020000,-0.001950,0.000000
1192,150.388828,934,31.784560,4,4,1.000000,1,1,-0.000299,-0.004015,0.015582,0.001582,0.000000,0.021413,-0.001726,0.128480
1193,-47.893124,1000,1.577574,1,2,0.500000,0,1,-0.000299,-0.054750,0.003801,-0.001495,0.000000,0.005000,-0.000150,0.000000
1194,156.930492,316,93.737117,7,7,1.000000,1,1,-0.000301,0.000000,0.009448,0.003013,0.000000,0.110759,-0.006052,0.379747
1195,122.293588,345,85.210477,6,6,1.000000,1,1,-0.000296,-0.150000,0.082800,0.006101,0.000000,0.086957,-0.018913,0.347826
1196,172.549322,923,32.760835,6,6,1.000000,1,1,-0.000300,-0.009480,0.041331,0.002021,0.000000,0.032503,-0.009141,0.130011
1197,121.816426,353,81.836119,4,4,1.000000,1,1,-0.000301,-0.062323,0.018014,0.003403,0.000000,0.056657,-0.010305,0.339943
1198,113.871649,47,592.671894,1,1,1.000000,1,1,-0.000302,-0.212766,0.002103,-0.025808,0.000000,0.106383,0.000000,2.553191
1199,124.091208,177,158.930097,2,2,1.000000,1,1,-0.000299,-0.040960,0.005458,0.003054,0.000000,0.056497,-0.000636,0.677966
1200,-318.721756,1000,9.403065,5,7,0.714286,0,1,-0.000293,-0.317250,0.020722,0.000463,0.000000,0.025000,-0.047363,0.000000
1201,179.027937,236,123.197389,8,8,1.000000,1,1,-0.000298,0.000000,0.076680,0.010600,0.000000,0.169492,-0.006356,0.508475
1202,121.109383,106,256.857981,1,1,1.000000,1,1,-0.000300,-0.030660,0.002264,-0.008008,0.000000,0.047170,0.000000,1.132075
1203,159.916636,637,50.680260,3,3,1.000000,1,1,-0.000299,0.000000,0.038880,0.000710,0.000000,0.023548,-0.000177,0.188383
1204,124.042855,141,196.873882,2,2,1.000000,1,1,-0.000298,-0.054965,0.006704,0.008968,0.000000,0.070922,-0.002660,0.851064
1205,135.363678,36,782.929432,4,4,1.000000,1,1,-0.000300,-0.187500,0.054896,0.013492,0.000000,0.555556,-0.009375,3.333333
1206,-57.449786,1000,3.121810,0,1,0.000000,0,0,-0.000298,-0.057500,0.000002,0.000346,0.000000,0.000000,0.000000,0.000000
1207,132.592992,317,89.657192,4,4,1.000000,1,1,-0.000298,-0.034700,0.008601,0.007881,0.000000,0.063091,-0.004850,0.378549
1208,161.722447,102,277.789973,8,8,1.000000,1,1,-0.000298,-0.029412,0.047031,0.009860,0.000000,0.392157,-0.010294,1.176471
1209,136.127021,222,124.066554,3,3,1.000000,1,1,-0.000301,0.000000,0.008370,-0.002148,0.000000,0.067568,-0.000845,0.540541
1210,29.299407,1000,3.394078,3,4,0.750000,0,1,-0.000299,0.000000,0.015524,0.001737,0.000000,0.015000,-0.002663,0.000000
1211,-186.153556,1000,8.126653,2,4,0.500000,0,1,-0.000294,-0.237000,0.042587,0.000316,0.000000,0.010000,-0.001763,0.000000
1212,-18.402259,1000,1.756815,0,1,0.000000,0,0,-0.000294,-0.018500,0.000026,0.000366,0.000000,0.000000,0.000000,0.000000
1213,-42.678218,1000,3.373245,5,6,0.833333,0,1,-0.000297,-0.080250,0.014396,0.000760,0.000000,0.025000,-0.002288,0.000000
1214,111.875501,900,33.356209,2,2,1.000000,1,1,-0.000297,-0.023056,0.003313,-0.000016,0.000000,0.011111,-0.000083,0.133333
1215,-7.177005,1000,1.515492,2,3,0.666667,0,1,-0.000296,-0.011500,0.005617,0.000552,0.000000,0.010000,-0.011550,0.000000
1216,164.325572,659,44.541924,6,6,1.000000,1,1,-0.000298,-0.011760,0.035169,0.003579,0.000000,0.045524,-0.004951,0.182094
1217,125.020123,873,33.964553,3,3,1.000000,1,1,-0.000296,-0.029496,0.021082,0.001531,0.000000,0.017182,-0.004253,0.137457
1218,33.316123,1000,0.993797,3,6,0.500000,0,1,-0.000299,-0.004750,0.026141,0.001011,0.000000,0.015000,-0.003788,0.000000
1219,-194.465704,1000,4.263336,2,8,0.250000,0,1,-0.000293,-0.262500,0.058657,-0.000179,0.000000,0.010000,-0.000150,0.000000
1220,-33.339684,1000,1.275918,4,6,0.666667,0,1,-0.000297,-0.045000,0.003335,0.000322,0.000000,0.020000,-0.011700,0.000000
1221,132.001731,636,47.120699,7,7,1.000000,1,1,-0.000298,-0.045597,0.022368,0.001046,0.000000,0.055031,-0.013679,0.188679
1222,129.495094,23,1267.185677,2,2,1.000000,1,1,-0.000295,-0.097826,0.036414,0.046277,0.000000,0.434783,-0.006522,5.217391
1223,159.312974,603,50.121252,7,7,1.000000,1,1,-0.000299,-0.038972,0.045984,0.003176,0.000000,0.058043,-0.002736,0.199005
1224,125.213516,716,40.964802,4,4,1.000000,1,1,-0.000297,-0.026885,0.012355,0.001300,0.000000,0.027933,-0.007123,0.167598
1225,162.889367,772,39.560864,7,7,1.000000,1,1,-0.000297,-0.004534,0.016734,-0.000033,0.000000,0.045337,-0.001652,0.155440
1226,130.175865,731,40.721296,3,3,1.000000,1,1,-0.000297,-0.033516,0.025892,0.001425,0.000000,0.020520,-0.000103,0.164159
1227,-39.662127,1000,0.878833,0,2,0.000000,0,0,-0.000298,-0.041250,0.001879,0.000007,0.000000,0.000000,0.000000,0.000000
1228,185.067980,817,38.157712,7,7,1.000000,1,1,-0.000297,-0.024174,0.074773,0.002749,0.000000,0.042840,-0.016248,0.146879
1229,37.836820,1000,1.168436,4,7,0.571429,0,1,-0.000298,0.000000,0.020283,0.001114,0.000000,0.020000,-0.003263,0.000000
1230,-103.823560,1000,3.315204,3,6,0.500000,0,1,-0.000296,-0.136500,0.019542,-0.001120,0.000000,0.015000,-0.000450,0.000000
1231,56.985295,1000,1.493819,6,8,0.750000,0,1,-0.000298,0.000000,0.043611,0.001072,0.000000,0.030000,-0.017400,0.000000
1232,168.384825,908,33.556603,7,7,1.000000,1,1,-0.000299,0.000000,0.018689,0.001637,0.000000,0.038546,-0.005286,0.132159
1233,-45.018377,1000,1.647578,3,4,0.750000,0,1,-0.000297,-0.083250,0.025377,0.000177,0.000000,0.015000,-0.002025,0.000000
1234,98.566134,517,60.438573,8,8,1.000000,1,1,-0.000297,-0.140232,0.025312,0.001757,0.000000,0.077369,-0.005368,0.232108
1235,122.903513,586,48.812498,1,1,1.000000,1,1,-0.000297,-0.005546,0.002662,-0.000396,0.000000,0.008532,0.000000,0.204778
1236,183.227545,785,41.992390,7,7,1.000000,1,1,-0.000299,-0.005414,0.042929,0.001178,0.000000,0.044586,-0.002436,0.152866
1237,93.941708,1000,1.294928,6,7,0.857143,0,1,-0.000299,0.000000,0.064816,0.001712,0.000000,0.030000,-0.002288,0.000000
1238,-385.488250,1000,8.748764,4,8,0.500000,0,1,-0.000294,-0.428000,0.039168,0.000363,0.000000,0.020000,-0.016725,0.000000
1239,158.003245,862,34.119020,4,4,1.000000,1,1,-0.000300,0.000000,0.021058,0.002041,0.000000,0.023202,-0.001914,0.139211
1240,124.310170,338,85.866386,2,2,1.000000,1,1,-0.000300,-0.026627,0.012883,0.004089,0.000000,0.029586,-0.006879,0.355030
1241,117.133701,813,35.948669,2,2,1.000000,1,1,-0.000296,-0.022448,0.006965,0.000046,0.000000,0.012300,-0.000092,0.147601
1242,-276.046064,1000,5.136539,1,8,0.125000,0,1,-0.000294,-0.345500,0.064862,-0.000077,0.000000,0.005000,-0.000037,0.000000
1243,39.260814,1000,1.740982,7,8,0.875000,0,1,-0.000299,-0.019000,0.035458,0.000214,0.000000,0.035000,-0.012112,0.000000
1244,-146.989453,1000,3.798099,5,6,0.833333,0,1,-0.000298,-0.188500,0.019768,-0.000109,0.000000,0.025000,-0.002850,0.000000
1245,-13.989681,1000,2.074058,4,5,0.800000,0,1,-0.000298,-0.066750,0.037848,0.001848,0.000000,0.020000,-0.006637,0.000000
1246,35.871339,1000,1.355628,6,8,0.750000,0,1,-0.000301,-0.017250,0.030865,0.001707,0.000000,0.030000,-0.009150,0.000000
1247,134.059842,705,42.733522,6,6,1.000000,1,1,-0.000301,-0.055674,0.036911,0.002624,0.000000,0.042553,-0.006170,0.170213
1248,-19.649408,1000,0.328861,0,1,0.000000,0,0,-0.000301,-0.020250,0.001474,-0.000573,0.000000,0.000000,0.000000,0.000000
1249,-20.657276,1000,0.844404,2,4,0.500000,0,1,-0.000302,-0.035000,0.005025,-0.000081,0.000000,0.010000,-0.000300,0.000000
1250,141.519640,898,33.594694,6,6,1.000000,1,1,-0.000301,-0.025612,0.027881,0.001284,0.000000,0.033408,-0.012695,0.133630
1251,84.649140,1000,4.420083,5,6,0.833333,0,1,-0.000301,-0.098750,0.158210,0.001090,0.000000,0.025000,-0.000600,0.000000
1252,-160.338807,1000,3.540686,0,3,0.000000,0,0,-0.000296,-0.169000,0.009469,-0.000513,0.000000,0.000000,0.000000,0.000000
1253,74.855226,818,38.909893,5,5,1.000000,1,1,-0.000298,-0.113998,0.033460,0.001365,0.000000,0.030562,-0.006281,0.146699
1254,162.198703,604,49.037176,4,4,1.000000,1,1,-0.000300,-0.001656,0.037175,0.002775,0.000000,0.033113,-0.001242,0.198675
1255,-9.034187,1000,1.816911,6,7,0.857143,0,1,-0.000301,-0.065750,0.042350,0.001654,0.000000,0.030000,-0.016987,0.000000
1256,59.716690,1000,1.539251,7,8,0.875000,0,1,-0.000300,-0.027250,0.055819,0.000535,0.000000,0.035000,-0.004088,0.000000
1257,169.320562,758,39.315074,5,5,1.000000,1,1,-0.000299,-0.000330,0.053910,0.001907,0.000000,0.032982,-0.023104,0.158311
1258,140.396184,173,169.618870,5,5,1.000000,1,1,-0.000297,-0.056358,0.034542,0.007858,0.000000,0.144509,-0.012355,0.693642
1259,-6.216306,1000,2.567340,6,7,0.857143,0,1,-0.000301,-0.082250,0.057883,0.002626,0.000000,0.030000,-0.014175,0.000000
1260,11.961192,1000,0.510704,0,1,0.000000,0,0,-0.000294,-0.023250,0.036386,-0.000881,0.000000,0.000000,0.000000,0.000000
1261,117.649095,844,37.546986,3,3,1.000000,1,1,-0.000301,-0.035545,0.017612,0.001896,0.000000,0.017773,-0.004221,0.142180
1262,178.283996,986,33.238925,6,6,1.000000,1,1,-0.000300,0.000000,0.038939,0.001874,0.000000,0.030426,-0.011828,0.121704
1263,104.685256,678,42.606977,1,1,1.000000,1,1,-0.000301,-0.029867,0.000715,-0.000510,0.000000,0.007375,0.000000,0.176991
1264,-331.865767,1000,8.817146,5,8,0.625000,0,1,-0.000296,-0.387000,0.043395,0.001098,0.000000,0.025000,-0.014062,0.000000
1265,158.069490,790,36.976904,4,4,1.000000,1,1,-0.000299,0.000000,0.023547,0.001381,0.000000,0.025316,-0.001756,0.151899
1266,-282.930809,1000,7.763926,6,7,0.857143,0,1,-0.000296,-0.297000,0.020140,0.001087,0.000000,0.030000,-0.036863,0.000000
1267,149.075048,669,45.412688,4,4,1.000000,1,1,-0.000299,-0.006726,0.019575,0.002081,0.000000,0.029895,-0.001065,0.179372
1268,136.853723,503,58.765694,3,3,1.000000,1,1,-0.000298,-0.025348,0.029908,0.000840,0.000000,0.029821,-0.001417,0.238569
1269,125.137556,4,5050.967651,1,1,1.000000,1,1,-0.000321,0.000000,0.014725,0.019985,0.000000,1.250000,0.000000,30.000000
1270,172.118463,720,41.531150,7,7,1.000000,1,1,-0.000301,-0.009722,0.045597,0.002003,0.000000,0.048611,-0.013802,0.166667
1271,15.187549,1000,2.739253,2,6,0.333333,0,1,-0.000299,-0.086250,0.093120,-0.000071,0.000000,0.010000,-0.001313,0.000000
1272,137.617957,187,154.412628,4,4,1.000000,1,1,-0.000301,-0.044118,0.040778,0.005742,0.000000,0.106952,-0.014840,0.641711
1273,34.848885,1000,1.704922,7,8,0.875000,0,1,-0.000302,-0.008000,0.022677,0.001112,0.000000,0.035000,-0.015637,0.000000
1274,23.179162,1000,1.553752,4,5,0.800000,0,1,-0.000302,-0.003000,0.027835,0.001558,0.000000,0.020000,-0.022913,0.000000
1275,138.717654,169,169.206779,4,4,1.000000,1,1,-0.000302,-0.029586,0.019639,0.006877,0.000000,0.118343,-0.004216,0.710059
1276,57.601870,1000,1.438872,6,8,0.750000,0,1,-0.000299,-0.029250,0.063562,0.000565,0.000000,0.030000,-0.006975,0.000000
1277,-15.158612,1000,1.431025,3,4,0.750000,0,1,-0.000300,-0.029750,0.005024,0.000642,0.000000,0.015000,-0.005775,0.000000
1278,26.028328,1000,2.089861,7,8,0.875000,0,1,-0.000303,-0.017750,0.013630,0.001339,0.000000,0.035000,-0.005887,0.000000
1279,-181.654395,1000,5.448333,5,6,0.833333,0,1,-0.000297,-0.214500,0.013389,0.001016,0.000000,0.025000,-0.006262,0.000000
1280,136.981113,60,478.073627,3,3,1.000000,1,1,-0.000306,0.000000,0.023318,0.017506,0.000000,0.250000,-0.007500,2.000000
1281,-58.297318,1000,2.959826,4,5,0.800000,0,1,-0.000302,-0.112750,0.036382,-0.000353,0.000000,0.020000,-0.001275,0.000000
1282,41.002836,1000,1.322178,6,7,0.857143,0,1,-0.000302,0.000000,0.020254,0.000764,0.000000,0.030000,-0.009712,0.000000
1283,-84.104969,1000,3.132868,4,5,0.800000,0,1,-0.000301,-0.139500,0.038153,-0.000057,0.000000,0.020000,-0.002400,0.000000
1284,-81.813811,1000,1.885735,1,3,0.333333,0,1,-0.000297,-0.106750,0.022573,-0.001402,0.000000,0.005000,-0.000937,0.000000
1285,150.456847,531,55.803261,5,5,1.000000,1,1,-0.000302,-0.002825,0.024217,0.004016,0.000000,0.047081,-0.014831,0.225989
1286,128.212841,34,855.543808,2,2,1.000000,1,1,-0.000301,-0.095588,0.006329,0.039203,0.000000,0.294118,-0.002206,3.529412
1287,33.645894,1000,1.274553,6,7,0.857143,0,1,-0.000299,-0.008250,0.014514,0.000081,0.000000,0.030000,-0.002400,0.000000
1288,35.910682,1000,1.084497,5,7,0.714286,0,1,-0.000301,0.000000,0.017589,0.002097,0.000000,0.025000,-0.008475,0.000000
1289,139.540850,223,132.605450,6,6,1.000000,1,1,-0.000302,-0.054933,0.020999,0.005158,0.000000,0.134529,-0.017825,0.538117
1290,0.933829,1000,1.446893,5,6,0.833333,0,1,-0.000301,-0.036750,0.021899,0.001398,0.000000,0.025000,-0.010312,0.000000
1291,169.660799,616,49.502048,7,7,1.000000,1,1,-0.000298,-0.019886,0.056135,0.002217,0.000000,0.056818,-0.014367,0.194805
1292,201.984215,957,32.296576,8,8,1.000000,1,1,-0.000300,0.000000,0.044616,0.002180,0.000000,0.041797,-0.002625,0.125392
1293,-90.659908,1000,2.242543,3,5,0.600000,0,1,-0.000298,-0.111000,0.010125,-0.000550,0.000000,0.015000,-0.003938,0.000000
1294,-27.586799,1000,1.259654,3,4,0.750000,0,1,-0.000301,-0.043000,0.005109,0.000293,0.000000,0.015000,-0.004687,0.000000
1295,27.826295,1000,1.847137,7,8,0.875000,0,1,-0.000301,-0.019250,0.016279,0.000486,0.000000,0.035000,-0.004388,0.000000
1296,-51.149494,1000,2.690377,5,6,0.833333,0,1,-0.000297,-0.125750,0.050908,0.000977,0.000000,0.025000,-0.001988,0.000000
1297,38.535266,1000,1.524409,7,8,0.875000,0,1,-0.000301,-0.039500,0.059045,0.000904,0.000000,0.035000,-0.016612,0.000000
1298,-81.280114,1000,1.645405,2,3,0.666667,0,1,-0.000299,-0.101750,0.011395,0.000274,0.000000,0.010000,-0.000900,0.000000
1299,122.744711,6,4026.960815,1,1,1.000000,1,1,-0.000302,-0.458333,0.013186,0.069568,0.000000,0.833333,0.000000,20.000000
1300,90.577339,507,58.258226,2,2,1.000000,1,1,-0.000304,-0.083333,0.006846,-0.000300,0.000000,0.019724,-0.000666,0.236686
1301,45.379513,886,35.153292,6,6,1.000000,1,1,-0.000300,-0.128104,0.013160,0.000929,0.000000,0.033860,-0.003767,0.135440
1302,164.498432,562,53.226927,7,7,1.000000,1,1,-0.000306,0.000000,0.018775,0.005037,0.000000,0.062278,-0.006606,0.213523
1303,-177.533549,1000,4.028346,5,6,0.833333,0,1,-0.000299,-0.214250,0.013355,0.000948,0.000000,0.025000,-0.002288,0.000000
1304,-44.332367,1000,1.908882,4,6,0.666667,0,1,-0.000301,-0.098750,0.046357,0.000062,0.000000,0.020000,-0.011700,0.000000
1305,115.211286,687,43.371152,4,4,1.000000,1,1,-0.000304,-0.048035,0.011487,0.003990,0.000000,0.029112,-0.003221,0.174672
1306,40.657503,1000,1.641829,6,8,0.750000,0,1,-0.000304,-0.050500,0.070390,0.003108,0.000000,0.030000,-0.012037,0.000000
1307,111.988772,651,45.090419,2,2,1.000000,1,1,-0.000304,-0.024578,0.004688,0.001283,0.000000,0.015361,-0.008756,0.184332
1308,175.812193,674,45.580983,3,3,1.000000,1,1,-0.000305,0.000000,0.060891,0.002359,0.000000,0.022255,-0.002392,0.178042
1309,114.159262,680,43.785691,3,3,1.000000,1,1,-0.000304,-0.044485,0.014320,0.002468,0.000000,0.022059,-0.002647,0.176471
1310,108.053100,638,46.047679,3,3,1.000000,1,1,-0.000301,-0.045063,0.011674,0.002915,0.000000,0.023511,-0.011462,0.188088
1311,70.545977,619,48.518047,2,2,1.000000,1,1,-0.000302,-0.125202,0.029834,0.003378,0.000000,0.016155,-0.003756,0.193861
1312,-65.538309,1000,2.639700,5,6,0.833333,0,1,-0.000300,-0.119500,0.043187,0.001712,0.000000,0.025000,-0.015637,0.000000
1313,123.256951,361,80.270831,3,3,1.000000,1,1,-0.000303,-0.033241,0.011762,0.001925,0.000000,0.041551,-0.012673,0.332410
1314,169.656681,658,45.474828,8,8,1.000000,1,1,-0.000303,-0.006459,0.028413,0.001060,0.000000,0.060790,-0.008036,0.182371
1315,40.149472,1000,1.848538,6,7,0.857143,0,1,-0.000303,0.000000,0.021308,0.001070,0.000000,0.030000,-0.011925,0.000000
1316,41.179822,1000,1.364371,5,6,0.833333,0,1,-0.000304,0.000000,0.018007,0.000502,0.000000,0.025000,-0.002025,0.000000
1317,44.258589,1000,1.414023,6,8,0.750000,0,1,-0.000300,-0.033250,0.060940,0.001456,0.000000,0.030000,-0.014587,0.000000
1318,120.361447,587,52.088708,8,8,1.000000,1,1,-0.000303,-0.080494,0.019409,0.001272,0.000000,0.068143,-0.007411,0.204429
1319,-106.280875,1000,3.507897,6,8,0.750000,0,1,-0.000299,-0.190500,0.058304,-0.000523,0.000000,0.030000,-0.003263,0.000000
1320,141.081614,631,46.120685,3,3,1.000000,1,1,-0.000303,0.000000,0.008596,0.002296,0.000000,0.023772,-0.000951,0.190174
1321,-87.692020,1000,2.076555,4,6,0.666667,0,1,-0.000300,-0.117250,0.010732,0.000364,0.000000,0.020000,-0.001238,0.000000
1322,96.324924,826,36.708317,5,5,1.000000,1,1,-0.000302,-0.080508,0.026289,0.001586,0.000000,0.030266,-0.005993,0.145278
1323,70.150469,456,69.097756,6,6,1.000000,1,1,-0.000303,-0.191886,0.020537,0.000409,0.000000,0.065789,-0.003865,0.263158
1324,-304.812179,1000,7.239375,3,6,0.500000,0,1,-0.000297,-0.289000,0.007845,-0.000335,0.000000,0.015000,-0.038025,0.000000
1325,-39.209614,1000,0.860920,1,2,0.500000,0,1,-0.000301,-0.049250,0.005324,0.000167,0.000000,0.005000,-0.000150,0.000000
1326,128.587501,25,1202.472359,2,2,1.000000,1,1,-0.000301,-0.070000,0.018906,-0.002105,0.000000,0.400000,-0.003000,4.800000
1327,7.396943,853,39.815506,6,6,1.000000,1,1,-0.000304,-0.187573,0.020965,0.001228,0.000000,0.035170,-0.001495,0.140680
1328,-49.965566,1000,2.247729,4,6,0.666667,0,1,-0.000298,-0.101250,0.032901,0.000706,0.000000,0.020000,-0.002025,0.000000
1329,110.889859,498,60.909263,5,5,1.000000,1,1,-0.000305,-0.090361,0.022511,0.002373,0.000000,0.050201,-0.002711,0.240964
1330,106.443437,507,58.425173,3,3,1.000000,1,1,-0.000304,-0.075444,0.024397,0.003162,0.000000,0.029586,-0.008136,0.236686
1331,144.088335,560,52.389185,2,2,1.000000,1,1,-0.000304,-0.012500,0.036968,0.001262,0.000000,0.017857,-0.000268,0.214286
1332,175.134423,557,53.457319,7,7,1.000000,1,1,-0.000304,0.000000,0.036329,0.003153,0.000000,0.062837,-0.003030,0.215440
1333,107.148250,473,61.207144,2,2,1.000000,1,1,-0.000305,-0.048626,0.001961,-0.001026,0.000000,0.021142,-0.000317,0.253700
1334,-2.010364,1000,1.552778,4,8,0.500000,0,1,-0.000301,-0.082000,0.061822,-0.000069,0.000000,0.020000,-0.001463,0.000000
1335,132.881157,331,88.065413,5,5,1.000000,1,1,-0.000303,-0.074018,0.035329,0.006912,0.000000,0.075529,-0.004532,0.362538
1336,177.061936,769,39.279161,6,6,1.000000,1,1,-0.000302,0.000000,0.050417,0.000729,0.000000,0.039012,-0.015653,0.156047
1337,157.589962,340,86.833563,8,8,1.000000,1,1,-0.000299,-0.043382,0.055458,0.003966,0.000000,0.117647,-0.022831,0.352941
1338,100.244188,234,124.920048,2,2,1.000000,1,1,-0.000300,-0.148504,0.012146,0.010459,0.000000,0.042735,-0.000962,0.512821
1339,124.514599,139,205.623260,3,3,1.000000,1,1,-0.000297,-0.102518,0.029590,-0.000051,0.000000,0.107914,-0.002158,0.863309
1340,90.580697,732,41.119056,1,1,1.000000,1,1,-0.000300,-0.059085,0.011314,0.001050,0.000000,0.006831,0.000000,0.163934
1341,123.666718,58,477.506239,2,2,1.000000,1,1,-0.000307,-0.137931,0.011400,0.018936,0.000000,0.172414,-0.001293,2.068966
1342,125.169347,319,90.204324,4,4,1.000000,1,1,-0.000303,-0.066614,0.016555,0.007045,0.000000,0.062696,-0.003174,0.376176
1343,3.067647,1000,3.131919,7,8,0.875000,0,1,-0.000302,-0.039250,0.022765,0.000380,0.000000,0.035000,-0.015525,0.000000
1344,-2.405863,1000,2.229607,4,5,0.800000,0,1,-0.000302,-0.042750,0.023855,-0.000621,0.000000,0.020000,-0.002588,0.000000
1345,72.436932,740,41.714593,6,6,1.000000,1,1,-0.000300,-0.161486,0.056941,0.002463,0.000000,0.040541,-0.002432,0.162162
1346,149.310244,656,46.824114,8,8,1.000000,1,1,-0.000298,-0.051829,0.057128,0.002198,0.000000,0.060976,-0.023495,0.182927
1347,92.074858,599,51.197432,7,7,1.000000,1,1,-0.000304,-0.127295,0.032665,0.002843,0.000000,0.058431,-0.012959,0.200334
1348,160.326449,479,63.858016,7,7,1.000000,1,1,-0.000301,-0.015136,0.038705,0.001317,0.000000,0.073069,-0.013466,0.250522
1349,13.390853,1000,1.639462,5,6,0.833333,0,1,-0.000299,-0.022000,0.017458,0.001520,0.000000,0.025000,-0.008287,0.000000
1350,133.794033,28,1039.462978,3,3,1.000000,1,1,-0.000305,-0.098214,0.018792,0.039335,0.000000,0.535714,-0.002679,4.285714
1351,85.566951,491,62.238908,6,6,1.000000,1,1,-0.000302,-0.146640,0.020160,0.002428,0.000000,0.061100,-0.006874,0.244399
1352,-406.826739,1000,10.988119,4,8,0.500000,0,1,-0.000300,-0.478250,0.061340,0.001297,0.000000,0.020000,-0.010912,0.000000
1353,134.415519,195,148.386327,7,7,1.000000,1,1,-0.000299,-0.133333,0.036216,0.004932,0.000000,0.179487,-0.013077,0.615385
1354,58.645115,1000,1.246886,5,7,0.714286,0,1,-0.000299,-0.015500,0.059643,0.002252,0.000000,0.025000,-0.012450,0.000000
1355,112.575287,718,43.543015,6,6,1.000000,1,1,-0.000302,-0.071379,0.024405,0.001524,0.000000,0.041783,-0.006372,0.167131
1356,122.640272,131,217.197301,2,2,1.000000,1,1,-0.000303,-0.057252,0.007831,-0.001018,0.000000,0.076336,-0.005439,0.916031
1357,132.690802,333,88.378891,5,5,1.000000,1,1,-0.000305,-0.063814,0.036679,0.002299,0.000000,0.075075,-0.011824,0.360360
1358,115.820472,724,40.996823,5,5,1.000000,1,1,-0.000302,-0.051450,0.015821,0.002103,0.000000,0.034530,-0.006474,0.165746
1359,11.987155,1000,1.684408,5,6,0.833333,0,1,-0.000298,-0.036500,0.024444,0.000842,0.000000,0.025000,-0.001500,0.000000
1360,81.777110,522,57.737696,3,3,1.000000,1,1,-0.000301,-0.113027,0.011957,-0.000014,0.000000,0.028736,-0.000575,0.229885
1361,139.442743,185,168.034448,6,6,1.000000,1,1,-0.000299,-0.062162,0.014047,0.008375,0.000000,0.162162,-0.017027,0.648649
1362,29.901264,1000,0.810517,3,4,0.750000,0,1,-0.000302,0.000000,0.014790,0.000712,0.000000,0.015000,-0.000300,0.000000
1363,-147.481276,1000,3.815923,5,6,0.833333,0,1,-0.000296,-0.220000,0.048049,0.000365,0.000000,0.025000,-0.000600,0.000000
1364,119.222655,114,244.584900,1,1,1.000000,1,1,-0.000305,-0.052632,0.005674,-0.003415,0.000000,0.043860,0.000000,1.052632
1365,43.980640,1000,0.712786,2,4,0.500000,0,1,-0.000302,0.000000,0.034118,0.001214,0.000000,0.010000,-0.001050,0.000000
1366,134.394493,406,72.285216,5,5,1.000000,1,1,-0.000303,-0.028325,0.009408,0.002704,0.000000,0.061576,-0.009606,0.295567
1367,123.511003,49,571.078423,1,1,1.000000,1,1,-0.000297,-0.025510,0.002013,-0.006594,0.000000,0.102041,0.000000,2.448980
1368,10.702159,1000,2.032282,6,7,0.857143,0,1,-0.000299,-0.041000,0.046690,0.000998,0.000000,0.030000,-0.025688,0.000000
1369,159.550538,917,33.209422,8,8,1.000000,1,1,-0.000301,-0.012268,0.022901,0.001405,0.000000,0.043621,-0.012227,0.130862
1370,128.771255,505,60.131208,6,6,1.000000,1,1,-0.000304,-0.072277,0.030301,0.002916,0.000000,0.059406,-0.002673,0.237624
1371,124.041762,160,176.860877,1,1,1.000000,1,1,-0.000303,-0.010937,0.005334,-0.000083,0.000000,0.031250,0.000000,0.750000
1372,152.745020,449,68.075567,5,5,1.000000,1,1,-0.000304,-0.016704,0.037946,0.001991,0.000000,0.055679,-0.005679,0.267261
1373,67.887246,1000,1.497583,5,6,0.833333,0,1,-0.000302,0.000000,0.049147,0.003079,0.000000,0.025000,-0.009037,0.000000
1374,-225.509204,1000,4.781639,0,1,0.000000,0,0,-0.000299,-0.224750,0.000871,-0.001331,0.000000,0.000000,0.000000,0.000000
1375,115.502472,197,144.659255,2,2,1.000000,1,1,-0.000303,-0.091371,0.016755,0.003991,0.000000,0.050761,-0.002665,0.609137
1376,127.136991,178,165.224128,6,6,1.000000,1,1,-0.000304,-0.233146,0.109446,0.011572,0.000000,0.168539,-0.016011,0.674157
1377,159.002839,572,52.894147,8,8,1.000000,1,1,-0.000306,-0.022727,0.026528,0.001253,0.000000,0.069930,-0.006490,0.209790
1378,127.747071,146,191.409044,3,3,1.000000,1,1,-0.000304,-0.054795,0.010554,0.002830,0.000000,0.102740,-0.007962,0.821918
1379,118.517225,996,30.231981,3,3,1.000000,1,1,-0.000305,-0.015562,0.006655,0.000532,0.000000,0.015060,-0.007869,0.120482
1380,166.610235,906,33.344628,7,7,1.000000,1,1,-0.000305,0.000000,0.019700,0.001574,0.000000,0.038631,-0.008154,0.132450
1381,117.991067,91,303.678581,1,1,1.000000,1,1,-0.000304,-0.087912,0.007186,0.004009,0.000000,0.054945,0.000000,1.318681
1382,144.807412,511,56.509441,3,3,1.000000,1,1,-0.000302,0.000000,0.019588,0.000861,0.000000,0.029354,-0.000954,0.234834
1383,116.928773,305,93.560211,2,2,1.000000,1,1,-0.000306,-0.059836,0.015776,0.003722,0.000000,0.032787,-0.002213,0.393443
1384,121.764252,72,393.796526,2,2,1.000000,1,1,-0.000300,-0.128472,0.023604,-0.005051,0.000000,0.138889,-0.004167,1.666667
1385,155.523533,657,46.920073,8,8,1.000000,1,1,-0.000302,-0.017504,0.016614,0.000258,0.000000,0.060883,-0.005879,0.182648
1386,11.517830,1000,2.255853,4,5,0.800000,0,1,-0.000304,-0.041000,0.033068,0.000392,0.000000,0.020000,-0.000637,0.000000
1387,-28.891614,1000,1.651126,0,1,0.000000,0,0,-0.000300,-0.032500,0.004296,-0.000387,0.000000,0.000000,0.000000,0.000000
1388,115.817385,239,117.768708,2,2,1.000000,1,1,-0.000304,-0.061715,0.005730,-0.002738,0.000000,0.041841,-0.000314,0.502092
1389,123.364356,36,762.733665,1,1,1.000000,1,1,-0.000298,-0.027778,0.001873,-0.019232,0.000000,0.138889,0.000000,3.333333
1390,152.922608,497,58.255113,3,3,1.000000,1,1,-0.000299,-0.029678,0.064599,0.001892,0.000000,0.030181,-0.000453,0.241449
1391,86.505790,476,63.794168,5,5,1.000000,1,1,-0.000302,-0.176996,0.053844,0.004033,0.000000,0.052521,-0.003466,0.252101
1392,2.327040,1000,1.930608,3,4,0.750000,0,1,-0.000300,-0.017750,0.007906,-0.000392,0.000000,0.015000,-0.002138,0.000000
1393,-69.638546,1000,3.182886,3,5,0.600000,0,1,-0.000304,-0.088750,0.007915,-0.000538,0.000000,0.015000,-0.002963,0.000000
1394,-7.696691,1000,2.366836,6,8,0.750000,0,1,-0.000306,-0.072500,0.053416,0.000518,0.000000,0.030000,-0.018825,0.000000
1395,-36.067977,849,37.846254,2,2,1.000000,1,1,-0.000304,-0.200236,0.006271,0.000166,0.000000,0.011779,-0.001502,0.141343
1396,124.618832,105,266.552475,1,1,1.000000,1,1,-0.000296,-0.011905,0.000347,0.008223,0.000000,0.047619,0.000000,1.142857
1397,6.533557,1000,0.785038,2,3,0.666667,0,1,-0.000303,0.000000,0.003591,-0.000454,0.000000,0.010000,-0.006300,0.000000
1398,26.681197,1000,1.326214,5,7,0.714286,0,1,-0.000302,-0.008000,0.016263,-0.000279,0.000000,0.025000,-0.006000,0.000000
1399,34.438163,1000,1.063559,4,5,0.800000,0,1,-0.000303,-0.003250,0.041396,0.000295,0.000000,0.020000,-0.023700,0.000000
1400,122.757060,55,521.165121,1,1,1.000000,1,1,-0.000301,-0.036364,0.007478,-0.011594,0.000000,0.090909,0.000000,2.181818
1401,57.009364,1000,1.483618,6,8,0.750000,0,1,-0.000303,-0.030000,0.066148,0.001477,0.000000,0.030000,-0.010312,0.000000
1402,123.030404,25,1124.835068,1,1,1.000000,1,1,-0.000301,-0.080000,0.003828,-0.002311,0.000000,0.200000,0.000000,4.800000
1403,11.787370,1000,1.234305,4,7,0.571429,0,1,-0.000306,-0.015000,0.010961,0.000183,0.000000,0.020000,-0.004050,0.000000
1404,123.613230,85,338.034365,1,1,1.000000,1,1,-0.000301,-0.017647,0.006959,-0.005326,0.000000,0.058824,0.000000,1.411765
1405,159.927759,389,75.318060,3,3,1.000000,1,1,-0.000304,0.000000,0.064573,0.001066,0.000000,0.038560,-0.001253,0.308483
1406,157.365801,572,51.302679,6,6,1.000000,1,1,-0.000302,-0.017920,0.032592,0.004145,0.000000,0.052448,-0.005638,0.209790
1407,144.316086,125,245.882246,5,5,1.000000,1,1,-0.000295,-0.046000,0.035010,0.009414,0.000000,0.200000,-0.003600,0.960000
1408,12.972402,1000,2.070287,4,8,0.500000,0,1,-0.000304,-0.067500,0.062314,-0.000300,0.000000,0.020000,-0.001238,0.000000
1409,180.425729,968,31.044944,6,6,1.000000,1,1,-0.000304,0.000000,0.034280,0.000787,0.000000,0.030992,-0.003332,0.123967
1410,100.231691,184,151.863297,2,2,1.000000,1,1,-0.000305,-0.175272,0.011797,0.002403,0.000000,0.054348,-0.000408,0.652174
1411,143.291830,183,161.192167,7,7,1.000000,1,1,-0.000303,-0.101093,0.038190,0.010703,0.000000,0.191257,-0.011475,0.655738
1412,127.041941,63,441.196451,2,2,1.000000,1,1,-0.000301,-0.063492,0.014804,0.004417,0.000000,0.158730,-0.002381,1.904762
1413,80.120460,944,31.703267,2,2,1.000000,1,1,-0.000305,-0.062765,0.009237,0.001391,0.000000,0.010593,-0.000397,0.127119
1414,26.543830,1000,1.261635,2,6,0.333333,0,1,-0.000303,0.000000,0.017901,0.000670,0.000000,0.010000,-0.001725,0.000000
1415,131.922974,337,87.995035,5,5,1.000000,1,1,-0.000298,-0.096439,0.062267,0.000897,0.000000,0.074184,-0.005230,0.356083
1416,173.730225,841,35.653687,7,7,1.000000,1,1,-0.000302,0.000000,0.027378,0.002776,0.000000,0.041617,-0.007580,0.142687
1417,106.270770,1000,1.830012,7,8,0.875000,0,1,-0.000304,0.000000,0.084667,0.001495,0.000000,0.035000,-0.014587,0.000000
1418,115.511683,651,44.588017,3,3,1.000000,1,1,-0.000306,-0.039555,0.010313,0.002664,0.000000,0.023041,-0.003053,0.184332
1419,125.248373,187,151.865391,4,4,1.000000,1,1,-0.000305,-0.117647,0.037584,0.007298,0.000000,0.106952,-0.005816,0.641711
1420,187.567331,814,37.006064,7,7,1.000000,1,1,-0.000305,0.000000,0.041100,0.002900,0.000000,0.042998,-0.003686,0.147420
1421,149.200832,374,78.904316,5,5,1.000000,1,1,-0.000303,-0.084893,0.097612,0.000621,0.000000,0.066845,-0.001805,0.320856
1422,125.493372,448,66.361926,5,5,1.000000,1,1,-0.000304,-0.119420,0.077216,0.001226,0.000000,0.055804,-0.002260,0.267857
1423,7.623804,1000,1.280533,2,3,0.666667,0,1,-0.000302,-0.015500,0.013166,0.001535,0.000000,0.010000,-0.001275,0.000000
1424,213.167498,969,31.364088,8,8,1.000000,1,1,-0.000304,0.000000,0.067317,0.001788,0.000000,0.041280,-0.013932,0.123839
1425,125.252489,625,46.298840,4,4,1.000000,1,1,-0.000306,-0.038000,0.018262,-0.000192,0.000000,0.032000,-0.003360,0.192000
1426,124.935867,253,111.759484,1,1,1.000000,1,1,-0.000294,-0.022727,0.017368,0.005400,0.000000,0.019763,0.000000,0.474308
1427,137.731096,788,38.312516,7,7,1.000000,1,1,-0.000307,-0.023477,0.011532,0.002091,0.000000,0.044416,-0.011754,0.152284
1428,124.436495,10,2645.865662,1,1,1.000000,1,1,-0.000312,-0.050000,0.008240,-0.014279,0.000000,0.500000,0.000000,12.000000
1429,123.206508,347,86.420303,8,8,1.000000,1,1,-0.000305,-0.132565,0.026448,0.004386,0.000000,0.115274,-0.003999,0.345821
1430,43.311040,656,47.340111,3,3,1.000000,1,1,-0.000302,-0.156250,0.016969,0.000899,0.000000,0.022866,-0.001086,0.182927
1431,125.956210,586,50.100617,5,5,1.000000,1,1,-0.000305,-0.035836,0.011387,0.003391,0.000000,0.042662,-0.011135,0.204778
1432,26.282808,1000,2.715462,7,8,0.875000,0,1,-0.000303,-0.064250,0.058329,0.000994,0.000000,0.035000,-0.003488,0.000000
1433,-8.353215,1000,1.951321,5,6,0.833333,0,1,-0.000304,-0.045750,0.023007,0.001432,0.000000,0.025000,-0.011737,0.000000
1434,-22.981424,1000,1.259561,2,4,0.500000,0,1,-0.000305,-0.030000,0.007680,0.000781,0.000000,0.010000,-0.011137,0.000000
1435,153.821732,483,60.302156,4,4,1.000000,1,1,-0.000305,0.000000,0.026391,0.004394,0.000000,0.041408,-0.001863,0.248447
1436,135.436812,834,36.569399,6,6,1.000000,1,1,-0.000303,-0.056355,0.040172,0.002396,0.000000,0.035971,-0.003372,0.143885
1437,106.296714,602,50.370628,5,5,1.000000,1,1,-0.000305,-0.127076,0.068383,0.001061,0.000000,0.041528,-0.006354,0.199336
1438,-494.034549,1000,13.093587,5,8,0.625000,0,1,-0.000296,-0.559500,0.043445,0.000429,0.000000,0.025000,-0.003113,0.000000
1439,121.542943,42,671.415356,1,1,1.000000,1,1,-0.000299,-0.107143,0.005569,0.019562,0.000000,0.119048,0.000000,2.857143
1440,145.099802,233,126.791019,6,6,1.000000,1,1,-0.000305,-0.052575,0.034188,0.009249,0.000000,0.128755,-0.011588,0.515021
1441,45.861322,1000,1.145867,2,3,0.666667,0,1,-0.000306,0.000000,0.037832,-0.000352,0.000000,0.010000,-0.001313,0.000000
1442,108.906154,386,74.819126,2,2,1.000000,1,1,-0.000303,-0.057642,0.004015,-0.000620,0.000000,0.025907,-0.000097,0.310881
1443,110.117557,756,39.702536,6,6,1.000000,1,1,-0.000307,-0.068122,0.028500,0.002849,0.000000,0.039683,-0.015675,0.158730
1444,133.045707,295,96.992207,2,2,1.000000,1,1,-0.000302,-0.026271,0.030958,0.007592,0.000000,0.033898,-0.001653,0.406780
1445,148.391377,387,75.749501,5,5,1.000000,1,1,-0.000306,-0.005168,0.034785,0.003677,0.000000,0.064599,-0.024225,0.310078
1446,148.493167,487,60.740629,7,7,1.000000,1,1,-0.000309,-0.017967,0.015949,0.001902,0.000000,0.071869,-0.012936,0.246407
1447,24.630331,986,31.231836,1,1,1.000000,1,1,-0.000307,-0.102434,0.001557,-0.000611,0.000000,0.005071,0.000000,0.121704
1448,148.592223,381,75.338135,4,4,1.000000,1,1,-0.000305,-0.025591,0.053549,-0.000082,0.000000,0.052493,-0.005020,0.314961
1449,121.315896,190,147.485830,2,2,1.000000,1,1,-0.000303,-0.040789,0.004090,-0.005545,0.000000,0.052632,-0.003158,0.631579
1450,158.135889,213,138.702147,8,8,1.000000,1,1,-0.000303,-0.049296,0.040359,0.007354,0.000000,0.187793,-0.006866,0.563380
1451,72.550721,680,46.013887,6,6,1.000000,1,1,-0.000305,-0.131250,0.018510,0.002457,0.000000,0.044118,-0.003309,0.176471
1452,117.473032,97,288.183538,2,2,1.000000,1,1,-0.000298,-0.152062,0.012219,0.011770,0.000000,0.103093,-0.000773,1.237113
1453,202.444391,936,32.712351,8,8,1.000000,1,1,-0.000305,0.000000,0.058276,0.000997,0.000000,0.042735,-0.013622,0.128205
1454,-23.862799,1000,2.715903,3,4,0.750000,0,1,-0.000306,-0.033000,0.006349,0.001481,0.000000,0.015000,-0.013387,0.000000
1455,-13.216520,1000,2.732241,5,6,0.833333,0,1,-0.000304,-0.083750,0.058259,-0.000496,0.000000,0.025000,-0.011925,0.000000
1456,144.717399,406,73.343880,8,8,1.000000,1,1,-0.000305,-0.057882,0.026238,0.004929,0.000000,0.098522,-0.010622,0.295567
1457,141.444666,698,43.269893,5,5,1.000000,1,1,-0.000305,-0.041905,0.044342,0.001855,0.000000,0.035817,-0.009080,0.171920
1458,-421.778636,1000,12.781866,6,8,0.750000,0,1,-0.000299,-0.496000,0.056509,0.000837,0.000000,0.030000,-0.012825,0.000000
1459,111.553263,588,49.692819,3,3,1.000000,1,1,-0.000303,-0.056973,0.022953,-0.000004,0.000000,0.025510,-0.005548,0.204082
1460,-103.012957,1000,2.736823,3,5,0.600000,0,1,-0.000302,-0.128000,0.013735,0.000942,0.000000,0.015000,-0.004388,0.000000
1461,147.842284,163,187.892846,8,8,1.000000,1,1,-0.000303,-0.128834,0.059193,0.011461,0.000000,0.245399,-0.016104,0.736196
1462,161.935695,381,76.774946,7,7,1.000000,1,1,-0.000298,-0.050525,0.077214,0.006970,0.000000,0.091864,-0.015157,0.314961
1463,84.841802,555,53.380678,3,3,1.000000,1,1,-0.000303,-0.104955,0.016618,-0.000046,0.000000,0.027027,-0.001689,0.216216
1464,152.616755,845,35.070120,4,4,1.000000,1,1,-0.000305,-0.013905,0.032050,0.000730,0.000000,0.023669,-0.003639,0.142012
1465,132.450843,450,65.586601,5,5,1.000000,1,1,-0.000303,-0.031111,0.007575,0.004786,0.000000,0.055556,-0.008833,0.266667
1466,76.126802,733,40.055379,2,2,1.000000,1,1,-0.000304,-0.076057,0.001823,0.001195,0.000000,0.013643,-0.000153,0.163711
1467,158.147957,839,35.359034,6,6,1.000000,1,1,-0.000304,-0.016687,0.031394,0.002236,0.000000,0.035757,-0.006928,0.143027
1468,81.588513,661,45.048455,2,2,1.000000,1,1,-0.000304,-0.080560,0.006814,0.000979,0.000000,0.015129,-0.000170,0.181543
1469,32.589759,1000,1.072990,4,6,0.666667,0,1,-0.000301,0.000000,0.018336,-0.000757,0.000000,0.020000,-0.004687,0.000000
1470,135.720175,126,227.990750,2,2,1.000000,1,1,-0.000297,-0.025794,0.070467,0.009355,0.000000,0.079365,-0.008333,0.952381
1471,133.323090,28,1035.126747,3,3,1.000000,1,1,-0.000304,-0.142857,0.036177,0.051113,0.000000,0.535714,-0.004018,4.285714
1472,82.459934,1000,5.150236,4,6,0.666667,0,1,-0.000306,-0.114000,0.178230,0.000261,0.000000,0.020000,-0.001725,0.000000
1473,122.239979,95,295.132902,1,1,1.000000,1,1,-0.000298,-0.026316,0.005458,-0.007897,0.000000,0.052632,0.000000,1.263158
1474,119.888555,75,366.535501,1,1,1.000000,1,1,-0.000301,-0.083333,0.006134,0.009348,0.000000,0.066667,0.000000,1.600000
1475,132.645444,167,169.133383,3,3,1.000000,1,1,-0.000305,-0.032934,0.018144,0.001894,0.000000,0.089820,-0.000898,0.718563
1476,108.808490,352,80.723867,1,1,1.000000,1,1,-0.000303,-0.051136,0.001887,0.003554,0.000000,0.014205,0.000000,0.340909
1477,138.620991,129,220.138451,6,6,1.000000,1,1,-0.000303,-0.131783,0.037992,0.013734,0.000000,0.232558,-0.007849,0.930233
1478,30.002433,1000,3.369947,7,8,0.875000,0,1,-0.000305,-0.057500,0.061537,0.001771,0.000000,0.035000,-0.010500,0.000000
1479,56.444401,711,44.041029,6,6,1.000000,1,1,-0.000304,-0.136428,0.011732,0.000589,0.000000,0.042194,-0.007173,0.168776
1480,-45.561810,1000,2.864902,2,3,0.666667,0,1,-0.000304,-0.067500,0.013176,0.001428,0.000000,0.010000,-0.002363,0.000000
1481,127.824478,401,72.731378,4,4,1.000000,1,1,-0.000296,-0.040524,0.010803,0.003582,0.000000,0.049875,-0.003928,0.299252
1482,-30.621175,1000,2.295710,4,6,0.666667,0,1,-0.000299,-0.074000,0.025287,-0.000071,0.000000,0.020000,-0.001538,0.000000
1483,149.359402,202,140.798784,6,6,1.000000,1,1,-0.000303,-0.029703,0.039986,-0.000155,0.000000,0.148515,-0.012995,0.594059
1484,-29.831589,1000,2.439980,5,8,0.625000,0,1,-0.000303,-0.106250,0.052787,0.000810,0.000000,0.025000,-0.001875,0.000000
1485,106.563024,422,68.335293,2,2,1.000000,1,1,-0.000303,-0.063981,0.008574,0.000528,0.000000,0.023697,-0.000355,0.284360
1486,53.624928,797,37.847404,2,2,1.000000,1,1,-0.000307,-0.107277,0.012436,0.000214,0.000000,0.012547,-0.000894,0.150565
1487,119.039881,129,220.015925,2,2,1.000000,1,1,-0.000302,-0.110465,0.020712,0.005383,0.000000,0.077519,-0.000291,0.930233
1488,-9.018111,1000,2.043789,6,8,0.750000,0,1,-0.000302,-0.091250,0.054781,0.000078,0.000000,0.030000,-0.002325,0.000000
1489,137.981332,74,387.808979,5,5,1.000000,1,1,-0.000304,-0.131757,0.036858,0.008971,0.000000,0.337838,-0.008615,1.621622
1490,133.998102,425,69.156304,5,5,1.000000,1,1,-0.000303,-0.058235,0.036060,0.002767,0.000000,0.058824,-0.006176,0.282353
1491,178.885876,939,31.210018,3,3,1.000000,1,1,-0.000299,0.000000,0.051508,0.001078,0.000000,0.015974,-0.005551,0.127796
1492,131.631001,928,33.735847,8,8,1.000000,1,1,-0.000301,-0.112608,0.083755,0.001937,0.000000,0.043103,-0.003354,0.129310
1493,21.075941,1000,2.380526,5,6,0.833333,0,1,-0.000302,0.000000,0.018913,0.001164,0.000000,0.025000,-0.023700,0.000000
1494,-54.720657,1000,1.770701,1,4,0.250000,0,1,-0.000301,-0.068000,0.009343,-0.000125,0.000000,0.005000,-0.000637,0.000000
1495,-5.613843,1000,1.861777,4,5,0.800000,0,1,-0.000304,-0.065750,0.040389,0.001101,0.000000,0.020000,-0.001050,0.000000
1496,18.967720,1000,1.551231,6,8,0.750000,0,1,-0.000303,-0.064250,0.054745,0.000575,0.000000,0.030000,-0.001800,0.000000
1497,50.305606,1000,2.120441,7,8,0.875000,0,1,-0.000303,-0.009500,0.032590,0.001106,0.000000,0.035000,-0.008587,0.000000
1498,124.360132,12,2335.905197,1,1,1.000000,1,1,-0.000300,-0.083333,0.010439,0.019873,0.000000,0.416667,0.000000,10.000000
1499,155.251135,756,40.946708,7,7,1.000000,1,1,-0.000300,-0.012897,0.017039,0.001500,0.000000,0.046296,-0.005010,0.158730
1500,121.174382,133,219.003976,3,3,1.000000,1,1,-0.000304,-0.120301,0.015113,0.007461,0.000000,0.112782,-0.005921,0.902256
1501,113.172450,189,154.365216,3,3,1.000000,1,1,-0.000302,-0.117725,0.027833,0.002879,0.000000,0.079365,-0.028175,0.634921
1502,131.238388,399,74.175452,7,7,1.000000,1,1,-0.000304,-0.097118,0.041961,0.003333,0.000000,0.087719,-0.007425,0.300752
1503,111.749355,630,50.647328,5,5,1.000000,1,1,-0.000299,-0.153175,0.103088,0.000940,0.000000,0.039683,-0.003333,0.190476
1504,99.493840,1000,1.306340,6,7,0.857143,0,1,-0.000301,0.000000,0.071015,0.001555,0.000000,0.030000,-0.002775,0.000000
1505,-81.842092,1000,3.213276,5,7,0.714286,0,1,-0.000300,-0.112250,0.013406,0.000327,0.000000,0.025000,-0.008025,0.000000
1506,-69.896606,1000,2.929953,6,7,0.857143,0,1,-0.000300,-0.107000,0.014164,0.001189,0.000000,0.030000,-0.007950,0.000000
1507,135.934505,644,45.353878,5,5,1.000000,1,1,-0.000302,-0.045031,0.033971,0.001594,0.000000,0.038820,-0.004309,0.186335
1508,108.283543,183,154.350371,1,1,1.000000,1,1,-0.000302,-0.091530,0.002664,-0.002179,0.000000,0.027322,0.000000,0.655738
1509,197.825161,894,33.598019,7,7,1.000000,1,1,-0.000304,0.000000,0.053509,0.001283,0.000000,0.039150,-0.006586,0.134228
1510,116.253064,264,108.237154,2,2,1.000000,1,1,-0.000302,-0.052083,0.003869,0.000705,0.000000,0.037879,-0.004261,0.454545
1511,144.012460,252,113.951946,4,4,1.000000,1,1,-0.000301,0.000000,0.011418,0.007335,0.000000,0.079365,-0.002530,0.476190
1512,-111.530418,1000,2.294095,0,1,0.000000,0,0,-0.000304,-0.109750,0.000134,-0.001610,0.000000,0.000000,0.000000,0.000000
1513,33.866627,1000,1.491408,5,7,0.714286,0,1,-0.000305,-0.006250,0.018196,0.001350,0.000000,0.025000,-0.004125,0.000000
1514,121.776459,263,109.058172,3,3,1.000000,1,1,-0.000301,-0.057034,0.010477,0.005561,0.000000,0.057034,-0.008983,0.456274
1515,133.948805,832,36.183424,6,6,1.000000,1,1,-0.000304,-0.037260,0.025581,0.001435,0.000000,0.036058,-0.008744,0.144231
1516,-126.688284,1000,2.896280,2,3,0.666667,0,1,-0.000300,-0.153500,0.021459,0.000265,0.000000,0.010000,-0.004613,0.000000
1517,90.375918,978,31.284032,6,6,1.000000,1,1,-0.000301,-0.093303,0.043840,0.000301,0.000000,0.030675,-0.011503,0.122699
1518,138.619708,112,267.038926,4,4,1.000000,1,1,-0.000302,-0.031250,0.011951,0.008951,0.000000,0.178571,-0.001674,1.071429
1519,154.974821,546,53.902867,5,5,1.000000,1,1,-0.000306,-0.011447,0.031596,0.000761,0.000000,0.045788,-0.002335,0.219780
1520,111.389432,177,161.859064,2,2,1.000000,1,1,-0.000306,-0.115819,0.009585,0.002878,0.000000,0.056497,-0.001483,0.677966
1521,164.691458,866,36.197523,8,8,1.000000,1,1,-0.000304,-0.034931,0.051679,0.002873,0.000000,0.046189,-0.013900,0.138568
1522,-4.329214,1000,2.731668,7,8,0.875000,0,1,-0.000305,-0.069750,0.037381,0.001182,0.000000,0.035000,-0.007837,0.000000
1523,139.816892,370,78.039021,4,4,1.000000,1,1,-0.000304,-0.010811,0.013099,0.001474,0.000000,0.054054,-0.003953,0.324324
1524,116.638955,118,241.448068,1,1,1.000000,1,1,-0.000300,-0.082627,0.014237,-0.002166,0.000000,0.042373,0.000000,1.016949
1525,129.962519,42,673.188538,3,3,1.000000,1,1,-0.000303,-0.160714,0.021883,0.022765,0.000000,0.357143,-0.003571,2.857143
1526,-26.743184,1000,2.546629,4,5,0.800000,0,1,-0.000303,-0.063500,0.019393,0.000105,0.000000,0.020000,-0.002438,0.000000
1527,-8.282686,1000,1.872079,5,6,0.833333,0,1,-0.000304,-0.036000,0.017867,0.000755,0.000000,0.025000,-0.015600,0.000000
1528,124.622238,9,2889.520370,1,1,1.000000,1,1,-0.000308,-0.083333,0.002001,0.039667,0.000000,0.555556,0.000000,13.333333
1529,-361.103488,1000,11.201036,5,6,0.833333,0,1,-0.000297,-0.358500,0.012201,0.000430,0.000000,0.025000,-0.039938,0.000000
1530,-355.648639,1000,11.002518,7,8,0.875000,0,1,-0.000300,-0.444750,0.059654,0.000334,0.000000,0.035000,-0.005587,0.000000
1531,131.659388,463,62.526444,4,4,1.000000,1,1,-0.000305,-0.037797,0.027681,-0.000061,0.000000,0.043197,-0.007532,0.259179
1532,114.788735,184,153.453341,1,1,1.000000,1,1,-0.000299,-0.057065,0.005138,-0.003270,0.000000,0.027174,0.000000,0.652174
1533,109.065835,935,34.406418,8,8,1.000000,1,1,-0.000302,-0.069786,0.017364,0.002500,0.000000,0.042781,-0.004251,0.128342
1534,104.708219,444,66.068059,2,2,1.000000,1,1,-0.000303,-0.061374,0.004396,0.000570,0.000000,0.022523,-0.000253,0.270270
1535,171.042074,576,51.326761,8,8,1.000000,1,1,-0.000303,-0.014757,0.044388,0.002798,0.000000,0.069444,-0.012956,0.208333
1536,164.845435,617,50.028832,6,6,1.000000,1,1,-0.000300,0.000000,0.038790,0.001495,0.000000,0.048622,-0.015924,0.194489
1537,118.693595,196,145.408387,4,4,1.000000,1,1,-0.000306,-0.151786,0.040669,0.008266,0.000000,0.102041,-0.005548,0.612245
1538,135.021858,125,230.072486,4,4,1.000000,1,1,-0.000307,-0.048000,0.021131,-0.000049,0.000000,0.160000,-0.012600,0.960000
1539,81.331264,393,76.296437,5,5,1.000000,1,1,-0.000298,-0.184478,0.024993,0.001689,0.000000,0.063613,-0.003912,0.305344
1540,95.649472,678,46.032816,8,8,1.000000,1,1,-0.000301,-0.109882,0.016729,0.003409,0.000000,0.058997,-0.004867,0.176991
1541,155.535290,249,114.944003,5,5,1.000000,1,1,-0.000302,-0.006024,0.049620,0.002480,0.000000,0.100402,-0.003464,0.481928
1542,76.871830,456,63.993841,1,1,1.000000,1,1,-0.000302,-0.105811,0.000115,0.000454,0.000000,0.010965,0.000000,0.263158
1543,-5.062128,1000,1.482557,0,1,0.000000,0,0,-0.000301,-0.006000,0.001658,-0.000420,0.000000,0.000000,0.000000,0.000000
1544,-6.177768,1000,1.781847,3,4,0.750000,0,1,-0.000302,-0.027250,0.014035,0.000702,0.000000,0.015000,-0.008362,0.000000
1545,142.142738,234,121.002581,5,5,1.000000,1,1,-0.000305,-0.054487,0.040540,0.006048,0.000000,0.106838,-0.004006,0.512821
1546,133.564348,280,100.178343,3,3,1.000000,1,1,-0.000301,-0.009821,0.007471,0.003819,0.000000,0.053571,-0.006295,0.428571
1547,113.196189,483,60.359189,3,3,1.000000,1,1,-0.000303,-0.069358,0.034118,0.001737,0.000000,0.031056,-0.011335,0.248447
1548,184.652773,793,37.009932,5,5,1.000000,1,1,-0.000303,-0.000631,0.066762,0.001199,0.000000,0.031526,-0.017024,0.151324
1549,106.517335,385,75.597559,3,3,1.000000,1,1,-0.000303,-0.087013,0.016335,0.000993,0.000000,0.038961,-0.003994,0.311688
1550,176.951097,668,44.256002,6,6,1.000000,1,1,-0.000304,0.000000,0.043962,0.000449,0.000000,0.044910,-0.003761,0.179641
1551,116.591731,61,484.528301,2,2,1.000000,1,1,-0.000307,-0.245902,0.020626,0.006391,0.000000,0.163934,-0.000615,1.967213
1552,152.961705,624,47.421539,5,5,1.000000,1,1,-0.000305,-0.011218,0.030433,-0.000262,0.000000,0.040064,-0.005889,0.192308
1553,50.321047,698,44.059366,2,2,1.000000,1,1,-0.000304,-0.116404,0.004383,-0.000700,0.000000,0.014327,-0.001128,0.171920
1554,-116.725365,1000,3.456958,0,1,0.000000,0,0,-0.000298,-0.141250,0.024585,0.000238,0.000000,0.000000,0.000000,0.000000
1555,124.799194,241,115.360562,1,1,1.000000,1,1,-0.000302,-0.009336,0.010416,-0.001612,0.000000,0.020747,0.000000,0.497925
1556,39.013147,1000,2.020537,6,7,0.857143,0,1,-0.000303,0.000000,0.015344,0.001135,0.000000,0.030000,-0.007162,0.000000
1557,104.640762,631,46.788477,2,2,1.000000,1,1,-0.000302,-0.044770,0.005109,0.001498,0.000000,0.015848,-0.001723,0.190174
1558,6.004163,1000,1.892925,5,6,0.833333,0,1,-0.000301,-0.038250,0.026895,0.000460,0.000000,0.025000,-0.007800,0.000000
1559,117.484390,206,146.592017,2,2,1.000000,1,1,-0.000305,-0.077670,0.020638,-0.003054,0.000000,0.048544,-0.000364,0.582524
1560,130.572173,451,65.232992,5,5,1.000000,1,1,-0.000302,-0.051552,0.018646,0.005374,0.000000,0.055432,-0.004157,0.266075
1561,101.770710,600,49.662001,3,3,1.000000,1,1,-0.000305,-0.067083,0.012349,-0.000093,0.000000,0.025000,-0.000250,0.200000
1562,10.707214,1000,0.896804,2,3,0.666667,0,1,-0.000304,0.000000,0.007796,-0.000785,0.000000,0.010000,-0.006000,0.000000
1563,117.640812,596,49.234892,4,4,1.000000,1,1,-0.000304,-0.052433,0.019549,0.003034,0.000000,0.033557,-0.007362,0.201342
1564,2.242921,1000,2.129517,6,8,0.750000,0,1,-0.000304,-0.060250,0.036714,0.001108,0.000000,0.030000,-0.005025,0.000000
1565,125.336539,8,3247.623535,1,1,1.000000,1,1,-0.000307,-0.031250,0.041903,0.031722,0.000000,0.625000,0.000000,15.000000
1566,75.687525,713,42.846711,4,4,1.000000,1,1,-0.000304,-0.099930,0.010174,0.001701,0.000000,0.028050,-0.001841,0.168303
1567,58.584334,414,73.196735,6,6,1.000000,1,1,-0.000304,-0.240942,0.023507,0.001547,0.000000,0.072464,-0.004620,0.289855
1568,0.086854,1000,0.435587,0,1,0.000000,0,0,-0.000303,-0.002000,0.003238,-0.000849,0.000000,0.000000,0.000000,0.000000
1569,113.682947,559,51.504972,3,3,1.000000,1,1,-0.000303,-0.049642,0.013480,-0.000327,0.000000,0.026834,-0.001342,0.214669
1570,22.008334,1000,1.154550,5,6,0.833333,0,1,-0.000304,-0.009250,0.011941,0.001334,0.000000,0.025000,-0.006712,0.000000
1571,59.604452,667,45.447075,3,3,1.000000,1,1,-0.000304,-0.139805,0.026182,0.001565,0.000000,0.022489,-0.000675,0.179910
1572,40.772821,1000,1.155017,6,7,0.857143,0,1,-0.000303,-0.000500,0.019479,0.001622,0.000000,0.030000,-0.009525,0.000000
1573,-198.341884,1000,4.402375,1,2,0.500000,0,1,-0.000304,-0.214000,0.011724,-0.000274,0.000000,0.005000,-0.000487,0.000000
1574,217.673904,873,34.800545,8,8,1.000000,1,1,-0.000303,0.000000,0.068390,0.003518,0.000000,0.045819,-0.005541,0.137457
1575,166.384138,336,89.001656,7,7,1.000000,1,1,-0.000306,0.000000,0.044241,0.004902,0.000000,0.104167,-0.014955,0.357143
1576,164.062307,995,29.811734,4,4,1.000000,1,1,-0.000305,-0.016332,0.045782,0.001294,0.000000,0.020101,-0.006256,0.120603
1577,52.856763,532,56.731367,4,4,1.000000,1,1,-0.000304,-0.173402,0.017484,0.000313,0.000000,0.037594,-0.007895,0.225564
1578,140.985098,323,92.740432,6,6,1.000000,1,1,-0.000304,-0.059598,0.044341,0.000886,0.000000,0.092879,-0.013235,0.371517
1579,125.881591,15,1870.891190,2,2,1.000000,1,1,-0.000308,-0.266667,0.056387,-0.036472,0.000000,0.666667,-0.027500,8.000000
1580,74.016142,544,52.765845,1,1,1.000000,1,1,-0.000303,-0.099265,0.005886,-0.000039,0.000000,0.009191,0.000000,0.220588
1581,81.454513,792,38.312797,2,2,1.000000,1,1,-0.000303,-0.097854,0.041158,0.000391,0.000000,0.012626,-0.004688,0.151515
1582,162.392412,214,140.110061,7,7,1.000000,1,1,-0.000300,-0.015187,0.055221,0.003045,0.000000,0.163551,-0.008236,0.560748
1583,150.177233,427,70.431925,8,8,1.000000,1,1,-0.000301,-0.093091,0.072894,0.002675,0.000000,0.093677,-0.005181,0.281030
1584,123.990775,9,2893.096237,1,1,1.000000,1,1,-0.000312,-0.222222,0.020301,0.090096,0.000000,0.555556,0.000000,13.333333
1585,130.858576,20,1460.956596,2,2,1.000000,1,1,-0.000295,-0.037500,0.024134,0.060340,0.000000,0.500000,-0.003750,6.000000
1586,103.293639,328,92.031513,2,2,1.000000,1,1,-0.000299,-0.083841,0.002151,0.000681,0.000000,0.030488,-0.000114,0.365854
1587,33.464769,1000,2.573562,6,7,0.857143,0,1,-0.000305,0.000000,0.011439,0.001406,0.000000,0.030000,-0.009075,0.000000
1588,163.515607,181,163.893052,8,8,1.000000,1,1,-0.000295,-0.026243,0.053683,0.004709,0.000000,0.220994,-0.012431,0.662983
1589,126.181843,135,202.154825,1,1,1.000000,1,1,-0.000294,-0.005556,0.005587,0.009016,0.000000,0.037037,0.000000,0.888889
1590,169.725020,636,47.057750,7,7,1.000000,1,1,-0.000306,-0.062500,0.098486,0.001328,0.000000,0.055031,-0.013856,0.188679
1591,144.581498,300,95.908224,5,5,1.000000,1,1,-0.000301,-0.076667,0.078864,0.004084,0.000000,0.083333,-0.007375,0.400000
1592,154.516488,138,201.169500,8,8,1.000000,1,1,-0.000307,-0.079710,0.045843,0.007482,0.000000,0.289855,-0.013043,0.869565
1593,193.449388,881,35.188108,5,5,1.000000,1,1,-0.000308,-0.041430,0.103116,0.001618,0.000000,0.028377,-0.008002,0.136209
1594,40.363176,1000,3.403389,6,7,0.857143,0,1,-0.000303,-0.001250,0.015284,0.000645,0.000000,0.030000,-0.004013,0.000000
1595,145.503886,427,67.653057,5,5,1.000000,1,1,-0.000299,-0.016979,0.028970,0.001695,0.000000,0.058548,-0.012207,0.281030
1596,160.432059,465,62.597516,5,5,1.000000,1,1,-0.000298,-0.034946,0.071792,0.006155,0.000000,0.053763,-0.009516,0.258065
1597,131.550081,174,160.876657,2,2,1.000000,1,1,-0.000296,-0.017241,0.027285,0.003256,0.000000,0.057471,-0.004095,0.689655
1598,76.242871,394,72.933598,1,1,1.000000,1,1,-0.000303,-0.131980,0.008647,-0.000113,0.000000,0.012690,0.000000,0.304569
1599,119.825468,214,133.005879,6,6,1.000000,1,1,-0.000302,-0.141355,0.015759,0.004522,0.000000,0.140187,-0.019626,0.560748
1600,144.813811,940,31.486351,3,3,1.000000,1,1,-0.000305,0.000000,0.015157,0.000535,0.000000,0.015957,-0.004947,0.127660
1601,157.175007,864,34.645247,3,3,1.000000,1,1,-0.000310,0.000000,0.026584,0.000476,0.000000,0.017361,-0.001085,0.138889
1602,125.182589,67,410.489437,3,3,1.000000,1,1,-0.000299,-0.164179,0.011102,0.015243,0.000000,0.223881,-0.008396,1.791045
1603,42.721622,1000,1.732221,5,6,0.833333,0,1,-0.000307,-0.015750,0.042945,0.000883,0.000000,0.025000,-0.010050,0.000000
1604,-20.443082,1000,3.670990,6,8,0.750000,0,1,-0.000300,-0.110750,0.061795,0.001363,0.000000,0.030000,-0.002550,0.000000
1605,63.693402,775,40.584740,3,3,1.000000,1,1,-0.000303,-0.126452,0.036684,0.003288,0.000000,0.019355,-0.005226,0.154839
1606,153.566047,148,202.243120,6,6,1.000000,1,1,-0.000301,0.000000,0.028987,0.005037,0.000000,0.202703,-0.009628,0.810811
1607,97.538603,371,80.092545,3,3,1.000000,1,1,-0.000304,-0.123989,0.027723,0.003986,0.000000,0.040431,-0.008389,0.323450
1608,49.543541,1000,1.611965,6,7,0.857143,0,1,-0.000307,-0.004000,0.037226,0.002187,0.000000,0.030000,-0.015562,0.000000
1609,61.703453,311,94.538578,6,6,1.000000,1,1,-0.000297,-0.358521,0.077869,0.001619,0.000000,0.096463,-0.004582,0.385852
1610,162.891123,412,72.076634,7,7,1.000000,1,1,-0.000309,-0.021238,0.046639,0.003890,0.000000,0.084951,-0.009830,0.291262
1611,-413.279720,1000,13.845327,5,6,0.833333,0,1,-0.000300,-0.423750,0.030587,0.000671,0.000000,0.025000,-0.045488,0.000000
1612,171.262703,899,33.596618,7,7,1.000000,1,1,-0.000305,-0.015851,0.042112,0.001311,0.000000,0.038932,-0.009177,0.133482
1613,99.895464,500,58.977496,3,3,1.000000,1,1,-0.000305,-0.072500,0.008246,0.000125,0.000000,0.030000,-0.005775,0.240000
1614,159.380976,386,75.319916,8,8,1.000000,1,1,-0.000302,-0.033679,0.052798,0.001633,0.000000,0.103627,-0.022053,0.310881
1615,120.363538,931,32.968867,8,8,1.000000,1,1,-0.000304,-0.104189,0.071168,0.002231,0.000000,0.042965,-0.011480,0.128894
1616,84.223696,176,167.012304,2,2,1.000000,1,1,-0.000299,-0.268466,0.014098,-0.004361,0.000000,0.056818,-0.001065,0.681818
1617,143.901005,264,112.919784,4,4,1.000000,1,1,-0.000303,0.000000,0.015149,0.003623,0.000000,0.075758,-0.003693,0.454545
1618,163.848843,354,82.017418,7,7,1.000000,1,1,-0.000302,-0.010593,0.034273,0.008823,0.000000,0.098870,-0.007203,0.338983
1619,126.474012,49,562.706718,2,2,1.000000,1,1,-0.000297,-0.091837,0.008513,0.013192,0.000000,0.204082,-0.001531,2.448980
1620,103.769905,488,58.979563,4,4,1.000000,1,1,-0.000298,-0.086578,0.016588,0.000811,0.000000,0.040984,-0.004764,0.245902
1621,148.438544,245,119.387252,6,6,1.000000,1,1,-0.000301,-0.056122,0.062694,0.003887,0.000000,0.122449,-0.016531,0.489796
1622,-2.707021,1000,6.066974,5,6,0.833333,0,1,-0.000302,-0.165750,0.146097,0.000686,0.000000,0.025000,-0.008437,0.000000
1623,-43.091964,608,55.573824,6,6,1.000000,1,1,-0.000298,-0.303865,0.024309,0.001372,0.000000,0.049342,-0.039104,0.197368
1624,90.216325,316,90.653670,1,1,1.000000,1,1,-0.000296,-0.110759,0.000990,-0.000008,0.000000,0.015823,0.000000,0.379747
1625,137.156033,49,551.880621,3,3,1.000000,1,1,-0.000304,0.000000,0.004296,0.043070,0.000000,0.306122,-0.003061,2.448980
1626,152.881351,655,44.756330,4,4,1.000000,1,1,-0.000299,0.000000,0.024655,0.001092,0.000000,0.030534,-0.005782,0.183206
1627,108.683704,81,333.089516,1,1,1.000000,1,1,-0.000296,-0.197531,0.005430,-0.009039,0.000000,0.061728,0.000000,1.481481
1628,109.627900,469,60.940871,1,1,1.000000,1,1,-0.000304,-0.036247,0.003546,0.000229,0.000000,0.010661,0.000000,0.255864
1629,-52.070615,1000,4.423585,5,6,0.833333,0,1,-0.000303,-0.094250,0.024701,0.001218,0.000000,0.025000,-0.008437,0.000000
1630,139.472579,544,55.948968,8,8,1.000000,1,1,-0.000298,-0.088235,0.067515,0.003412,0.000000,0.073529,-0.020129,0.220588
1631,124.848213,180,158.447975,3,3,1.000000,1,1,-0.000299,-0.086111,0.028885,0.001544,0.000000,0.083333,-0.000417,0.666667
1632,105.137237,353,82.514610,3,3,1.000000,1,1,-0.000303,-0.080737,0.012964,0.002068,0.000000,0.042493,-0.018591,0.339943
1633,133.374580,137,207.679973,3,3,1.000000,1,1,-0.000297,-0.047445,0.025242,0.011457,0.000000,0.109489,-0.000821,0.875912
1634,106.894780,701,43.712418,6,6,1.000000,1,1,-0.000302,-0.065977,0.016498,0.001396,0.000000,0.042796,-0.013106,0.171184
1635,-96.193968,1000,3.612305,2,3,0.666667,0,1,-0.000301,-0.137500,0.032520,-0.000350,0.000000,0.010000,-0.000562,0.000000
1636,42.342346,1000,1.660773,5,6,0.833333,0,1,-0.000301,0.000000,0.019944,0.000511,0.000000,0.025000,-0.002813,0.000000
1637,138.590326,243,118.708884,5,5,1.000000,1,1,-0.000299,-0.066872,0.043466,0.006895,0.000000,0.102881,-0.009568,0.493827
1638,34.942261,1000,1.333788,3,5,0.600000,0,1,-0.000303,-0.028000,0.050817,0.000540,0.000000,0.015000,-0.003113,0.000000
1639,123.491418,137,211.228515,5,5,1.000000,1,1,-0.000293,-0.164234,0.007331,0.008684,0.000000,0.182482,-0.008485,0.875912
1640,44.648121,1000,0.923006,2,3,0.666667,0,1,-0.000303,0.000000,0.035407,0.000931,0.000000,0.010000,-0.001388,0.000000
1641,-267.867573,1000,6.620928,4,6,0.666667,0,1,-0.000302,-0.351500,0.065945,0.000464,0.000000,0.020000,-0.002475,0.000000
1642,44.791506,1000,2.021229,5,7,0.714286,0,1,-0.000308,-0.001750,0.026225,-0.000137,0.000000,0.025000,-0.004238,0.000000
1643,119.241835,87,325.763714,1,1,1.000000,1,1,-0.000299,-0.066092,0.006081,-0.005875,0.000000,0.057471,0.000000,1.379310
1644,10.470939,1000,1.553705,6,7,0.857143,0,1,-0.000308,-0.041750,0.028697,0.000469,0.000000,0.030000,-0.006637,0.000000
1645,9.002692,1000,1.408939,3,4,0.750000,0,1,-0.000307,-0.023750,0.023742,-0.000695,0.000000,0.015000,-0.004987,0.000000
1646,125.745355,12,2331.066498,1,1,1.000000,1,1,-0.000303,0.000000,0.018732,0.043684,0.000000,0.416667,0.000000,10.000000
1647,86.139520,389,75.797539,2,2,1.000000,1,1,-0.000300,-0.115039,0.014135,-0.002197,0.000000,0.025707,-0.009351,0.308483
1648,125.505558,6,4035.495819,1,1,1.000000,1,1,-0.000290,0.000000,0.018920,0.065630,0.000000,0.833333,0.000000,20.000000
1649,14.867023,1000,1.909149,7,8,0.875000,0,1,-0.000305,-0.051500,0.055209,0.000613,0.000000,0.035000,-0.024150,0.000000
1650,-12.825874,1000,2.407708,3,5,0.600000,0,1,-0.000305,-0.091750,0.067642,-0.000075,0.000000,0.015000,-0.003338,0.000000
1651,17.806107,1000,1.540497,5,6,0.833333,0,1,-0.000307,-0.035250,0.033628,0.000922,0.000000,0.025000,-0.006187,0.000000
1652,-12.551247,1000,1.191089,2,3,0.666667,0,1,-0.000304,-0.030250,0.012309,-0.000181,0.000000,0.010000,-0.004125,0.000000
1653,-72.588905,1000,1.410223,0,1,0.000000,0,0,-0.000308,-0.076250,0.004489,-0.000520,0.000000,0.000000,0.000000,0.000000
1654,136.700053,411,70.887785,3,3,1.000000,1,1,-0.000303,0.000000,0.009256,0.003030,0.000000,0.036496,-0.007847,0.291971
1655,127.073484,152,190.936304,2,2,1.000000,1,1,-0.000299,-0.014803,0.002830,-0.004021,0.000000,0.065789,-0.002961,0.789474
1656,125.015450,500,60.021980,4,4,1.000000,1,1,-0.000304,-0.057000,0.028865,0.001544,0.000000,0.040000,-0.003075,0.240000
1657,105.501823,293,98.374132,2,2,1.000000,1,1,-0.000301,-0.099829,0.030510,0.001240,0.000000,0.034130,-0.015230,0.409556
1658,-306.374412,1000,8.370802,5,6,0.833333,0,1,-0.000300,-0.374500,0.059746,0.000629,0.000000,0.025000,-0.016950,0.000000
1659,118.610206,500,59.262085,4,4,1.000000,1,1,-0.000309,-0.053000,0.012576,0.001253,0.000000,0.040000,-0.003300,0.240000
1660,122.450069,43,659.573647,1,1,1.000000,1,1,-0.000301,-0.058140,0.005790,-0.006650,0.000000,0.116279,0.000000,2.790698
1661,93.255927,721,40.688263,2,2,1.000000,1,1,-0.000303,-0.063454,0.012689,0.000365,0.000000,0.013870,-0.000260,0.166436
1662,127.875751,13,2259.372406,2,2,1.000000,1,1,-0.000293,-0.211538,0.040441,0.013756,0.000000,0.769231,-0.005769,9.230769
1663,136.325698,239,118.450107,4,4,1.000000,1,1,-0.000298,-0.049163,0.033453,0.005655,0.000000,0.083682,-0.005021,0.502092
1664,126.993226,51,547.206127,2,2,1.000000,1,1,-0.000309,-0.083333,0.007960,0.021873,0.000000,0.196078,-0.005147,2.352941
1665,117.939345,177,158.706430,1,1,1.000000,1,1,-0.000296,-0.057910,0.020233,-0.001918,0.000000,0.028249,0.000000,0.677966
1666,123.689980,564,51.291380,6,6,1.000000,1,1,-0.000301,-0.056738,0.012916,0.000931,0.000000,0.053191,-0.003457,0.212766
1667,138.428274,401,71.117212,4,4,1.000000,1,1,-0.000298,-0.018703,0.017308,0.003665,0.000000,0.049875,-0.005892,0.299252
1668,99.173701,372,78.174486,2,2,1.000000,1,1,-0.000303,-0.086022,0.003731,-0.000171,0.000000,0.026882,-0.000101,0.322581
1669,89.052669,581,50.898304,2,2,1.000000,1,1,-0.000303,-0.080034,0.018636,0.000840,0.000000,0.017212,-0.009617,0.206540
1670,145.917753,142,195.432807,4,4,1.000000,1,1,-0.000294,-0.005282,0.045974,0.010519,0.000000,0.140845,-0.009243,0.845070
1671,105.700245,417,70.947900,6,6,1.000000,1,1,-0.000301,-0.106715,0.014507,0.003361,0.000000,0.071942,-0.017086,0.287770
1672,127.969485,110,249.584598,2,2,1.000000,1,1,-0.000299,-0.025000,0.006973,0.006003,0.000000,0.090909,-0.006136,1.090909
1673,136.385761,344,84.222961,6,6,1.000000,1,1,-0.000300,-0.065407,0.026065,0.003990,0.000000,0.087209,-0.003924,0.348837
1674,129.963963,32,910.499527,2,2,1.000000,1,1,-0.000300,-0.054688,0.046470,0.007391,0.000000,0.312500,0.000000,3.750000
1675,129.093221,361,77.852780,3,3,1.000000,1,1,-0.000298,-0.032548,0.013629,0.005868,0.000000,0.041551,-0.003012,0.332410
1676,40.045358,1000,2.359512,2,3,0.666667,0,1,-0.000311,0.000000,0.031609,0.001147,0.000000,0.010000,-0.002400,0.000000
1677,46.843650,993,34.704130,5,5,1.000000,1,1,-0.000301,-0.104733,0.009934,0.000633,0.000000,0.025176,-0.004381,0.120846
1678,120.716502,304,94.113780,4,4,1.000000,1,1,-0.000300,-0.073191,0.012012,0.002734,0.000000,0.065789,-0.004688,0.394737
1679,36.354920,1000,1.726956,2,3,0.666667,0,1,-0.000307,0.000000,0.031098,0.001114,0.000000,0.010000,-0.005550,0.000000
1680,161.682583,191,150.406622,8,8,1.000000,1,1,-0.000299,-0.013089,0.034100,0.007534,0.000000,0.209424,-0.019437,0.628272
1681,138.278912,216,130.215929,5,5,1.000000,1,1,-0.000303,-0.057870,0.025632,0.007328,0.000000,0.115741,-0.005903,0.555556
1682,148.613332,228,124.978936,6,6,1.000000,1,1,-0.000298,-0.051535,0.051573,0.002073,0.000000,0.131579,-0.007895,0.526316
1683,121.422791,219,128.549395,4,4,1.000000,1,1,-0.000306,-0.108447,0.022509,0.003129,0.000000,0.091324,-0.001712,0.547945
1684,142.767406,377,75.846929,3,3,1.000000,1,1,-0.000304,0.000000,0.021218,0.003568,0.000000,0.039788,-0.003879,0.318302
1685,139.643429,105,256.142214,4,4,1.000000,1,1,-0.000304,-0.030952,0.019116,0.010888,0.000000,0.190476,-0.002143,1.142857
1686,107.108548,506,59.812917,5,5,1.000000,1,1,-0.000302,-0.089427,0.025573,0.001203,0.000000,0.049407,-0.011932,0.237154
1687,165.632388,930,32.983592,6,6,1.000000,1,1,-0.000310,-0.003763,0.023836,0.002692,0.000000,0.032258,-0.005645,0.129032
1688,136.494895,305,93.325634,5,5,1.000000,1,1,-0.000304,-0.036885,0.009963,0.004382,0.000000,0.081967,-0.005041,0.393443
1689,30.848149,1000,3.049945,4,6,0.666667,0,1,-0.000310,-0.007000,0.021919,0.001001,0.000000,0.020000,-0.004762,0.000000
1690,161.133822,620,47.412172,5,5,1.000000,1,1,-0.000304,-0.004032,0.037641,0.001670,0.000000,0.040323,-0.008952,0.193548
1691,135.881068,765,39.090382,6,6,1.000000,1,1,-0.000310,-0.043464,0.031372,0.001984,0.000000,0.039216,-0.008039,0.156863
1692,154.397294,160,178.277676,8,8,1.000000,1,1,-0.000303,-0.046875,0.025158,0.004581,0.000000,0.250000,-0.017578,0.750000
1693,138.374183,783,37.368563,4,4,1.000000,1,1,-0.000307,-0.046935,0.048284,0.000282,0.000000,0.025543,-0.003400,0.153257
1694,-20.081052,1000,3.227731,5,6,0.833333,0,1,-0.000305,-0.066000,0.026541,-0.000329,0.000000,0.025000,-0.004987,0.000000
1695,129.754365,224,126.732398,4,4,1.000000,1,1,-0.000301,-0.053571,0.018481,-0.000638,0.000000,0.089286,-0.009710,0.535714
1696,129.659281,417,68.093327,3,3,1.000000,1,1,-0.000307,-0.029976,0.022062,0.003597,0.000000,0.035971,-0.008183,0.287770
1697,137.162975,194,146.500028,4,4,1.000000,1,1,-0.000300,-0.041237,0.020900,0.009686,0.000000,0.103093,-0.003673,0.618557
1698,12.075502,1000,1.543133,1,2,0.500000,0,1,-0.000305,-0.042000,0.050650,0.000381,0.000000,0.005000,-0.001650,0.000000
1699,123.559460,47,578.095602,2,2,1.000000,1,1,-0.000296,-0.138298,0.013405,-0.011046,0.000000,0.212766,-0.000798,2.553191
1700,107.606867,102,272.030856,1,1,1.000000,1,1,-0.000304,-0.169118,0.000000,-0.001099,0.000000,0.049020,0.000000,1.176471
1701,124.767454,52,526.720989,1,1,1.000000,1,1,-0.000301,-0.052885,0.016090,0.032623,0.000000,0.096154,0.000000,2.307692
1702,126.102131,56,488.726002,2,2,1.000000,1,1,-0.000296,-0.080357,0.008122,0.003596,0.000000,0.178571,-0.000670,2.142857
1703,94.732415,711,42.058016,5,5,1.000000,1,1,-0.000305,-0.102672,0.043337,0.002390,0.000000,0.035162,-0.013449,0.168776
1704,127.170548,681,44.997202,8,8,1.000000,1,1,-0.000304,-0.082966,0.043375,0.003196,0.000000,0.058737,-0.011509,0.176211
1705,122.883991,25,1044.086205,1,1,1.000000,1,1,-0.000301,-0.110000,0.005947,0.019714,0.000000,0.200000,0.000000,4.800000
1706,159.893943,393,73.807682,8,8,1.000000,1,1,-0.000307,-0.019084,0.032040,0.001489,0.000000,0.101781,-0.014408,0.305344
1707,145.663659,389,74.824017,7,7,1.000000,1,1,-0.000310,-0.028278,0.016521,0.002237,0.000000,0.089974,-0.014171,0.308483
1708,97.868820,287,97.224422,2,2,1.000000,1,1,-0.000305,-0.121080,0.008618,0.001073,0.000000,0.034843,-0.000261,0.418118
1709,149.896073,183,151.229334,4,4,1.000000,1,1,-0.000299,0.000000,0.064962,0.006627,0.000000,0.109290,-0.017213,0.655738
1710,116.253487,242,115.712636,2,2,1.000000,1,1,-0.000304,-0.072314,0.016714,0.000185,0.000000,0.041322,-0.001085,0.495868
1711,126.930912,64,422.426039,2,2,1.000000,1,1,-0.000301,-0.042969,0.000877,-0.000288,0.000000,0.156250,-0.005273,1.875000
1712,-4.456254,1000,4.602003,7,8,0.875000,0,1,-0.000304,-0.097750,0.061540,0.001632,0.000000,0.035000,-0.004575,0.000000
1713,-28.973859,1000,4.684634,4,5,0.800000,0,1,-0.000306,-0.052750,0.011164,0.000455,0.000000,0.020000,-0.007537,0.000000
1714,148.380818,575,51.177587,6,6,1.000000,1,1,-0.000299,0.000000,0.024932,0.003204,0.000000,0.052174,-0.030652,0.208696
1715,139.989024,243,123.861072,6,6,1.000000,1,1,-0.000300,-0.180041,0.147834,0.004272,0.000000,0.123457,-0.012963,0.493827
1716,-2.482596,1000,2.804992,2,4,0.500000,0,1,-0.000303,-0.019500,0.009735,-0.001289,0.000000,0.010000,-0.001125,0.000000
1717,169.131806,555,52.631905,6,6,1.000000,1,1,-0.000307,-0.002252,0.035325,0.002989,0.000000,0.054054,-0.001284,0.216216
1718,93.911030,249,112.938209,2,2,1.000000,1,1,-0.000305,-0.159639,0.013067,0.004049,0.000000,0.040161,-0.002108,0.481928
1719,234.211851,805,37.425142,8,8,1.000000,1,1,-0.000305,0.000000,0.100987,0.003012,0.000000,0.049689,-0.011506,0.149068
1720,129.085213,93,295.269696,4,4,1.000000,1,1,-0.000306,-0.155914,0.039979,0.001297,0.000000,0.215054,-0.002419,1.290323
1721,135.152654,183,153.715164,5,5,1.000000,1,1,-0.000307,-0.137978,0.089325,0.002526,0.000000,0.136612,-0.007377,0.655738
1722,163.506562,539,54.308890,5,5,1.000000,1,1,-0.000306,-0.013451,0.047848,0.002192,0.000000,0.046382,-0.001948,0.222635
1723,66.601143,1000,2.192147,5,7,0.714286,0,1,-0.000306,0.000000,0.046367,0.000528,0.000000,0.025000,-0.004987,0.000000
1724,126.087216,108,253.612786,2,2,1.000000,1,1,-0.000299,-0.037037,0.006803,0.002289,0.000000,0.092593,-0.007986,1.111111
1725,13.075480,1000,2.069017,2,3,0.666667,0,1,-0.000310,0.000000,0.003578,0.001833,0.000000,0.010000,-0.002025,0.000000
1726,185.660555,970,31.480222,6,6,1.000000,1,1,-0.000309,0.000000,0.041442,0.001313,0.000000,0.030928,-0.005683,0.123711
1727,-78.332947,1000,5.522010,5,6,0.833333,0,1,-0.000305,-0.183000,0.092272,0.000413,0.000000,0.025000,-0.012712,0.000000
1728,109.923836,357,80.818459,6,6,1.000000,1,1,-0.000297,-0.114146,0.017031,0.002590,0.000000,0.084034,-0.017437,0.336134
1729,88.869513,364,80.197662,2,2,1.000000,1,1,-0.000304,-0.122940,0.010053,0.000401,0.000000,0.027473,-0.000206,0.329670
1730,145.409793,608,47.856533,5,5,1.000000,1,1,-0.000301,-0.005345,0.007929,0.003880,0.000000,0.041118,-0.005489,0.197368
1731,128.953263,44,620.630390,3,3,1.000000,1,1,-0.000301,-0.176136,0.013810,0.032872,0.000000,0.340909,-0.007670,2.727273
1732,121.429827,23,1182.704857,1,1,1.000000,1,1,-0.000303,-0.195652,0.002746,0.037985,0.000000,0.217391,0.000000,5.217391
1733,124.241539,776,38.832174,5,5,1.000000,1,1,-0.000305,-0.031250,0.006947,0.000080,0.000000,0.032216,-0.002223,0.154639
1734,134.292493,12,2305.204468,3,3,1.000000,1,1,-0.000303,-0.145833,0.038261,0.073916,0.000000,1.250000,-0.025000,10.000000
1735,100.711127,916,34.234328,7,7,1.000000,1,1,-0.000305,-0.106987,0.057315,0.001927,0.000000,0.038210,-0.011217,0.131004
1736,112.995908,418,69.118844,6,6,1.000000,1,1,-0.000304,-0.100478,0.016199,0.002157,0.000000,0.071770,-0.006100,0.287081
1737,126.359666,36,772.567455,1,1,1.000000,1,1,-0.000299,0.000000,0.010894,0.027173,0.000000,0.138889,0.000000,3.333333
1738,-27.999466,1000,4.389186,6,7,0.857143,0,1,-0.000307,-0.105750,0.056965,0.001592,0.000000,0.030000,-0.010500,0.000000
1739,136.514356,178,154.877284,5,5,1.000000,1,1,-0.000300,-0.088483,0.040579,0.006009,0.000000,0.140449,-0.005478,0.674157
1740,115.280620,229,125.980238,3,3,1.000000,1,1,-0.000300,-0.108079,0.019038,0.003884,0.000000,0.065502,-0.000655,0.524017
1741,137.592580,124,224.613548,3,3,1.000000,1,1,-0.000305,0.000000,0.016643,0.009409,0.000000,0.120968,-0.004839,0.967742
1742,74.110527,499,59.947396,1,1,1.000000,1,1,-0.000302,-0.102204,0.001119,-0.000596,0.000000,0.010020,0.000000,0.240481
1743,122.455374,468,63.238709,4,4,1.000000,1,1,-0.000302,-0.045406,0.008543,0.001919,0.000000,0.042735,-0.002244,0.256410
1744,109.106899,362,79.054874,2,2,1.000000,1,1,-0.000299,-0.066989,0.008419,0.002499,0.000000,0.027624,-0.001347,0.331492
1745,90.143268,187,149.918077,1,1,1.000000,1,1,-0.000304,-0.188503,0.002249,0.000158,0.000000,0.026738,0.000000,0.641711
1746,113.225503,827,37.467550,8,8,1.000000,1,1,-0.000304,-0.066808,0.011224,0.002820,0.000000,0.048368,-0.003492,0.145103
1747,-46.051671,1000,4.321500,7,8,0.875000,0,1,-0.000303,-0.109500,0.034993,0.001146,0.000000,0.035000,-0.007387,0.000000
1748,131.379226,890,33.977542,5,5,1.000000,1,1,-0.000305,-0.017135,0.006350,0.002274,0.000000,0.028090,-0.006489,0.134831
1749,80.122222,608,49.979384,2,2,1.000000,1,1,-0.000306,-0.112664,0.033754,0.001745,0.000000,0.016447,-0.004564,0.197368
1750,37.483930,1000,1.932355,6,7,0.857143,0,1,-0.000307,-0.005500,0.018011,0.001242,0.000000,0.030000,-0.005962,0.000000
1751,16.860051,1000,1.607269,4,6,0.666667,0,1,-0.000302,-0.023750,0.023961,0.001339,0.000000,0.020000,-0.004388,0.000000
1752,124.692721,21,1330.239891,1,1,1.000000,1,1,-0.000309,0.000000,0.006216,-0.020539,0.000000,0.238095,0.000000,5.714286
1753,126.406031,458,64.890845,8,8,1.000000,1,1,-0.000301,-0.110808,0.037852,0.004493,0.000000,0.087336,-0.004585,0.262009
1754,198.904065,975,30.809633,3,3,1.000000,1,1,-0.000309,0.000000,0.067174,0.000985,0.000000,0.015385,-0.002308,0.123077
1755,161.441439,340,86.552446,7,7,1.000000,1,1,-0.000307,0.000000,0.029854,0.002083,0.000000,0.102941,-0.012684,0.352941
1756,145.798367,184,169.799215,8,8,1.000000,1,1,-0.000299,-0.157609,0.078653,0.012262,0.000000,0.217391,-0.010190,0.652174
1757,163.115351,698,42.009270,5,5,1.000000,1,1,-0.000302,-0.009670,0.043830,0.002035,0.000000,0.035817,-0.009939,0.171920
1758,142.673066,803,37.522217,7,7,1.000000,1,1,-0.000306,-0.036115,0.026546,0.001809,0.000000,0.043587,-0.007285,0.149440
1759,135.991346,810,36.045427,3,3,1.000000,1,1,-0.000307,0.000000,0.003905,0.001376,0.000000,0.018519,-0.003750,0.148148
1760,129.571621,598,49.093709,3,3,1.000000,1,1,-0.000303,-0.027592,0.021473,0.000292,0.000000,0.025084,-0.002947,0.200669
1761,-4.567777,1000,2.184247,5,6,0.833333,0,1,-0.000298,-0.046750,0.023422,0.001409,0.000000,0.025000,-0.007350,0.000000
1762,44.690957,1000,1.647529,5,7,0.714286,0,1,-0.000300,-0.020000,0.047319,0.000397,0.000000,0.025000,-0.007725,0.000000
1763,-2.703811,1000,1.098378,1,2,0.500000,0,1,-0.000306,-0.021250,0.025583,0.000457,0.000000,0.005000,-0.012187,0.000000
1764,1.642264,1000,1.817965,5,6,0.833333,0,1,-0.000305,-0.047000,0.036984,0.002600,0.000000,0.025000,-0.015637,0.000000
1765,113.379686,746,40.893793,3,3,1.000000,1,1,-0.000304,-0.031836,0.004063,-0.000149,0.000000,0.020107,-0.000754,0.160858
1766,-1.359943,1000,2.533706,7,8,0.875000,0,1,-0.000305,-0.082000,0.050726,0.001107,0.000000,0.035000,-0.005887,0.000000
1767,-7.036144,1000,1.851256,6,7,0.857143,0,1,-0.000305,-0.065250,0.030513,0.001530,0.000000,0.030000,-0.003525,0.000000
1768,174.545731,807,37.657129,7,7,1.000000,1,1,-0.000304,0.000000,0.044005,0.003288,0.000000,0.043371,-0.022770,0.148699
1769,23.545090,640,48.260643,1,1,1.000000,1,1,-0.000301,-0.160938,0.001985,0.000730,0.000000,0.007812,0.000000,0.187500
1770,126.482599,644,46.547871,5,5,1.000000,1,1,-0.000301,-0.092003,0.067151,0.001116,0.000000,0.038820,-0.004717,0.186335
1771,108.421134,762,37.896370,1,1,1.000000,1,1,-0.000303,-0.022638,0.000000,0.001184,0.000000,0.006562,0.000000,0.157480
1772,177.029798,704,42.438951,6,6,1.000000,1,1,-0.000306,0.000000,0.038385,0.002180,0.000000,0.042614,-0.001864,0.170455
1773,88.149083,551,53.494527,1,1,1.000000,1,1,-0.000300,-0.066697,0.000657,-0.000540,0.000000,0.009074,0.000000,0.217786
1774,172.390019,862,35.563049,7,7,1.000000,1,1,-0.000307,-0.003190,0.037389,0.003945,0.000000,0.040603,-0.017662,0.139211
1775,118.165408,639,45.465154,2,2,1.000000,1,1,-0.000303,-0.019562,0.002214,0.001184,0.000000,0.015649,-0.002054,0.187793
1776,154.628372,185,168.023766,7,7,1.000000,1,1,-0.000298,0.000000,0.007106,0.000305,0.000000,0.189189,-0.009122,0.648649
1777,57.262243,498,60.226182,3,3,1.000000,1,1,-0.000299,-0.165161,0.008600,0.002567,0.000000,0.030120,-0.001807,0.240964
1778,138.179649,113,250.846848,3,3,1.000000,1,1,-0.000300,0.000000,0.018748,0.014337,0.000000,0.132743,-0.004646,1.061947
1779,143.122000,298,95.722082,3,3,1.000000,1,1,-0.000303,0.000000,0.030373,-0.001305,0.000000,0.050336,-0.001510,0.402685
1780,146.019015,186,151.917220,4,4,1.000000,1,1,-0.000298,0.000000,0.031634,0.006266,0.000000,0.107527,-0.005242,0.645161
1781,155.976599,836,35.626755,5,5,1.000000,1,1,-0.000304,-0.002990,0.019220,0.001914,0.000000,0.029904,-0.004710,0.143541
1782,140.093141,885,34.949862,6,6,1.000000,1,1,-0.000305,-0.018927,0.015527,0.001366,0.000000,0.033898,-0.008856,0.135593
1783,37.999483,1000,2.392054,6,7,0.857143,0,1,-0.000302,-0.006250,0.016484,0.003618,0.000000,0.030000,-0.005550,0.000000
1784,-27.740931,1000,1.943870,1,2,0.500000,0,1,-0.000302,-0.034750,0.000890,0.001871,0.000000,0.005000,-0.000450,0.000000
1785,167.649408,625,50.994431,7,7,1.000000,1,1,-0.000296,-0.021200,0.062679,0.001616,0.000000,0.056000,-0.022560,0.192000
1786,127.025856,297,99.837205,6,6,1.000000,1,1,-0.000298,-0.142256,0.073282,0.007322,0.000000,0.101010,-0.015404,0.404040
1787,132.139100,72,386.953173,2,2,1.000000,1,1,-0.000296,-0.006944,0.035539,0.008703,0.000000,0.138889,-0.007292,1.666667
1788,126.342144,648,44.942453,2,2,1.000000,1,1,-0.000296,-0.034722,0.029914,0.001137,0.000000,0.015432,-0.001678,0.185185
1789,118.001180,406,69.614451,2,2,1.000000,1,1,-0.000298,-0.032020,0.002597,0.000352,0.000000,0.024631,-0.000185,0.295567
1790,130.067646,321,89.025403,4,4,1.000000,1,1,-0.000301,-0.141745,0.120061,0.003893,0.000000,0.062305,-0.012850,0.373832
1791,140.545091,859,34.933678,6,6,1.000000,1,1,-0.000299,-0.031432,0.023986,0.003417,0.000000,0.034924,-0.006679,0.139697
1792,21.445823,1000,1.783812,4,7,0.571429,0,1,-0.000306,-0.011250,0.023668,-0.001179,0.000000,0.020000,-0.009487,0.000000
1793,134.599235,46,611.090904,3,3,1.000000,1,1,-0.000292,-0.070652,0.013277,0.050586,0.000000,0.326087,-0.001630,2.608696
1794,80.271934,1000,1.437452,5,7,0.714286,0,1,-0.000301,-0.018250,0.080240,0.000858,0.000000,0.025000,-0.007275,0.000000
1795,83.171854,577,52.536659,5,5,1.000000,1,1,-0.000298,-0.121750,0.015239,0.002059,0.000000,0.043328,-0.002405,0.207972
1796,90.480046,412,72.821586,5,5,1.000000,1,1,-0.000305,-0.157160,0.024627,0.001874,0.000000,0.060680,-0.001365,0.291262
1797,182.939379,852,35.395630,5,5,1.000000,1,1,-0.000303,-0.017312,0.064408,0.002886,0.000000,0.029343,-0.005150,0.140845
1798,124.493305,560,51.807922,5,5,1.000000,1,1,-0.000303,-0.044196,0.012218,0.001087,0.000000,0.044643,-0.005424,0.214286
1799,129.146989,6,4194.439926,2,2,1.000000,1,1,-0.000316,-0.250000,0.054917,0.059481,0.000000,1.666667,-0.006250,20.000000
1800,146.936293,822,36.582662,7,7,1.000000,1,1,-0.000306,-0.035280,0.030043,0.002986,0.000000,0.042579,-0.007254,0.145985
1801,79.828762,918,37.206118,8,8,1.000000,1,1,-0.000302,-0.114651,0.028146,0.003029,0.000000,0.043573,-0.003554,0.130719
1802,174.636825,977,30.656237,7,7,1.000000,1,1,-0.000298,-0.014330,0.043149,0.000406,0.000000,0.035824,-0.008828,0.122825
1803,103.829042,135,213.491691,2,2,1.000000,1,1,-0.000295,-0.207407,0.003137,0.011540,0.000000,0.074074,-0.000833,0.888889
1804,90.761748,688,45.563088,7,7,1.000000,1,1,-0.000305,-0.142442,0.051094,0.002753,0.000000,0.050872,-0.004469,0.174419
1805,-35.177885,1000,2.559219,5,6,0.833333,0,1,-0.000303,-0.080250,0.028150,0.000926,0.000000,0.025000,-0.008700,0.000000
1806,125.105677,55,501.914183,1,1,1.000000,1,1,-0.000298,-0.009091,0.004693,0.006618,0.000000,0.090909,0.000000,2.181818
1807,-31.455974,1000,1.433475,1,2,0.500000,0,1,-0.000303,-0.036000,0.002768,-0.000109,0.000000,0.005000,-0.002813,0.000000
1808,74.870981,503,60.036369,4,4,1.000000,1,1,-0.000304,-0.176938,0.055176,0.002799,0.000000,0.039761,-0.010214,0.238569
1809,124.044524,392,81.077612,3,3,1.000000,1,1,-0.000299,-0.040179,0.010983,0.002121,0.000000,0.038265,-0.000574,0.306122
1810,7.764708,1000,1.864929,5,8,0.625000,0,1,-0.000301,-0.032250,0.017724,0.000554,0.000000,0.025000,-0.002963,0.000000
1811,26.783444,1000,1.125065,3,4,0.750000,0,1,-0.000301,0.000000,0.015294,0.000991,0.000000,0.015000,-0.004200,0.000000
1812,143.155901,205,141.101407,2,2,1.000000,1,1,-0.000296,0.000000,0.063304,0.001351,0.000000,0.048780,-0.000183,0.585366
1813,139.197070,231,124.466970,5,5,1.000000,1,1,-0.000297,-0.030303,0.011160,0.000974,0.000000,0.108225,-0.006656,0.519481
1814,18.889985,1000,0.913756,2,3,0.666667,0,1,-0.000306,0.000000,0.010021,-0.000113,0.000000,0.010000,-0.000712,0.000000
1815,140.852252,662,43.836215,3,3,1.000000,1,1,-0.000303,-0.000755,0.009307,0.001781,0.000000,0.022659,-0.001190,0.181269
1816,-46.932852,1000,3.166073,4,5,0.800000,0,1,-0.000298,-0.090500,0.027139,0.000588,0.000000,0.020000,-0.003863,0.000000
1817,123.455966,626,45.659761,1,1,1.000000,1,1,-0.000301,-0.002796,0.001401,-0.000771,0.000000,0.007987,0.000000,0.191693
1818,-72.952349,1000,2.395520,3,4,0.750000,0,1,-0.000301,-0.085250,0.014755,0.000731,0.000000,0.015000,-0.017887,0.000000
1819,-231.278429,1000,7.058519,2,6,0.333333,0,1,-0.000294,-0.248000,0.007753,-0.000137,0.000000,0.010000,-0.000600,0.000000
1820,158.554724,848,34.736478,4,4,1.000000,1,1,-0.000304,-0.010024,0.034589,0.001245,0.000000,0.023585,-0.003626,0.141509
1821,-1.954743,1000,1.218692,4,5,0.800000,0,1,-0.000303,-0.034250,0.021856,0.001280,0.000000,0.020000,-0.010537,0.000000
1822,115.856572,618,46.894515,1,1,1.000000,1,1,-0.000302,-0.014563,0.000297,-0.000227,0.000000,0.008091,0.000000,0.194175
1823,136.680144,62,468.258408,3,3,1.000000,1,1,-0.000292,0.000000,0.016059,0.021010,0.000000,0.241935,-0.009677,1.935484
1824,17.083029,1000,1.352452,4,5,0.800000,0,1,-0.000301,-0.033750,0.032893,-0.000672,0.000000,0.020000,-0.001087,0.000000
1825,38.896974,1000,1.625318,7,8,0.875000,0,1,-0.000303,-0.020000,0.024522,0.001741,0.000000,0.035000,-0.002063,0.000000
1826,124.868439,963,31.243626,5,5,1.000000,1,1,-0.000302,-0.057632,0.038242,0.002175,0.000000,0.025961,-0.003388,0.124611
1827,79.724690,561,55.155302,5,5,1.000000,1,1,-0.000296,-0.133244,0.017829,0.003165,0.000000,0.044563,-0.003810,0.213904
1828,117.988855,96,297.338711,1,1,1.000000,1,1,-0.000298,-0.085938,0.008797,0.004406,0.000000,0.052083,0.000000,1.250000
1829,148.250639,661,44.231667,4,4,1.000000,1,1,-0.000304,-0.014750,0.028635,0.002022,0.000000,0.030257,-0.003120,0.181543
1830,108.781419,564,51.304855,2,2,1.000000,1,1,-0.000300,-0.038564,0.003088,-0.000782,0.000000,0.017730,-0.001064,0.212766
1831,188.022271,604,49.838776,5,5,1.000000,1,1,-0.000306,-0.022765,0.094766,0.002018,0.000000,0.041391,-0.002483,0.198675
1832,128.177962,16,1860.629288,2,2,1.000000,1,1,-0.000301,-0.187500,0.014609,0.059314,0.000000,0.625000,0.000000,7.500000
1833,128.409908,14,1993.283722,2,2,1.000000,1,1,-0.000298,-0.107143,0.025271,-0.020694,0.000000,0.714286,-0.010714,8.571429
1834,156.248162,842,35.540137,7,7,1.000000,1,1,-0.000305,-0.008610,0.013521,0.001731,0.000000,0.041568,-0.004855,0.142518
1835,34.955771,1000,1.725209,4,7,0.571429,0,1,-0.000305,-0.016500,0.037486,0.000575,0.000000,0.020000,-0.006300,0.000000
1836,16.763552,1000,1.360166,2,3,0.666667,0,1,-0.000307,0.000000,0.009597,0.000961,0.000000,0.010000,-0.003488,0.000000
1837,-27.605124,1000,2.169156,3,4,0.750000,0,1,-0.000305,-0.046250,0.004208,0.001168,0.000000,0.015000,-0.001425,0.000000
1838,112.438421,511,63.242198,8,8,1.000000,1,1,-0.000302,-0.121331,0.031964,0.004299,0.000000,0.078278,-0.007705,0.234834
1839,136.459033,396,72.659508,3,3,1.000000,1,1,-0.000303,-0.022727,0.027493,0.000547,0.000000,0.037879,-0.001326,0.303030
1840,162.185137,583,51.829050,8,8,1.000000,1,1,-0.000300,-0.034734,0.047103,0.003837,0.000000,0.068611,-0.012157,0.205832
1841,102.086770,904,32.697748,2,2,1.000000,1,1,-0.000303,-0.033186,0.002080,0.001610,0.000000,0.011062,-0.001079,0.132743
1842,-3.363000,1000,2.223290,5,7,0.714286,0,1,-0.000303,-0.027000,0.001807,-0.001668,0.000000,0.025000,-0.001200,0.000000
1843,35.181369,1000,1.099575,4,6,0.666667,0,1,-0.000305,-0.011750,0.029104,0.000945,0.000000,0.020000,-0.002813,0.000000
1844,33.296140,1000,2.294738,7,8,0.875000,0,1,-0.000304,-0.051250,0.056926,0.001174,0.000000,0.035000,-0.008250,0.000000
1845,150.453161,764,39.684269,4,4,1.000000,1,1,-0.000301,-0.001636,0.014722,0.001781,0.000000,0.026178,-0.000884,0.157068
1846,124.108528,922,32.665649,5,5,1.000000,1,1,-0.000306,-0.043113,0.026295,0.001460,0.000000,0.027115,-0.006996,0.130152
1847,107.920528,647,45.156939,1,1,1.000000,1,1,-0.000302,-0.030526,0.004014,0.000415,0.000000,0.007728,0.000000,0.185471
1848,114.431543,332,86.496312,1,1,1.000000,1,1,-0.000293,-0.033133,0.003883,-0.002290,0.000000,0.015060,0.000000,0.361446
1849,-5.004981,1000,0.627412,1,2,0.500000,0,1,-0.000306,-0.015500,0.011641,-0.000440,0.000000,0.005000,-0.005400,0.000000
1850,-380.033921,1000,12.488125,3,6,0.500000,0,1,-0.000297,-0.353250,0.009850,-0.000486,0.000000,0.015000,-0.050850,0.000000
1851,122.891464,687,42.119695,2,2,1.000000,1,1,-0.000302,-0.009825,0.001368,-0.000005,0.000000,0.014556,-0.001583,0.174672
1852,178.163900,681,44.641613,7,7,1.000000,1,1,-0.000303,-0.011013,0.046455,0.002731,0.000000,0.051395,-0.003855,0.176211
1853,168.938116,618,48.094696,5,5,1.000000,1,1,-0.000299,0.000000,0.040163,0.002512,0.000000,0.040453,-0.003641,0.194175
1854,155.002545,938,32.185964,7,7,1.000000,1,1,-0.000303,-0.027719,0.028933,0.002930,0.000000,0.037313,-0.003838,0.127932
1855,153.594045,415,69.754175,4,4,1.000000,1,1,-0.000295,-0.006024,0.042163,0.003961,0.000000,0.048193,-0.007048,0.289157
1856,119.641734,135,212.896720,2,2,1.000000,1,1,-0.000294,-0.085185,0.012059,0.001137,0.000000,0.074074,-0.004444,0.888889
1857,158.701705,972,31.914551,8,8,1.000000,1,1,-0.000303,-0.036008,0.047122,0.000662,0.000000,0.041152,-0.012809,0.123457
1858,199.540581,777,39.157301,4,4,1.000000,1,1,-0.000299,0.000000,0.077618,0.000372,0.000000,0.025740,-0.001062,0.154440
1859,141.707438,115,265.855693,3,3,1.000000,1,1,-0.000296,0.000000,0.048302,0.010646,0.000000,0.130435,-0.000326,1.043478
1860,147.163430,809,36.753865,5,5,1.000000,1,1,-0.000297,-0.001545,0.006752,0.001751,0.000000,0.030902,-0.003986,0.148331
1861,171.939146,993,30.652782,7,7,1.000000,1,1,-0.000301,-0.021148,0.046685,0.001679,0.000000,0.035247,-0.009856,0.120846
1862,-13.704210,1000,2.862595,7,8,0.875000,0,1,-0.000303,-0.107500,0.061781,0.001780,0.000000,0.035000,-0.004463,0.000000
1863,145.677140,408,71.376549,6,6,1.000000,1,1,-0.000297,-0.032475,0.021978,0.004795,0.000000,0.073529,-0.004596,0.294118
1864,18.054485,1000,2.428920,5,6,0.833333,0,1,-0.000300,-0.087000,0.085629,0.001176,0.000000,0.025000,-0.006450,0.000000
1865,174.426126,958,31.577859,7,7,1.000000,1,1,-0.000298,0.000000,0.036065,0.001774,0.000000,0.036534,-0.017263,0.125261
1866,45.092824,1000,1.457341,5,6,0.833333,0,1,-0.000299,0.000000,0.022317,0.000850,0.000000,0.025000,-0.002775,0.000000
1867,-10.326693,1000,0.853699,1,2,0.500000,0,1,-0.000302,-0.016250,0.000938,0.000963,0.000000,0.005000,-0.000675,0.000000
1868,123.279378,760,38.773465,4,4,1.000000,1,1,-0.000300,-0.042763,0.023445,0.001416,0.000000,0.026316,-0.003799,0.157895
1869,100.677763,583,49.689792,1,1,1.000000,1,1,-0.000296,-0.040309,0.000563,-0.001677,0.000000,0.008576,0.000000,0.205832
1870,40.888134,1000,1.015216,4,5,0.800000,0,1,-0.000304,-0.006750,0.036659,0.002309,0.000000,0.020000,-0.011025,0.000000
1871,28.723730,1000,1.206070,6,7,0.857143,0,1,-0.000298,-0.000250,0.005949,0.000410,0.000000,0.030000,-0.007087,0.000000
1872,-31.723965,1000,2.699218,7,8,0.875000,0,1,-0.000302,-0.078000,0.014841,0.001424,0.000000,0.035000,-0.004687,0.000000
1873,15.163225,444,71.252320,4,4,1.000000,1,1,-0.000299,-0.291667,0.015224,0.003010,0.000000,0.045045,-0.007432,0.270270
1874,123.103721,98,294.082867,2,2,1.000000,1,1,-0.000296,-0.104592,0.029724,0.010534,0.000000,0.102041,-0.005740,1.224490
1875,111.052156,623,47.755155,3,3,1.000000,1,1,-0.000300,-0.053772,0.015808,0.000487,0.000000,0.024077,-0.000662,0.192616
1876,37.104225,1000,1.559865,6,7,0.857143,0,1,-0.000303,0.000000,0.019550,0.001320,0.000000,0.030000,-0.013462,0.000000
1877,26.276696,1000,1.512179,5,6,0.833333,0,1,-0.000298,-0.004750,0.006546,0.000229,0.000000,0.025000,-0.000450,0.000000
1878,164.190032,856,35.117779,7,7,1.000000,1,1,-0.000300,0.000000,0.015945,0.002494,0.000000,0.040888,-0.007404,0.140187
1879,6.403928,1000,1.113362,3,5,0.600000,0,1,-0.000302,-0.021000,0.014896,-0.000465,0.000000,0.015000,-0.001725,0.000000
1880,-7.563710,1000,1.194975,4,6,0.666667,0,1,-0.000301,-0.040500,0.016679,0.000796,0.000000,0.020000,-0.004238,0.000000
1881,159.191410,553,52.908465,4,4,1.000000,1,1,-0.000297,-0.007233,0.046536,-0.000504,0.000000,0.036166,-0.003797,0.216998
1882,210.356510,857,35.014176,6,6,1.000000,1,1,-0.000304,0.000000,0.074517,0.001378,0.000000,0.035006,-0.005163,0.140023
1883,184.897429,813,37.841418,7,7,1.000000,1,1,-0.000303,-0.015990,0.062203,0.002396,0.000000,0.043050,-0.011531,0.147601
1884,156.295868,189,154.633213,6,6,1.000000,1,1,-0.000299,0.000000,0.042563,0.002754,0.000000,0.158730,-0.011706,0.634921
1885,109.366057,276,103.873261,1,1,1.000000,1,1,-0.000301,-0.063406,0.004428,0.002634,0.000000,0.018116,0.000000,0.434783
1886,168.948463,247,120.148299,3,3,1.000000,1,1,-0.000301,0.000000,0.137319,0.003157,0.000000,0.060729,-0.002733,0.485830
1887,147.167899,508,58.081865,7,7,1.000000,1,1,-0.000301,-0.033465,0.020470,0.003488,0.000000,0.068898,-0.005610,0.236220
1888,111.561395,384,76.445865,3,3,1.000000,1,1,-0.000302,-0.073568,0.015452,-0.000765,0.000000,0.039062,-0.001855,0.312500
1889,121.994349,396,72.154183,2,2,1.000000,1,1,-0.000301,-0.027146,0.004588,0.002832,0.000000,0.025253,-0.000189,0.303030
1890,111.143590,768,40.777342,5,5,1.000000,1,1,-0.000300,-0.052734,0.012283,0.001014,0.000000,0.032552,-0.004346,0.156250
1891,53.840076,770,38.930471,1,1,1.000000,1,1,-0.000300,-0.094481,0.001603,0.000761,0.000000,0.006494,0.000000,0.155844
1892,176.817684,865,35.121598,8,8,1.000000,1,1,-0.000302,-0.014740,0.039662,0.002495,0.000000,0.046243,-0.007673,0.138728
1893,-51.244429,1000,2.084512,1,2,0.500000,0,1,-0.000301,-0.100500,0.044180,0.000451,0.000000,0.005000,-0.000075,0.000000
1894,103.681412,196,145.113766,1,1,1.000000,1,1,-0.000300,-0.112245,0.001767,0.002010,0.000000,0.025510,0.000000,0.612245
1895,84.884528,503,60.483899,4,4,1.000000,1,1,-0.000301,-0.120278,0.011349,0.001148,0.000000,0.039761,-0.001491,0.238569
1896,111.822439,165,170.362880,1,1,1.000000,1,1,-0.000302,-0.075758,0.004409,-0.008213,0.000000,0.030303,0.000000,0.727273
1897,141.030971,238,117.724961,4,4,1.000000,1,1,-0.000300,-0.060924,0.066923,0.004305,0.000000,0.084034,-0.005672,0.504202
1898,126.248019,451,65.374498,5,5,1.000000,1,1,-0.000299,-0.077051,0.040057,-0.000960,0.000000,0.055432,-0.003326,0.266075
1899,199.713677,658,45.763718,8,8,1.000000,1,1,-0.000305,0.000000,0.062738,0.003678,0.000000,0.060790,-0.005756,0.182371
1900,97.333482,443,65.224948,3,3,1.000000,1,1,-0.000302,-0.095937,0.010498,0.002831,0.000000,0.033860,-0.002116,0.270880
1901,150.076247,507,57.509104,5,5,1.000000,1,1,-0.000299,0.000000,0.022138,0.000896,0.000000,0.049310,-0.012722,0.236686
1902,26.225565,1000,2.846771,6,7,0.857143,0,1,-0.000305,-0.012750,0.023137,0.001557,0.000000,0.030000,-0.015412,0.000000
1903,74.278420,399,74.699516,4,4,1.000000,1,1,-0.000297,-0.175439,0.012332,0.000756,0.000000,0.050125,-0.002068,0.300752
1904,78.927729,784,38.383581,3,3,1.000000,1,1,-0.000306,-0.075574,0.005054,0.001075,0.000000,0.019133,-0.001770,0.153061
1905,141.889302,323,88.414552,3,3,1.000000,1,1,-0.000299,0.000000,0.023127,0.002448,0.000000,0.046440,-0.003947,0.371517
1906,-23.407063,1000,1.349278,1,2,0.500000,0,1,-0.000297,-0.042250,0.016203,-0.000825,0.000000,0.005000,-0.001238,0.000000
1907,-0.257706,1000,2.013415,5,6,0.833333,0,1,-0.000303,-0.042250,0.024395,0.000400,0.000000,0.025000,-0.007500,0.000000
1908,109.828317,979,30.455854,3,3,1.000000,1,1,-0.000306,-0.043156,0.019990,0.000174,0.000000,0.015322,-0.002413,0.122574
1909,135.600935,742,39.167592,3,3,1.000000,1,1,-0.000305,0.000000,0.003308,0.000789,0.000000,0.020216,-0.002982,0.161725
1910,49.043270,886,33.790911,1,1,1.000000,1,1,-0.000301,-0.088600,0.001754,0.001418,0.000000,0.005643,0.000000,0.135440
1911,-244.719015,1000,7.538615,3,4,0.750000,0,1,-0.000300,-0.260500,0.003566,0.000139,0.000000,0.015000,-0.002625,0.000000
1912,167.438442,958,31.566639,7,7,1.000000,1,1,-0.000303,-0.002349,0.018351,0.002100,0.000000,0.036534,-0.004815,0.125261
1913,108.045356,776,40.916159,3,3,1.000000,1,1,-0.000299,-0.070232,0.035371,0.001053,0.000000,0.019330,-0.000628,0.154639
1914,142.302416,804,36.449843,5,5,1.000000,1,1,-0.000295,-0.012127,0.011260,0.000885,0.000000,0.031095,-0.003078,0.149254
1915,49.882679,758,39.756110,6,6,1.000000,1,1,-0.000303,-0.141821,0.013122,0.001373,0.000000,0.039578,-0.004453,0.158311
1916,89.380770,994,29.184810,3,3,1.000000,1,1,-0.000304,-0.057093,0.012192,0.000215,0.000000,0.015091,-0.000905,0.120724
1917,118.855690,313,91.873262,2,2,1.000000,1,1,-0.000296,-0.032748,0.000810,-0.000256,0.000000,0.031949,-0.003115,0.383387
1918,-44.000608,1000,2.620698,7,8,0.875000,0,1,-0.000304,-0.085000,0.014367,0.001199,0.000000,0.035000,-0.009262,0.000000
1919,40.006932,517,60.279941,4,4,1.000000,1,1,-0.000305,-0.201644,0.008032,0.002030,0.000000,0.038685,-0.001523,0.232108
1920,-82.997221,1000,2.115580,1,2,0.500000,0,1,-0.000301,-0.102250,0.015650,-0.000908,0.000000,0.005000,-0.000188,0.000000
1921,195.184753,883,34.093909,7,7,1.000000,1,1,-0.000305,0.000000,0.045617,0.003212,0.000000,0.039638,-0.003015,0.135900
1922,135.234443,724,44.651513,8,8,1.000000,1,1,-0.000300,-0.068025,0.056885,0.000697,0.000000,0.055249,-0.023463,0.165746
1923,166.114156,552,54.660998,6,6,1.000000,1,1,-0.000296,-0.040308,0.081158,0.001478,0.000000,0.054348,-0.012840,0.217391
1924,132.381456,62,464.407652,3,3,1.000000,1,1,-0.000299,-0.060484,0.013037,0.012769,0.000000,0.241935,-0.007258,1.935484
1925,102.008720,417,75.258139,4,4,1.000000,1,1,-0.000298,-0.113909,0.023204,0.001245,0.000000,0.047962,-0.001349,0.287770
1926,145.601879,92,316.882496,6,6,1.000000,1,1,-0.000303,-0.078804,0.024174,0.014057,0.000000,0.326087,-0.006929,1.304348
1927,106.069868,547,53.246098,3,3,1.000000,1,1,-0.000300,-0.056673,0.004552,0.000630,0.000000,0.027422,-0.001097,0.219378
1928,8.176033,1000,2.165551,7,8,0.875000,0,1,-0.000300,-0.058750,0.033742,0.002085,0.000000,0.035000,-0.003600,0.000000
1929,116.294530,809,37.590262,7,7,1.000000,1,1,-0.000304,-0.044190,0.018566,0.001030,0.000000,0.043263,-0.022945,0.148331
1930,145.361599,763,39.562137,8,8,1.000000,1,1,-0.000299,-0.061927,0.049257,0.004646,0.000000,0.052425,-0.010862,0.157274
1931,134.913796,44,675.981625,3,3,1.000000,1,1,-0.000302,-0.017045,0.012078,0.008424,0.000000,0.340909,-0.005114,2.727273
1932,104.643654,202,141.040202,1,1,1.000000,1,1,-0.000294,-0.102723,0.001967,0.000276,0.000000,0.024752,0.000000,0.594059
1933,125.286540,325,91.955100,6,6,1.000000,1,1,-0.000300,-0.179231,0.119420,0.000107,0.000000,0.092308,-0.016038,0.369231
1934,115.465262,313,91.593400,3,3,1.000000,1,1,-0.000296,-0.070288,0.012602,-0.000836,0.000000,0.047923,-0.003594,0.383387
1935,136.563448,624,47.353255,5,5,1.000000,1,1,-0.000305,-0.095353,0.086379,0.002128,0.000000,0.040064,-0.006370,0.192308
1936,100.573230,307,93.252603,3,3,1.000000,1,1,-0.000306,-0.119707,0.007185,0.000933,0.000000,0.048860,-0.000244,0.390879
1937,126.013331,347,86.577236,8,8,1.000000,1,1,-0.000305,-0.173631,0.090671,0.005638,0.000000,0.115274,-0.020317,0.345821
1938,104.756453,676,43.179868,1,1,1.000000,1,1,-0.000296,-0.034024,0.004366,0.000008,0.000000,0.007396,0.000000,0.177515
1939,125.003473,1,7345.006836,1,1,1.000000,1,1,-0.000329,0.000000,0.000000,0.003802,0.000000,5.000000,0.000000,120.000000
1940,25.979858,1000,2.624895,5,6,0.833333,0,1,-0.000298,-0.019750,0.030736,0.000679,0.000000,0.025000,-0.010387,0.000000
1941,142.012678,317,91.639050,7,7,1.000000,1,1,-0.000295,-0.033912,0.020254,0.005041,0.000000,0.110410,-0.032058,0.378549
1942,119.262921,583,50.682209,6,6,1.000000,1,1,-0.000296,-0.074614,0.031379,0.001422,0.000000,0.051458,-0.010613,0.205832
1943,131.749359,97,292.929264,3,3,1.000000,1,1,-0.000299,-0.051546,0.016754,0.005831,0.000000,0.154639,-0.004253,1.237113
1944,109.525028,274,102.172953,2,2,1.000000,1,1,-0.000302,-0.083029,0.006668,0.002347,0.000000,0.036496,-0.000411,0.437956
1945,-3.021982,1000,3.673592,6,8,0.750000,0,1,-0.000303,-0.070000,0.040073,0.000283,0.000000,0.030000,-0.003075,0.000000
1946,95.399275,573,50.688805,2,2,1.000000,1,1,-0.000294,-0.061518,0.005150,0.000597,0.000000,0.017452,-0.004319,0.209424
1947,62.814885,511,60.209599,4,4,1.000000,1,1,-0.000304,-0.158513,0.007863,0.003870,0.000000,0.039139,-0.003963,0.234834
1948,128.175729,915,32.621529,4,4,1.000000,1,1,-0.000298,-0.015847,0.010306,0.001605,0.000000,0.021858,-0.008689,0.131148
1949,-10.244123,1000,2.153994,4,5,0.800000,0,1,-0.000297,-0.054000,0.030594,0.001410,0.000000,0.020000,-0.007950,0.000000
1950,170.144911,378,77.316148,6,6,1.000000,1,1,-0.000294,0.000000,0.052492,0.004369,0.000000,0.079365,-0.003274,0.317460
1951,147.994545,497,58.364633,6,6,1.000000,1,1,-0.000294,-0.025654,0.024419,0.000964,0.000000,0.060362,-0.003471,0.241449
1952,-1.708744,498,62.775223,3,3,1.000000,1,1,-0.000302,-0.290161,0.018242,0.000039,0.000000,0.030120,-0.002334,0.240964
1953,58.389995,358,85.446940,7,7,1.000000,1,1,-0.000301,-0.289804,0.020948,0.004430,0.000000,0.097765,-0.005133,0.335196
1954,128.434824,92,323.260607,3,3,1.000000,1,1,-0.000300,-0.084239,0.013846,0.008707,0.000000,0.163043,-0.009375,1.304348
1955,73.158833,836,35.893701,4,4,1.000000,1,1,-0.000302,-0.099282,0.019238,0.002052,0.000000,0.023923,-0.001660,0.143541
1956,149.972645,403,71.800348,6,6,1.000000,1,1,-0.000294,0.000000,0.005526,0.001307,0.000000,0.074442,-0.006607,0.297767
1957,34.201338,1000,2.020510,6,7,0.857143,0,1,-0.000298,-0.007500,0.020915,0.001772,0.000000,0.030000,-0.010687,0.000000
1958,176.099128,948,32.352335,7,7,1.000000,1,1,-0.000298,-0.003428,0.027849,0.003356,0.000000,0.036920,-0.005222,0.126582
1959,146.507728,843,35.375404,5,5,1.000000,1,1,-0.000301,-0.007414,0.037845,0.003464,0.000000,0.029656,-0.031806,0.142349
1960,-29.362766,1000,1.173583,0,1,0.000000,0,0,-0.000301,-0.029750,0.001699,-0.001011,0.000000,0.000000,0.000000,0.000000
1961,105.031924,913,32.719941,5,5,1.000000,1,1,-0.000304,-0.050383,0.008337,0.000957,0.000000,0.027382,-0.002382,0.131435
1962,125.563478,40,712.120785,2,2,1.000000,1,1,-0.000300,-0.131250,0.022609,0.001778,0.000000,0.250000,-0.003750,3.000000
1963,95.991005,826,34.753171,3,3,1.000000,1,1,-0.000301,-0.051453,0.005479,0.001183,0.000000,0.018160,-0.002134,0.145278
1964,-101.382292,1000,3.694239,5,6,0.833333,0,1,-0.000302,-0.135750,0.013539,0.000781,0.000000,0.025000,-0.004650,0.000000
1965,-288.416880,1000,10.078457,6,8,0.750000,0,1,-0.000298,-0.344250,0.027796,0.001222,0.000000,0.030000,-0.002888,0.000000
1966,166.313341,502,60.413192,7,7,1.000000,1,1,-0.000300,-0.020418,0.043296,0.002573,0.000000,0.069721,-0.002615,0.239044
1967,106.631769,616,48.399923,5,5,1.000000,1,1,-0.000302,-0.070211,0.009486,0.001237,0.000000,0.040584,-0.002496,0.194805
1968,0.875430,1000,1.272583,4,8,0.500000,0,1,-0.000300,-0.048250,0.031627,0.000386,0.000000,0.020000,-0.002588,0.000000
1969,108.719477,573,50.728104,3,3,1.000000,1,1,-0.000300,-0.051920,0.007555,-0.000283,0.000000,0.026178,-0.000916,0.209424
1970,-18.360454,1000,1.208839,2,3,0.666667,0,1,-0.000303,-0.034000,0.008013,0.000180,0.000000,0.010000,-0.002250,0.000000
1971,126.770347,123,233.285081,2,2,1.000000,1,1,-0.000297,-0.026423,0.006966,-0.006198,0.000000,0.081301,-0.000305,0.975610
1972,39.475166,589,52.026150,5,5,1.000000,1,1,-0.000299,-0.192699,0.011846,0.003585,0.000000,0.042445,-0.001592,0.203735
1973,127.776421,21,1399.792130,2,2,1.000000,1,1,-0.000299,-0.095238,0.007941,-0.012931,0.000000,0.476190,-0.005357,5.714286
1974,114.431383,345,88.185170,2,2,1.000000,1,1,-0.000298,-0.048551,0.003441,0.000390,0.000000,0.028986,-0.000109,0.347826
1975,95.958698,933,31.917731,3,3,1.000000,1,1,-0.000302,-0.050643,0.009422,0.000603,0.000000,0.016077,-0.000924,0.128617
1976,47.991925,1000,0.632200,1,3,0.333333,0,1,-0.000295,0.000000,0.048397,-0.000647,0.000000,0.005000,-0.004463,0.000000
1977,93.292185,300,98.061386,4,4,1.000000,1,1,-0.000297,-0.168333,0.013077,0.001611,0.000000,0.066667,-0.001750,0.400000
1978,78.357931,1000,1.446959,6,7,0.857143,0,1,-0.000298,-0.003500,0.059225,0.000618,0.000000,0.030000,-0.007687,0.000000
1979,36.534070,1000,1.277132,4,5,0.800000,0,1,-0.000299,-0.021750,0.044294,0.000402,0.000000,0.020000,-0.006112,0.000000
1980,137.276589,511,56.763402,3,3,1.000000,1,1,-0.000296,0.000000,0.010466,0.001844,0.000000,0.029354,-0.007559,0.234834
1981,140.841252,931,34.871035,6,6,1.000000,1,1,-0.000303,-0.116004,0.110579,0.000765,0.000000,0.032223,-0.004874,0.128894
1982,56.488457,859,35.263700,2,2,1.000000,1,1,-0.000305,-0.087602,0.002112,0.000304,0.000000,0.011641,-0.000087,0.139697
1983,87.991736,836,36.339637,6,6,1.000000,1,1,-0.000301,-0.094498,0.037913,0.001194,0.000000,0.035885,-0.018481,0.143541
1984,89.553126,546,53.614561,3,3,1.000000,1,1,-0.000302,-0.095696,0.010798,0.002650,0.000000,0.027473,-0.000687,0.219780
1985,65.525181,525,56.886971,2,2,1.000000,1,1,-0.000302,-0.125238,0.003449,-0.000004,0.000000,0.019048,-0.000714,0.228571
1986,203.253147,992,30.618323,7,7,1.000000,1,1,-0.000295,-0.007560,0.057495,0.002141,0.000000,0.035282,-0.003138,0.120968
1987,-218.067833,1000,7.583760,3,4,0.750000,0,1,-0.000296,-0.239000,0.011339,0.000176,0.000000,0.015000,-0.005287,0.000000
1988,20.802282,1000,2.023837,5,6,0.833333,0,1,-0.000307,-0.041000,0.040717,0.001079,0.000000,0.025000,-0.004687,0.000000
1989,141.198667,667,44.565413,5,5,1.000000,1,1,-0.000303,-0.038606,0.036368,0.000215,0.000000,0.037481,-0.003373,0.179910
1990,-57.472186,1000,3.601263,6,7,0.857143,0,1,-0.000306,-0.127250,0.044743,0.001379,0.000000,0.030000,-0.006037,0.000000
1991,130.846298,10,2910.580276,2,2,1.000000,1,1,-0.000308,-0.025000,0.092341,0.025097,0.000000,1.000000,-0.007500,12.000000
1992,133.912353,168,174.820013,4,4,1.000000,1,1,-0.000298,-0.046131,0.011425,0.007251,0.000000,0.119048,-0.008482,0.714286
1993,53.262650,1000,1.170310,5,7,0.714286,0,1,-0.000300,0.000000,0.044448,0.001740,0.000000,0.025000,-0.017625,0.000000
1994,101.000545,566,51.365336,1,1,1.000000,1,1,-0.000298,-0.044611,0.002057,0.000451,0.000000,0.008834,0.000000,0.212014
1995,5.018008,1000,2.774145,5,6,0.833333,0,1,-0.000305,-0.115250,0.098959,0.000439,0.000000,0.025000,-0.003825,0.000000
1996,5.238836,1000,4.393221,5,6,0.833333,0,1,-0.000304,-0.124750,0.114319,0.001062,0.000000,0.025000,-0.010087,0.000000
1997,96.907384,649,46.084009,5,5,1.000000,1,1,-0.000301,-0.093991,0.020784,0.001774,0.000000,0.038521,-0.002369,0.184900
1998,23.216356,1000,1.400918,5,6,0.833333,0,1,-0.000302,0.000000,0.001824,0.001869,0.000000,0.025000,-0.005175,0.000000
1999,139.552501,838,34.682641,4,4,1.000000,1,1,-0.000298,-0.015513,0.020173,0.000742,0.000000,0.023866,-0.005638,0.143198
2000,155.338418,243,122.422137,8,8,1.000000,1,1,-0.000300,-0.026749,0.012264,0.003472,0.000000,0.164609,-0.007870,0.493827
2001,126.749090,41,701.820709,2,2,1.000000,1,1,-0.000297,-0.079268,0.006202,-0.005013,0.000000,0.243902,-0.000915,2.926829
2002,134.061070,8,3390.564194,3,3,1.000000,1,1,-0.000298,-0.156250,0.012374,0.054932,0.000000,1.875000,-0.028125,15.000000
2003,-25.500441,1000,2.610958,7,8,0.875000,0,1,-0.000305,-0.066500,0.011568,0.000137,0.000000,0.035000,-0.005400,0.000000
2004,154.219219,331,90.154828,7,7,1.000000,1,1,-0.000296,-0.005287,0.014220,-0.002272,0.000000,0.105740,-0.008724,0.362538
2005,130.286738,623,48.385032,5,5,1.000000,1,1,-0.000297,-0.054173,0.037131,0.001487,0.000000,0.040128,-0.007765,0.192616
2006,171.296853,526,56.062826,5,5,1.000000,1,1,-0.000302,-0.037072,0.092412,0.003227,0.000000,0.047529,-0.008270,0.228137
2007,135.483016,935,31.273377,3,3,1.000000,1,1,-0.000304,0.000000,0.008823,0.001864,0.000000,0.016043,-0.009866,0.128342
2008,97.908927,688,42.318688,4,4,1.000000,1,1,-0.000303,-0.079215,0.020125,0.000612,0.000000,0.029070,-0.002398,0.174419
2009,118.865325,647,44.921911,2,2,1.000000,1,1,-0.000303,-0.019320,0.001912,0.001313,0.000000,0.015456,-0.000811,0.185471
2010,123.927072,297,95.686959,1,1,1.000000,1,1,-0.000299,-0.004209,0.002422,-0.001527,0.000000,0.016835,0.000000,0.404040
2011,147.932929,322,90.776958,5,5,1.000000,1,1,-0.000299,-0.030280,0.043508,0.001769,0.000000,0.077640,-0.005590,0.372671
2012,94.046963,680,45.989803,6,6,1.000000,1,1,-0.000302,-0.179779,0.099723,0.001053,0.000000,0.044118,-0.002978,0.176471
2013,100.871133,733,42.051422,8,8,1.000000,1,1,-0.000305,-0.092087,0.016518,0.000682,0.000000,0.054570,-0.005474,0.163711
2014,-75.956059,1000,3.059807,5,6,0.833333,0,1,-0.000305,-0.106000,0.017143,0.001218,0.000000,0.025000,-0.013012,0.000000
2015,85.019652,726,40.865248,2,2,1.000000,1,1,-0.000304,-0.064394,0.003336,0.000077,0.000000,0.013774,-0.000671,0.165289
2016,88.911763,580,51.374312,3,3,1.000000,1,1,-0.000304,-0.103017,0.023212,0.001034,0.000000,0.025862,-0.000388,0.206897
2017,38.000297,1000,1.684526,7,8,0.875000,0,1,-0.000303,-0.003500,0.013898,0.000705,0.000000,0.035000,-0.007800,0.000000
2018,128.624989,116,247.348063,2,2,1.000000,1,1,-0.000298,-0.017241,0.000798,0.008768,0.000000,0.086207,-0.003879,1.034483
2019,125.155499,17,1657.457710,2,2,1.000000,1,1,-0.000304,-0.279412,0.014051,-0.017100,0.000000,0.588235,-0.002206,7.058824
2020,91.761626,503,56.909230,1,1,1.000000,1,1,-0.000305,-0.063121,0.000516,-0.003170,0.000000,0.009940,0.000000,0.238569
2021,152.280406,883,34.123374,7,7,1.000000,1,1,-0.000303,0.000000,0.005268,0.001299,0.000000,0.039638,-0.009343,0.135900
2022,115.407184,810,38.468202,3,3,1.000000,1,1,-0.000304,-0.032407,0.008963,0.000393,0.000000,0.018519,-0.000833,0.148148
2023,108.640961,589,50.280554,6,6,1.000000,1,1,-0.000304,-0.087012,0.022176,0.001797,0.000000,0.050934,-0.006876,0.203735
2024,106.291205,768,37.995110,5,5,1.000000,1,1,-0.000306,-0.059245,0.010832,0.001588,0.000000,0.032552,-0.003271,0.156250
2025,-140.589214,1000,5.124506,0,1,0.000000,0,0,-0.000297,-0.167000,0.028476,-0.001768,0.000000,0.000000,0.000000,0.000000
2026,118.252597,647,45.143166,5,5,1.000000,1,1,-0.000304,-0.056028,0.017270,0.001835,0.000000,0.038640,-0.004115,0.185471
2027,9.599472,1000,0.846440,2,3,0.666667,0,1,-0.000304,-0.003750,0.003801,0.000340,0.000000,0.010000,-0.000487,0.000000
2028,120.215674,693,40.597744,2,2,1.000000,1,1,-0.000301,-0.017677,0.004151,0.000519,0.000000,0.014430,-0.000812,0.173160
2029,102.123960,1000,1.640251,6,7,0.857143,0,1,-0.000303,-0.000750,0.074876,0.000438,0.000000,0.030000,-0.002138,0.000000
2030,13.446862,1000,0.738450,2,4,0.500000,0,1,-0.000304,0.000000,0.005115,0.000736,0.000000,0.010000,-0.002100,0.000000
2031,125.029026,942,32.139507,6,6,1.000000,1,1,-0.000302,-0.058121,0.034988,0.002142,0.000000,0.031847,-0.005215,0.127389
2032,158.332082,688,43.603651,6,6,1.000000,1,1,-0.000302,-0.017805,0.033776,0.004181,0.000000,0.043605,-0.007740,0.174419
2033,130.263433,440,69.504056,6,6,1.000000,1,1,-0.000299,-0.061932,0.017709,0.004354,0.000000,0.068182,-0.004688,0.272727
2034,117.720825,614,45.780495,2,2,1.000000,1,1,-0.000304,-0.021580,0.002047,0.001121,0.000000,0.016287,-0.001283,0.195440
2035,124.649993,550,53.456175,4,4,1.000000,1,1,-0.000305,-0.038182,0.011653,0.003152,0.000000,0.036364,-0.004227,0.218182
2036,131.181175,483,59.534274,3,3,1.000000,1,1,-0.000304,-0.017598,0.009318,0.001610,0.000000,0.031056,-0.000932,0.248447
2037,9.316098,1000,2.180890,6,7,0.857143,0,1,-0.000306,-0.023250,0.006857,0.001602,0.000000,0.030000,-0.005587,0.000000
2038,116.354357,755,40.400463,6,6,1.000000,1,1,-0.000303,-0.083444,0.043355,0.002186,0.000000,0.039735,-0.006358,0.158940
2039,129.372105,445,68.978656,6,6,1.000000,1,1,-0.000303,-0.053371,0.008623,0.003499,0.000000,0.067416,-0.004803,0.269663
2040,130.192807,949,30.836433,5,5,1.000000,1,1,-0.000306,-0.026870,0.019048,0.001218,0.000000,0.026344,-0.008693,0.126449
2041,136.366800,494,59.443673,6,6,1.000000,1,1,-0.000302,-0.038968,0.012254,0.001543,0.000000,0.060729,-0.002126,0.242915
2042,107.293467,978,30.472829,4,4,1.000000,1,1,-0.000307,-0.033998,0.004259,0.001703,0.000000,0.020450,-0.005100,0.122699
2043,126.003705,500,57.482141,3,3,1.000000,1,1,-0.000303,-0.032500,0.012583,0.002902,0.000000,0.030000,-0.000675,0.240000
2044,114.420683,187,151.852960,1,1,1.000000,1,1,-0.000302,-0.050802,0.000437,-0.005907,0.000000,0.026738,0.000000,0.641711
2045,-70.812034,1000,2.950440,5,6,0.833333,0,1,-0.000305,-0.103000,0.015057,0.000349,0.000000,0.025000,-0.007912,0.000000
2046,134.193783,457,63.269518,3,3,1.000000,1,1,-0.000303,0.000000,0.000050,-0.000526,0.000000,0.032823,-0.000985,0.262582
2047,150.678904,423,69.632295,7,7,1.000000,1,1,-0.000304,-0.030733,0.024764,0.002529,0.000000,0.082742,-0.006472,0.283688
2048,152.046792,509,58.100289,8,8,1.000000,1,1,-0.000308,-0.026523,0.016278,0.002737,0.000000,0.078585,-0.007809,0.235756
2049,133.359057,222,128.586905,4,4,1.000000,1,1,-0.000304,-0.054054,0.024341,0.009224,0.000000,0.090090,-0.009122,0.540541
2050,3.060626,1000,2.297414,5,6,0.833333,0,1,-0.000305,-0.063250,0.045796,0.001145,0.000000,0.025000,-0.005325,0.000000
2051,122.117967,20,1373.859962,1,1,1.000000,1,1,-0.000303,-0.237500,0.002086,0.091615,0.000000,0.250000,0.000000,6.000000
2052,186.079421,977,29.956638,4,4,1.000000,1,1,-0.000310,-0.023541,0.076554,0.001294,0.000000,0.020471,-0.006832,0.122825
2053,162.753450,241,133.748911,8,8,1.000000,1,1,-0.000302,0.000000,0.014552,0.005422,0.000000,0.165975,-0.008247,0.497925
2054,84.793869,771,40.640852,6,6,1.000000,1,1,-0.000307,-0.166018,0.091073,0.003033,0.000000,0.038911,-0.012354,0.155642
2055,172.200364,735,40.986484,7,7,1.000000,1,1,-0.000309,-0.032313,0.058658,0.002111,0.000000,0.047619,-0.004745,0.163265
2056,127.331371,596,48.861661,3,3,1.000000,1,1,-0.000308,-0.027265,0.019623,0.002886,0.000000,0.025168,-0.007802,0.201342
2057,-24.169874,1000,2.668288,4,5,0.800000,0,1,-0.000304,-0.055000,0.014111,0.000211,0.000000,0.020000,-0.003188,0.000000
2058,146.421921,150,190.661168,4,4,1.000000,1,1,-0.000303,-0.010000,0.052492,0.008624,0.000000,0.133333,-0.008000,0.800000
2059,128.400685,52,536.723549,2,2,1.000000,1,1,-0.000298,-0.038462,0.004334,0.004390,0.000000,0.192308,-0.000721,2.307692
2060,141.760085,427,66.808424,3,3,1.000000,1,1,-0.000301,0.000000,0.017174,0.001418,0.000000,0.035129,-0.002459,0.281030
2061,143.669628,301,95.017358,5,5,1.000000,1,1,-0.000307,-0.023256,0.022473,0.006013,0.000000,0.083056,-0.009344,0.398671
2062,110.735706,414,69.827148,4,4,1.000000,1,1,-0.000308,-0.076691,0.007971,0.005950,0.000000,0.048309,-0.007609,0.289855
2063,157.229166,179,158.584098,7,7,1.000000,1,1,-0.000304,0.000000,0.013027,0.009158,0.000000,0.195531,-0.009427,0.670391
2064,147.809990,535,55.416474,8,8,1.000000,1,1,-0.000304,-0.054673,0.038934,0.003912,0.000000,0.074766,-0.010654,0.224299
2065,151.664254,129,229.917035,7,7,1.000000,1,1,-0.000300,-0.044574,0.029959,0.008242,0.000000,0.271318,-0.019186,0.930233
2066,133.398896,333,85.754375,4,4,1.000000,1,1,-0.000309,-0.052553,0.041940,0.005063,0.000000,0.060060,-0.013964,0.360360
2067,111.544873,233,118.131590,2,2,1.000000,1,1,-0.000304,-0.090129,0.011577,0.002385,0.000000,0.042918,-0.002736,0.515021
2068,145.201440,210,133.750656,5,5,1.000000,1,1,-0.000302,-0.061905,0.068511,0.003762,0.000000,0.119048,-0.009107,0.571429
2069,-0.022677,1000,3.852779,5,6,0.833333,0,1,-0.000301,-0.037750,0.014126,0.001752,0.000000,0.025000,-0.002850,0.000000
2070,165.958875,461,63.678067,6,6,1.000000,1,1,-0.000305,0.000000,0.040230,0.002177,0.000000,0.065076,-0.007484,0.260304
2071,-461.014044,1000,22.505941,5,6,0.833333,0,1,-0.000298,-0.449250,0.019268,-0.000009,0.000000,0.025000,-0.055725,0.000000
2072,101.500745,414,69.526442,2,2,1.000000,1,1,-0.000308,-0.068237,0.000933,0.000042,0.000000,0.024155,-0.001268,0.289855
2073,-51.317269,1000,3.441806,2,3,0.666667,0,1,-0.000304,-0.075750,0.015681,0.000181,0.000000,0.010000,-0.001125,0.000000
2074,108.794235,1000,2.769442,7,8,0.875000,0,1,-0.000308,0.000000,0.082962,0.000628,0.000000,0.035000,-0.009487,0.000000
2075,140.252208,975,32.187460,8,8,1.000000,1,1,-0.000306,-0.086410,0.069073,0.000311,0.000000,0.041026,-0.002923,0.123077
2076,127.734174,98,285.764376,3,3,1.000000,1,1,-0.000303,-0.084184,0.015535,-0.002894,0.000000,0.153061,-0.002296,1.224490
2077,-556.273252,1000,18.129119,3,8,0.375000,0,1,-0.000296,-0.612750,0.042807,-0.000134,0.000000,0.015000,-0.000900,0.000000
2078,122.735908,331,87.305331,2,2,1.000000,1,1,-0.000307,-0.036254,0.016163,0.000605,0.000000,0.030211,-0.002153,0.362538
2079,-23.173410,1000,2.464873,5,6,0.833333,0,1,-0.000300,-0.065500,0.019983,0.000869,0.000000,0.025000,-0.003225,0.000000
2080,131.352413,173,162.877218,2,2,1.000000,1,1,-0.000301,-0.030347,0.041763,-0.003080,0.000000,0.057803,-0.000217,0.693642
2081,27.568018,1000,2.027301,5,8,0.625000,0,1,-0.000301,-0.045250,0.048416,0.000077,0.000000,0.025000,-0.000375,0.000000
2082,141.224726,253,117.121872,6,6,1.000000,1,1,-0.000298,-0.083004,0.047816,0.004062,0.000000,0.118577,-0.003261,0.474308
2083,120.366385,619,48.666404,8,8,1.000000,1,1,-0.000307,-0.089661,0.047977,0.001528,0.000000,0.064620,-0.023566,0.193861
2084,150.277098,157,181.089743,5,5,1.000000,1,1,-0.000306,0.000000,0.040520,0.009401,0.000000,0.159236,-0.016003,0.764331
2085,147.665300,202,141.092015,5,5,1.000000,1,1,-0.000301,0.000000,0.014472,0.004221,0.000000,0.123762,-0.005198,0.594059
2086,31.102304,1000,2.302958,6,7,0.857143,0,1,-0.000308,0.000000,0.015613,0.001060,0.000000,0.030000,-0.015262,0.000000
2087,17.587759,1000,2.208959,3,4,0.750000,0,1,-0.000305,-0.011250,0.014079,0.000926,0.000000,0.015000,-0.000862,0.000000
2088,97.935504,677,43.636971,6,6,1.000000,1,1,-0.000304,-0.081241,0.007924,0.001923,0.000000,0.044313,-0.005207,0.177253
2089,-169.219390,1000,5.368132,0,1,0.000000,0,0,-0.000296,-0.168750,0.000954,-0.001127,0.000000,0.000000,0.000000,0.000000
2090,127.068895,268,105.119080,2,2,1.000000,1,1,-0.000300,-0.018657,0.009023,-0.000863,0.000000,0.037313,-0.000140,0.447761
2091,128.168195,113,243.207220,2,2,1.000000,1,1,-0.000301,-0.035398,0.021043,0.004751,0.000000,0.088496,-0.006305,1.061947
2092,160.211818,908,32.661633,6,6,1.000000,1,1,-0.000306,-0.007985,0.026684,0.001939,0.000000,0.033040,-0.009086,0.132159
2093,145.668835,39,784.588863,5,5,1.000000,1,1,-0.000297,-0.038462,0.049592,0.012085,0.000000,0.641026,-0.005769,3.076923
2094,116.959072,679,42.922811,6,6,1.000000,1,1,-0.000304,-0.067378,0.028097,0.001584,0.000000,0.044183,-0.010659,0.176730
2095,138.319304,59,477.888746,4,4,1.000000,1,1,-0.000302,-0.063559,0.030305,0.012061,0.000000,0.338983,-0.006992,2.033898
2096,32.376713,1000,2.341318,7,8,0.875000,0,1,-0.000306,-0.034000,0.035549,-0.000192,0.000000,0.035000,-0.003675,0.000000
2097,142.700120,561,51.765242,4,4,1.000000,1,1,-0.000307,-0.002228,0.007255,0.001831,0.000000,0.035651,-0.001738,0.213904
2098,-33.887674,1000,1.952571,1,2,0.500000,0,1,-0.000306,-0.048000,0.010588,-0.000307,0.000000,0.005000,-0.000862,0.000000
2099,14.875403,1000,1.509033,3,4,0.750000,0,1,-0.000307,-0.011750,0.014364,0.000755,0.000000,0.015000,-0.003188,0.000000
2100,135.830290,262,108.947987,4,4,1.000000,1,1,-0.000300,-0.039122,0.033409,0.002694,0.000000,0.076336,-0.012595,0.458015
2101,-3.507895,1000,1.503657,3,4,0.750000,0,1,-0.000309,-0.027500,0.015913,0.000551,0.000000,0.015000,-0.007162,0.000000
2102,138.585053,750,41.504846,6,6,1.000000,1,1,-0.000303,-0.104333,0.100182,0.002634,0.000000,0.040000,-0.013400,0.160000
2103,140.464379,408,71.824451,6,6,1.000000,1,1,-0.000305,-0.039828,0.021887,0.001952,0.000000,0.073529,-0.007077,0.294118
2104,61.729296,1000,1.535106,5,6,0.833333,0,1,-0.000299,-0.021000,0.059500,0.001716,0.000000,0.025000,-0.003188,0.000000
2105,-79.414349,1000,2.832253,5,6,0.833333,0,1,-0.000302,-0.112500,0.009968,0.001608,0.000000,0.025000,-0.003188,0.000000
2106,161.860324,916,33.162933,8,8,1.000000,1,1,-0.000308,-0.009007,0.015991,0.001250,0.000000,0.043668,-0.005895,0.131004
2107,169.191281,657,45.242877,7,7,1.000000,1,1,-0.000307,-0.002283,0.027900,0.002455,0.000000,0.053272,-0.006164,0.182648
2108,152.742084,416,70.766099,5,5,1.000000,1,1,-0.000307,-0.003606,0.049269,0.005346,0.000000,0.060096,-0.032091,0.288462
2109,189.264832,802,36.893720,5,5,1.000000,1,1,-0.000307,-0.028055,0.088659,0.003593,0.000000,0.031172,-0.008697,0.149626
2110,153.770864,609,48.403727,6,6,1.000000,1,1,-0.000305,0.000000,0.013178,0.000339,0.000000,0.049261,-0.007020,0.197044
2111,79.620795,647,45.540714,1,1,1.000000,1,1,-0.000304,-0.071097,0.000175,0.001088,0.000000,0.007728,0.000000,0.185471
2112,121.805918,307,92.896419,1,1,1.000000,1,1,-0.000303,-0.008143,0.000306,-0.002263,0.000000,0.016287,0.000000,0.390879
2113,-7.676518,1000,2.123075,5,8,0.625000,0,1,-0.000302,-0.049250,0.018747,0.001166,0.000000,0.025000,-0.003038,0.000000
2114,150.643410,408,71.554019,7,7,1.000000,1,1,-0.000302,-0.061887,0.052577,0.004816,0.000000,0.085784,-0.005882,0.294118
2115,135.367777,222,129.528715,3,3,1.000000,1,1,-0.000301,-0.022523,0.028860,-0.003705,0.000000,0.067568,-0.000676,0.540541
2116,-26.469945,1000,1.379701,1,2,0.500000,0,1,-0.000303,-0.042500,0.011596,-0.000263,0.000000,0.005000,0.000000,0.000000
2117,158.536779,520,56.823789,8,8,1.000000,1,1,-0.000306,-0.037500,0.046353,0.003856,0.000000,0.076923,-0.015216,0.230769
2118,-432.650345,1000,12.463981,3,4,0.750000,0,1,-0.000298,-0.446500,0.005835,-0.000538,0.000000,0.015000,-0.006150,0.000000
2119,148.141406,190,153.377491,5,5,1.000000,1,1,-0.000303,-0.046053,0.062491,0.002767,0.000000,0.131579,-0.002368,0.631579
2120,-69.862108,1000,1.787772,0,2,0.000000,0,0,-0.000301,-0.068750,0.000372,-0.001184,0.000000,0.000000,0.000000,0.000000
2121,139.160525,484,61.772555,8,8,1.000000,1,1,-0.000305,-0.064566,0.026537,0.005040,0.000000,0.082645,-0.009762,0.247934
2122,77.621268,1000,1.727774,6,7,0.857143,0,1,-0.000307,-0.002000,0.058157,0.000883,0.000000,0.030000,-0.009112,0.000000
2123,123.985282,185,168.654521,3,3,1.000000,1,1,-0.000298,-0.090541,0.032799,0.010460,0.000000,0.081081,-0.011959,0.648649
2124,-10.679368,1000,1.300119,2,3,0.666667,0,1,-0.000305,-0.024750,0.007575,0.001151,0.000000,0.010000,-0.004350,0.000000
2125,128.501170,447,64.809670,4,4,1.000000,1,1,-0.000304,-0.030761,0.006572,0.001789,0.000000,0.044743,-0.003020,0.268456
2126,124.643646,33,847.996468,1,1,1.000000,1,1,-0.000306,-0.022727,0.018129,-0.005894,0.000000,0.151515,0.000000,3.636364
2127,-59.233078,1000,1.869649,2,3,0.666667,0,1,-0.000301,-0.076250,0.007926,0.000441,0.000000,0.010000,-0.001050,0.000000
2128,114.495348,315,89.409622,1,1,1.000000,1,1,-0.000302,-0.034921,0.000537,0.001337,0.000000,0.015873,0.000000,0.380952
2129,122.797249,144,197.610735,4,4,1.000000,1,1,-0.000302,-0.157986,0.031372,0.010838,0.000000,0.138889,-0.003385,0.833333
2130,148.901148,453,63.726705,4,4,1.000000,1,1,-0.000303,-0.004415,0.023381,0.002807,0.000000,0.044150,-0.001821,0.264901
2131,144.233733,514,57.802555,6,6,1.000000,1,1,-0.000301,-0.028696,0.024154,0.005298,0.000000,0.058366,-0.011673,0.233463
2132,114.094319,208,134.723383,2,2,1.000000,1,1,-0.000303,-0.087740,0.003175,0.009120,0.000000,0.048077,-0.000721,0.576923
2133,99.075785,734,42.448740,6,6,1.000000,1,1,-0.000304,-0.149864,0.083329,0.001189,0.000000,0.040872,-0.003730,0.163488
2134,0.157286,1000,2.432753,3,7,0.428571,0,1,-0.000305,-0.015500,0.003760,-0.000773,0.000000,0.015000,-0.002025,0.000000
2135,117.235072,185,150.569115,1,1,1.000000,1,1,-0.000303,-0.040541,0.000000,-0.001129,0.000000,0.027027,0.000000,0.648649
2136,-107.788502,628,57.800678,8,8,1.000000,1,1,-0.000297,-0.458201,0.033583,0.003158,0.000000,0.063694,-0.004658,0.191083
2137,189.194283,702,43.064578,5,5,1.000000,1,1,-0.000306,-0.076923,0.139766,0.004959,0.000000,0.035613,-0.004541,0.170940
2138,125.265966,223,125.322192,2,2,1.000000,1,1,-0.000303,-0.044843,0.018255,0.009362,0.000000,0.044843,-0.003700,0.538117
2139,129.090902,440,66.953333,5,5,1.000000,1,1,-0.000304,-0.055114,0.021143,0.002550,0.000000,0.056818,-0.004432,0.272727
2140,157.903514,883,34.380391,7,7,1.000000,1,1,-0.000307,-0.008211,0.019675,0.002536,0.000000,0.039638,-0.010405,0.135900
2141,154.848449,682,43.391277,7,7,1.000000,1,1,-0.000305,0.000000,0.013486,0.001938,0.000000,0.051320,-0.015341,0.175953
2142,16.917508,1000,2.786271,7,8,0.875000,0,1,-0.000302,-0.062000,0.047226,0.002319,0.000000,0.035000,-0.005325,0.000000
2143,59.456618,370,80.414550,1,1,1.000000,1,1,-0.000292,-0.179730,0.000829,0.002049,0.000000,0.013514,0.000000,0.324324
2144,125.303061,850,34.795369,4,4,1.000000,1,1,-0.000304,-0.027941,0.017239,0.000818,0.000000,0.023529,-0.007103,0.141176
2145,121.125048,996,28.809754,1,1,1.000000,1,1,-0.000305,-0.010542,0.006487,0.000469,0.000000,0.005020,0.000000,0.120482
2146,151.505818,758,39.055828,7,7,1.000000,1,1,-0.000305,-0.010224,0.008976,0.002237,0.000000,0.046174,-0.005294,0.158311
2147,129.631287,205,138.725911,2,2,1.000000,1,1,-0.000301,-0.019512,0.012243,0.007052,0.000000,0.048780,-0.001280,0.585366
2148,-23.369456,1000,2.963433,7,8,0.875000,0,1,-0.000304,-0.056750,0.007446,0.000538,0.000000,0.035000,-0.009300,0.000000
2149,127.168624,438,65.851515,2,2,1.000000,1,1,-0.000305,-0.015411,0.011344,0.000990,0.000000,0.022831,-0.003082,0.273973
2150,125.006640,384,73.519373,1,1,1.000000,1,1,-0.000303,-0.001302,0.004366,-0.002743,0.000000,0.013021,0.000000,0.312500
2151,178.654064,888,32.728454,5,5,1.000000,1,1,-0.000303,-0.005349,0.052853,0.001677,0.000000,0.028153,-0.010980,0.135135
2152,118.180712,532,53.486050,2,2,1.000000,1,1,-0.000301,-0.024906,0.002522,0.000891,0.000000,0.018797,-0.000423,0.225564
2153,31.403289,1000,2.204115,7,8,0.875000,0,1,-0.000302,-0.007500,0.008980,0.000400,0.000000,0.035000,-0.005175,0.000000
2154,4.343590,1000,1.781868,5,8,0.625000,0,1,-0.000300,-0.060500,0.042324,-0.000192,0.000000,0.025000,-0.001988,0.000000
2155,124.841258,342,82.129203,1,1,1.000000,1,1,-0.000300,-0.008772,0.007156,0.001452,0.000000,0.014620,0.000000,0.350877
2156,-42.097718,1000,2.622917,5,6,0.833333,0,1,-0.000301,-0.089000,0.033916,0.002125,0.000000,0.025000,-0.013837,0.000000
2157,13.920146,1000,1.033208,3,5,0.600000,0,1,-0.000301,-0.006250,0.007085,0.001386,0.000000,0.015000,-0.003000,0.000000
2158,102.337109,913,31.939661,3,3,1.000000,1,1,-0.000300,-0.013143,0.005845,0.002176,0.000000,0.016429,-0.030353,0.131435
2159,123.337792,578,49.761104,2,2,1.000000,1,1,-0.000299,-0.011678,0.002250,-0.000242,0.000000,0.017301,-0.001557,0.207612
2160,122.708762,193,147.708030,2,2,1.000000,1,1,-0.000300,-0.045337,0.004728,0.004296,0.000000,0.051813,-0.001166,0.621762
2161,26.469991,1000,0.863482,3,4,0.750000,0,1,-0.000301,-0.003750,0.018602,0.001569,0.000000,0.015000,-0.004650,0.000000
2162,-3.040488,1000,1.608357,4,6,0.666667,0,1,-0.000298,-0.053000,0.031597,0.002261,0.000000,0.020000,-0.003600,0.000000
2163,-228.617973,1000,4.855303,1,3,0.333333,0,1,-0.000295,-0.235250,0.002301,0.000113,0.000000,0.005000,-0.000487,0.000000
2164,146.844761,692,44.351836,7,7,1.000000,1,1,-0.000300,-0.012645,0.002269,0.000408,0.000000,0.050578,-0.001517,0.173410
2165,-29.778433,1000,1.392550,3,5,0.600000,0,1,-0.000301,-0.045500,0.001830,0.000954,0.000000,0.015000,-0.001763,0.000000
2166,123.667435,7,3599.291046,1,1,1.000000,1,1,-0.000312,-0.178571,0.000000,-0.011483,0.000000,0.714286,0.000000,17.142857
2167,132.291357,814,35.927352,5,5,1.000000,1,1,-0.000301,-0.003993,0.002630,0.001990,0.000000,0.030713,-0.015940,0.147420
2168,116.248541,510,56.324170,1,1,1.000000,1,1,-0.000300,-0.014706,0.000002,-0.002156,0.000000,0.009804,0.000000,0.235294
2169,0.872699,1000,1.863205,5,7,0.714286,0,1,-0.000299,-0.040000,0.035111,0.001760,0.000000,0.025000,-0.020700,0.000000
2170,123.485911,190,148.293607,2,2,1.000000,1,1,-0.000303,-0.047368,0.014907,0.002427,0.000000,0.052632,-0.003947,0.631579
2171,139.471975,281,100.549724,4,4,1.000000,1,1,-0.000299,-0.017794,0.018332,0.005222,0.000000,0.071174,-0.007340,0.427046
2172,130.541228,25,1144.749863,2,2,1.000000,1,1,-0.000304,0.000000,0.007198,0.043255,0.000000,0.400000,-0.028500,4.800000
2173,122.565665,180,158.195854,2,2,1.000000,1,1,-0.000301,-0.047222,0.008740,0.000814,0.000000,0.055556,-0.003333,0.666667
2174,-369.093671,1000,9.594445,3,4,0.750000,0,1,-0.000298,-0.407500,0.027238,0.000291,0.000000,0.015000,-0.003825,0.000000
2175,157.043657,984,31.053176,6,6,1.000000,1,1,-0.000304,0.000000,0.007367,0.001353,0.000000,0.030488,-0.001258,0.121951
2176,196.342040,717,41.687147,3,3,1.000000,1,1,-0.000303,0.000000,0.085517,0.000705,0.000000,0.020921,-0.000366,0.167364
2177,214.347512,810,37.972907,7,7,1.000000,1,1,-0.000303,0.000000,0.073497,0.002621,0.000000,0.043210,-0.002546,0.148148
2178,30.373968,1000,1.547879,5,6,0.833333,0,1,-0.000305,0.000000,0.007659,0.000157,0.000000,0.025000,-0.002138,0.000000
2179,121.175686,9,2934.835663,1,1,1.000000,1,1,-0.000307,-0.500000,0.005314,0.070070,0.000000,0.555556,0.000000,13.333333
2180,115.783823,741,40.300336,5,5,1.000000,1,1,-0.000304,-0.058367,0.033211,0.001113,0.000000,0.033738,-0.015081,0.161943
2181,120.347201,510,58.223083,3,3,1.000000,1,1,-0.000307,-0.059314,0.033065,0.005324,0.000000,0.029412,-0.007500,0.235294
2182,213.945203,855,35.300053,7,7,1.000000,1,1,-0.000306,0.000000,0.069390,0.002840,0.000000,0.040936,-0.002982,0.140351
2183,139.307219,346,87.515606,8,8,1.000000,1,1,-0.000303,-0.087428,0.048751,0.005835,0.000000,0.115607,-0.026662,0.346821
2184,146.214401,98,294.708174,5,5,1.000000,1,1,-0.000309,-0.043367,0.067019,-0.001768,0.000000,0.255102,-0.009184,1.224490
2185,5.112703,666,46.448503,1,1,1.000000,1,1,-0.000299,-0.179429,0.000125,-0.000407,0.000000,0.007508,0.000000,0.180180
2186,117.658675,842,34.661908,2,2,1.000000,1,1,-0.000306,-0.016033,0.004628,0.000440,0.000000,0.011876,-0.003385,0.142518
2187,156.453669,761,40.527308,6,6,1.000000,1,1,-0.000304,0.000000,0.012122,0.001738,0.000000,0.039422,-0.005076,0.157687
2188,85.555709,775,37.623663,1,1,1.000000,1,1,-0.000309,-0.051935,0.003206,-0.001858,0.000000,0.006452,0.000000,0.154839
2189,130.589520,615,48.034375,8,8,1.000000,1,1,-0.000304,-0.098780,0.059351,0.003436,0.000000,0.065041,-0.011524,0.195122
2190,131.499859,951,31.653498,6,6,1.000000,1,1,-0.000304,-0.054679,0.040156,0.002038,0.000000,0.031546,-0.006664,0.126183
2191,150.846470,546,53.241724,3,3,1.000000,1,1,-0.000307,0.000000,0.027489,0.002321,0.000000,0.027473,-0.000481,0.219780
2192,97.089448,604,51.034381,8,8,1.000000,1,1,-0.000306,-0.112169,0.014254,0.004619,0.000000,0.066225,-0.010555,0.198675
2193,36.086390,1000,2.525534,7,8,0.875000,0,1,-0.000300,-0.064250,0.068049,0.001187,0.000000,0.035000,-0.003600,0.000000
2194,161.498337,70,424.888334,8,8,1.000000,1,1,-0.000302,-0.067857,0.079716,0.033419,0.000000,0.571429,-0.023571,1.714286
2195,130.369238,504,57.076904,2,2,1.000000,1,1,-0.000304,-0.034722,0.033507,0.002476,0.000000,0.019841,-0.000223,0.238095
2196,139.756052,400,73.431849,7,7,1.000000,1,1,-0.000302,-0.065625,0.029710,0.005982,0.000000,0.087500,-0.007875,0.300000
2197,65.354661,654,45.701514,2,2,1.000000,1,1,-0.000305,-0.104358,0.003530,0.002343,0.000000,0.015291,-0.000057,0.183486
2198,162.990599,116,258.928636,8,8,1.000000,1,1,-0.000304,-0.006466,0.036563,0.010535,0.000000,0.344828,-0.014547,1.034483
2199,138.773886,349,81.831462,3,3,1.000000,1,1,-0.000302,0.000000,0.013421,0.001025,0.000000,0.042980,-0.003331,0.343840
2200,163.583181,383,75.708257,5,5,1.000000,1,1,-0.000305,-0.005222,0.052033,0.003483,0.000000,0.065274,-0.001469,0.313316
2201,144.067024,541,53.532014,4,4,1.000000,1,1,-0.000304,0.000000,0.005914,0.003225,0.000000,0.036969,-0.001317,0.221811
2202,16.283391,1000,2.653752,5,6,0.833333,0,1,-0.000306,-0.024500,0.018680,0.000559,0.000000,0.025000,-0.003150,0.000000
2203,5.621188,875,37.085082,6,6,1.000000,1,1,-0.000297,-0.174571,0.010403,0.001690,0.000000,0.034286,-0.002229,0.137143
2204,10.642010,663,45.677108,2,2,1.000000,1,1,-0.000302,-0.185143,0.005215,0.001165,0.000000,0.015083,-0.000962,0.180995
2205,-75.805827,1000,5.409326,7,8,0.875000,0,1,-0.000299,-0.187250,0.078727,0.001766,0.000000,0.035000,-0.003750,0.000000
2206,57.744820,339,87.335050,3,3,1.000000,1,1,-0.000297,-0.229351,0.004172,-0.000425,0.000000,0.044248,-0.001991,0.353982
2207,125.403489,635,46.066557,3,3,1.000000,1,1,-0.000304,-0.025197,0.012452,0.002306,0.000000,0.023622,-0.004370,0.188976
2208,132.339171,29,971.267227,3,3,1.000000,1,1,-0.000302,-0.129310,0.018311,0.023428,0.000000,0.517241,-0.003879,4.137931
2209,154.777598,225,129.014581,5,5,1.000000,1,1,-0.000302,-0.051111,0.089228,0.008641,0.000000,0.111111,-0.003000,0.533333
2210,162.397100,301,98.068087,6,6,1.000000,1,1,-0.000307,0.000000,0.042501,0.004473,0.000000,0.099668,-0.005482,0.398671
2211,140.033877,103,273.560682,5,5,1.000000,1,1,-0.000303,-0.072816,0.030375,0.011277,0.000000,0.242718,-0.016748,1.165049
2212,164.168148,878,33.807126,7,7,1.000000,1,1,-0.000307,0.000000,0.046403,0.001974,0.000000,0.039863,-0.037628,0.136674
2213,118.917657,649,45.263237,5,5,1.000000,1,1,-0.000305,-0.059322,0.028820,0.002637,0.000000,0.038521,-0.012018,0.184900
2214,64.575181,284,103.654428,4,4,1.000000,1,1,-0.000299,-0.300176,0.034285,0.003646,0.000000,0.070423,-0.003037,0.422535
2215,114.888761,325,87.213827,2,2,1.000000,1,1,-0.000304,-0.046923,0.000581,0.000843,0.000000,0.030769,-0.000692,0.369231
2216,223.883240,693,42.540994,8,8,1.000000,1,1,-0.000307,0.000000,0.111402,0.003328,0.000000,0.057720,-0.022240,0.173160
2217,132.822497,408,71.010938,4,4,1.000000,1,1,-0.000308,-0.028799,0.012869,0.004160,0.000000,0.049020,-0.005515,0.294118
2218,151.312604,226,129.678841,6,6,1.000000,1,1,-0.000301,-0.100664,0.102254,0.013147,0.000000,0.132743,-0.008628,0.530973
2219,190.882407,915,32.190269,6,6,1.000000,1,1,-0.000308,-0.004372,0.060620,0.001731,0.000000,0.032787,-0.012992,0.131148
2220,209.825073,880,33.897007,7,7,1.000000,1,1,-0.000309,-0.029830,0.098394,0.002015,0.000000,0.039773,-0.007969,0.136364
2221,135.250888,624,45.828529,3,3,1.000000,1,1,-0.000311,0.000000,0.001175,0.000019,0.000000,0.024038,-0.000481,0.192308
2222,124.150555,508,60.981423,6,6,1.000000,1,1,-0.000298,-0.098425,0.045284,0.004400,0.000000,0.059055,-0.001845,0.236220
2223,29.357084,387,77.616195,1,1,1.000000,1,1,-0.000300,-0.244186,0.000454,-0.003108,0.000000,0.012920,0.000000,0.310078
2224,157.543786,318,91.135026,7,7,1.000000,1,1,-0.000306,0.000000,0.029741,0.006041,0.000000,0.110063,-0.027476,0.377358
2225,86.938616,313,92.983693,2,2,1.000000,1,1,-0.000303,-0.136581,0.001436,-0.001888,0.000000,0.031949,-0.000240,0.383387
2226,122.283977,23,1194.843216,2,2,1.000000,1,1,-0.000302,-0.336957,0.006170,-0.002761,0.000000,0.434783,-0.001630,5.217391
2227,142.597598,561,50.686960,3,3,1.000000,1,1,-0.000311,0.000000,0.015899,0.001364,0.000000,0.026738,-0.003409,0.213904
2228,125.665044,22,1231.771774,1,1,1.000000,1,1,-0.000309,0.000000,0.016200,0.014338,0.000000,0.227273,0.000000,5.454545
2229,-101.875023,1000,4.878441,5,6,0.833333,0,1,-0.000297,-0.126000,0.001683,-0.000723,0.000000,0.025000,-0.001538,0.000000
2230,192.289736,598,49.331795,7,7,1.000000,1,1,-0.000311,-0.028010,0.094214,0.004240,0.000000,0.058528,-0.007776,0.200669
2231,158.544149,123,248.505016,7,7,1.000000,1,1,-0.000302,-0.002033,0.021444,0.013058,0.000000,0.284553,-0.003354,0.975610
2232,-291.323788,1000,11.614040,5,6,0.833333,0,1,-0.000299,-0.295750,0.010572,-0.000771,0.000000,0.025000,-0.030075,0.000000
2233,110.576717,380,76.062609,4,4,1.000000,1,1,-0.000303,-0.081579,0.012837,0.003359,0.000000,0.052632,-0.011743,0.315789
2234,123.103027,11,2386.873688,1,1,1.000000,1,1,-0.000306,-0.227273,0.018807,0.036319,0.000000,0.454545,0.000000,10.909091
2235,-74.358247,1000,3.242237,0,1,0.000000,0,0,-0.000302,-0.079250,0.005047,0.000146,0.000000,0.000000,0.000000,0.000000
2236,125.801813,140,207.755007,5,5,1.000000,1,1,-0.000299,-0.162500,0.027036,0.005061,0.000000,0.178571,-0.006429,0.857143
2237,-107.670087,1000,5.488084,4,5,0.800000,0,1,-0.000306,-0.137750,0.014385,-0.000999,0.000000,0.020000,-0.003000,0.000000
2238,148.400462,194,144.889143,5,5,1.000000,1,1,-0.000309,-0.005155,0.026684,0.005972,0.000000,0.128866,-0.009665,0.618557
2239,13.035385,1000,2.748461,5,6,0.833333,0,1,-0.000305,-0.029000,0.028294,0.000596,0.000000,0.025000,-0.011550,0.000000
2240,6.704818,1000,3.540672,7,8,0.875000,0,1,-0.000305,-0.057250,0.033977,0.001057,0.000000,0.035000,-0.005775,0.000000
2241,-12.274277,1000,2.280583,2,3,0.666667,0,1,-0.000306,-0.033000,0.013027,-0.000608,0.000000,0.010000,-0.001388,0.000000
2242,153.146442,530,54.656502,5,5,1.000000,1,1,-0.000307,-0.000943,0.020043,0.000399,0.000000,0.047170,-0.003821,0.226415
2243,126.285807,33,830.875786,1,1,1.000000,1,1,-0.000304,0.000000,0.006636,0.032631,0.000000,0.151515,0.000000,3.636364
2244,-19.910196,1000,3.654430,5,6,0.833333,0,1,-0.000304,-0.049250,0.010399,0.000732,0.000000,0.025000,-0.006487,0.000000
2245,-13.721814,1000,1.933992,3,4,0.750000,0,1,-0.000307,-0.031750,0.005346,0.000164,0.000000,0.015000,-0.002175,0.000000
2246,124.082829,68,405.093781,1,1,1.000000,1,1,-0.000297,-0.011029,0.004701,-0.006863,0.000000,0.073529,0.000000,1.764706
2247,56.632165,1000,1.540199,3,4,0.750000,0,1,-0.000304,-0.022250,0.077384,-0.000672,0.000000,0.015000,-0.012525,0.000000
2248,-40.669956,1000,1.987878,2,3,0.666667,0,1,-0.000303,-0.058250,0.009259,-0.000888,0.000000,0.010000,-0.000487,0.000000
2249,141.569708,278,103.533550,4,4,1.000000,1,1,-0.000301,-0.006295,0.011528,0.003008,0.000000,0.071942,-0.002293,0.431655
2250,-9.421542,1000,2.887154,5,6,0.833333,0,1,-0.000302,-0.143250,0.116347,0.001071,0.000000,0.025000,-0.008287,0.000000
2251,-2.875501,1000,1.137955,2,3,0.666667,0,1,-0.000302,-0.012750,0.010908,0.000743,0.000000,0.010000,-0.011475,0.000000
2252,-205.138405,1000,5.516545,1,2,0.500000,0,1,-0.000301,-0.223750,0.014691,-0.000590,0.000000,0.005000,-0.000188,0.000000
2253,-112.815196,1000,2.789495,1,2,0.500000,0,1,-0.000298,-0.124500,0.007071,0.000024,0.000000,0.005000,-0.000112,0.000000
2254,-89.738340,1000,2.046539,0,2,0.000000,0,0,-0.000298,-0.102750,0.013487,-0.000177,0.000000,0.000000,0.000000,0.000000
2255,153.907857,581,51.186911,7,7,1.000000,1,1,-0.000301,-0.006885,0.005590,0.003008,0.000000,0.060241,-0.003292,0.206540
2256,128.443627,617,49.030305,8,8,1.000000,1,1,-0.000300,-0.072123,0.025227,0.002798,0.000000,0.064830,-0.006746,0.194489
2257,116.682318,158,184.313338,2,2,1.000000,1,1,-0.000299,-0.099684,0.010747,0.008745,0.000000,0.063291,-0.003797,0.759494
2258,0.612714,1000,1.037807,2,8,0.250000,0,1,-0.000297,-0.081250,0.072825,-0.000441,0.000000,0.010000,-0.000225,0.000000
2259,124.207349,128,223.025312,1,1,1.000000,1,1,-0.000298,-0.005859,0.001329,-0.001363,0.000000,0.039062,0.000000,0.937500
2260,80.770739,576,52.242604,2,2,1.000000,1,1,-0.000299,-0.086372,0.010561,-0.000048,0.000000,0.017361,-0.009310,0.208333
2261,48.609057,1000,1.442393,6,7,0.857143,0,1,-0.000301,-0.002500,0.035463,0.000910,0.000000,0.030000,-0.014962,0.000000
2262,-61.503179,1000,1.179186,0,1,0.000000,0,0,-0.000296,-0.062500,0.002242,-0.000949,0.000000,0.000000,0.000000,0.000000
2263,39.741990,1000,0.931508,4,5,0.800000,0,1,-0.000301,-0.017000,0.040103,-0.000248,0.000000,0.020000,-0.002813,0.000000
2264,128.097522,30,956.766861,2,2,1.000000,1,1,-0.000302,-0.066667,0.012895,-0.005592,0.000000,0.333333,-0.003750,4.000000
2265,20.501175,1000,0.726912,3,4,0.750000,0,1,-0.000300,-0.002750,0.011409,-0.000458,0.000000,0.015000,-0.002400,0.000000
2266,-304.144813,1000,9.549085,3,4,0.750000,0,1,-0.000295,-0.342250,0.026070,-0.000196,0.000000,0.015000,-0.002475,0.000000
2267,-184.128607,1000,4.137230,0,1,0.000000,0,0,-0.000299,-0.184750,0.002213,-0.001292,0.000000,0.000000,0.000000,0.000000
2268,122.610667,133,215.638097,1,1,1.000000,1,1,-0.000297,-0.016917,0.001520,-0.002271,0.000000,0.037594,0.000000,0.902256
2269,176.662262,896,34.046095,7,7,1.000000,1,1,-0.000299,-0.001395,0.030764,0.002012,0.000000,0.039062,-0.006906,0.133929
2270,72.925437,1000,2.045332,5,7,0.714286,0,1,-0.000298,-0.002000,0.052558,-0.001134,0.000000,0.025000,-0.001200,0.000000
2271,-183.660484,1000,3.790896,1,3,0.333333,0,1,-0.000293,-0.197750,0.017078,-0.000683,0.000000,0.005000,-0.007012,0.000000
2272,-60.007813,1000,1.667827,1,2,0.500000,0,1,-0.000298,-0.065750,0.007073,-0.000258,0.000000,0.005000,-0.005775,0.000000
2273,126.944619,707,43.436136,8,8,1.000000,1,1,-0.000297,-0.061528,0.017957,0.001887,0.000000,0.056577,-0.004774,0.169731
2274,123.078692,11,2472.378876,1,1,1.000000,1,1,-0.000309,-0.159091,0.014830,-0.030095,0.000000,0.454545,0.000000,10.909091
2275,1.729128,1000,2.137082,6,8,0.750000,0,1,-0.000297,-0.063750,0.047845,0.001206,0.000000,0.030000,-0.013275,0.000000
2276,-248.777319,1000,7.455627,4,8,0.500000,0,1,-0.000293,-0.288750,0.023503,0.000363,0.000000,0.020000,-0.003600,0.000000
2277,124.012299,944,31.103714,3,3,1.000000,1,1,-0.000299,-0.003178,0.006157,0.001133,0.000000,0.015890,-0.015453,0.127119
2278,88.130123,957,32.320230,8,8,1.000000,1,1,-0.000299,-0.086207,0.017038,0.001814,0.000000,0.041797,-0.007445,0.125392
2279,179.250614,529,56.363095,6,6,1.000000,1,1,-0.000300,0.000000,0.058340,0.003988,0.000000,0.056711,-0.006734,0.226843
2280,-16.024198,1000,2.460161,4,6,0.666667,0,1,-0.000299,-0.106500,0.084102,0.000136,0.000000,0.020000,-0.013462,0.000000
2281,132.680961,58,500.877131,3,3,1.000000,1,1,-0.000297,-0.025862,0.003630,-0.014222,0.000000,0.258621,-0.003233,2.068966
2282,-5.963858,1000,1.381732,4,5,0.800000,0,1,-0.000300,-0.047750,0.024331,0.000793,0.000000,0.020000,-0.003038,0.000000
2283,165.372077,687,43.923078,7,7,1.000000,1,1,-0.000300,0.000000,0.022072,0.003206,0.000000,0.050946,-0.009880,0.174672
2284,132.708115,134,215.713684,3,3,1.000000,1,1,-0.000298,-0.026119,0.015527,0.005820,0.000000,0.111940,-0.012034,0.895522
2285,120.160157,352,81.921166,1,1,1.000000,1,1,-0.000299,-0.012074,0.000886,-0.002262,0.000000,0.014205,0.000000,0.340909
2286,-18.711766,1000,0.443598,0,1,0.000000,0,0,-0.000297,-0.018750,0.000007,0.000329,0.000000,0.000000,0.000000,0.000000
2287,-43.348209,1000,2.144103,3,6,0.500000,0,1,-0.000300,-0.087250,0.037896,0.001431,0.000000,0.015000,-0.010125,0.000000
2288,116.830142,824,37.004831,7,7,1.000000,1,1,-0.000300,-0.082828,0.039039,0.002136,0.000000,0.042476,-0.004369,0.145631
2289,114.687192,743,39.218876,2,2,1.000000,1,1,-0.000301,-0.020861,0.005414,-0.000622,0.000000,0.013459,-0.004240,0.161507
2290,-58.390974,1000,2.812949,5,6,0.833333,0,1,-0.000300,-0.108500,0.029537,0.001722,0.000000,0.025000,-0.005850,0.000000
2291,131.078481,11,2649.093643,2,2,1.000000,1,1,-0.000303,0.000000,0.061953,0.039802,0.000000,0.909091,-0.003409,10.909091
2292,-43.647944,1000,1.934911,2,5,0.400000,0,1,-0.000301,-0.075750,0.023118,-0.000152,0.000000,0.010000,-0.000562,0.000000
2293,60.512312,979,32.408630,8,8,1.000000,1,1,-0.000299,-0.107508,0.014288,0.002393,0.000000,0.040858,-0.010495,0.122574
2294,119.145707,32,890.920162,1,1,1.000000,1,1,-0.000296,-0.132812,0.006484,-0.056322,0.000000,0.156250,0.000000,3.750000
2295,32.074328,1000,0.948069,3,4,0.750000,0,1,-0.000301,-0.003250,0.020610,0.001065,0.000000,0.015000,-0.001050,0.000000
2296,168.353076,667,44.525909,7,7,1.000000,1,1,-0.000299,-0.000375,0.034465,0.001971,0.000000,0.052474,-0.015742,0.179910
2297,166.557428,938,32.047843,8,8,1.000000,1,1,-0.000301,-0.007996,0.016902,0.001464,0.000000,0.042644,-0.003078,0.127932
2298,149.644051,605,48.410618,5,5,1.000000,1,1,-0.000299,-0.004545,0.015229,0.000948,0.000000,0.041322,-0.003657,0.198347
2299,171.912850,796,37.613019,7,7,1.000000,1,1,-0.000299,-0.001884,0.035745,0.002385,0.000000,0.043970,-0.014698,0.150754
2300,130.450710,23,1271.899513,3,3,1.000000,1,1,-0.000297,-0.228261,0.010362,0.025292,0.000000,0.652174,-0.004891,5.217391
2301,141.930363,600,48.872707,4,4,1.000000,1,1,-0.000298,-0.002500,0.031386,0.000567,0.000000,0.033333,-0.025937,0.200000
2302,91.872751,768,39.223019,4,4,1.000000,1,1,-0.000297,-0.074544,0.012170,0.001373,0.000000,0.026042,-0.001367,0.156250
2303,-2.989489,1000,1.871301,5,6,0.833333,0,1,-0.000297,-0.074250,0.048047,0.000948,0.000000,0.025000,-0.002438,0.000000
2304,100.066849,857,36.380361,6,6,1.000000,1,1,-0.000295,-0.064761,0.006580,0.000692,0.000000,0.035006,-0.000481,0.140023
2305,-50.015734,1000,3.207892,7,8,0.875000,0,1,-0.000297,-0.123500,0.048188,0.001731,0.000000,0.035000,-0.011137,0.000000
2306,167.007955,560,52.692347,6,6,1.000000,1,1,-0.000299,0.000000,0.038060,0.001986,0.000000,0.053571,-0.009375,0.214286
2307,-28.236254,1000,1.451233,2,3,0.666667,0,1,-0.000299,-0.045750,0.009416,-0.000703,0.000000,0.010000,-0.000900,0.000000
2308,-95.176617,1000,4.511170,5,6,0.833333,0,1,-0.000299,-0.127750,0.012552,0.000795,0.000000,0.025000,-0.005475,0.000000
2309,-63.495735,1000,1.911353,3,5,0.600000,0,1,-0.000299,-0.079500,0.002388,0.000265,0.000000,0.015000,-0.001350,0.000000
2310,-93.429860,1000,2.437249,3,6,0.500000,0,1,-0.000296,-0.117500,0.009980,0.000137,0.000000,0.015000,-0.000750,0.000000
2311,129.557886,695,42.413034,4,4,1.000000,1,1,-0.000300,-0.015827,0.018537,0.001288,0.000000,0.028777,-0.018723,0.172662
2312,79.250792,1000,1.157302,5,6,0.833333,0,1,-0.000302,0.000000,0.063384,0.002081,0.000000,0.025000,-0.010912,0.000000
2313,137.097653,357,81.513329,3,3,1.000000,1,1,-0.000299,0.000000,0.003976,0.003354,0.000000,0.042017,-0.001155,0.336134
2314,-29.104992,1000,2.528203,5,8,0.625000,0,1,-0.000295,-0.082250,0.059340,0.000112,0.000000,0.025000,-0.031013,0.000000
2315,13.932259,891,33.789236,3,3,1.000000,1,1,-0.000294,-0.136644,0.001232,0.000080,0.000000,0.016835,-0.000253,0.134680
2316,161.859017,628,47.843160,7,7,1.000000,1,1,-0.000301,0.000000,0.028295,0.003350,0.000000,0.055732,-0.020422,0.191083
2317,5.698498,1000,0.991711,2,6,0.333333,0,1,-0.000296,-0.031750,0.037000,0.000308,0.000000,0.010000,-0.009562,0.000000
2318,6.181719,1000,1.434603,4,5,0.800000,0,1,-0.000300,-0.039250,0.026470,0.001324,0.000000,0.020000,-0.002063,0.000000
2319,176.532608,435,68.879059,7,7,1.000000,1,1,-0.000300,0.000000,0.050301,0.004069,0.000000,0.080460,-0.004569,0.275862
2320,154.444352,305,96.035164,6,6,1.000000,1,1,-0.000298,-0.000820,0.017740,0.003850,0.000000,0.098361,-0.005902,0.393443
2321,3.397068,1000,0.875823,3,5,0.600000,0,1,-0.000299,-0.027750,0.027099,0.001047,0.000000,0.015000,-0.011700,0.000000
2322,164.154934,727,40.525772,4,4,1.000000,1,1,-0.000300,-0.004470,0.038341,0.001873,0.000000,0.027510,-0.002218,0.165062
2323,67.712603,810,36.345883,1,1,1.000000,1,1,-0.000298,-0.070370,0.000024,-0.000081,0.000000,0.006173,0.000000,0.148148
2324,-30.452700,756,43.759785,7,7,1.000000,1,1,-0.000297,-0.282738,0.047890,0.000601,0.000000,0.046296,-0.010764,0.158730
2325,147.152008,411,71.153843,5,5,1.000000,1,1,-0.000301,-0.006083,0.016112,-0.000569,0.000000,0.060827,-0.003923,0.291971
2326,123.197818,48,581.444454,1,1,1.000000,1,1,-0.000304,-0.036458,0.011293,-0.012076,0.000000,0.104167,0.000000,2.500000
2327,144.489731,461,63.656962,3,3,1.000000,1,1,-0.000302,0.000000,0.022203,0.000880,0.000000,0.032538,-0.002196,0.260304
2328,161.462925,788,38.439495,7,7,1.000000,1,1,-0.000301,-0.007931,0.018460,0.000972,0.000000,0.044416,-0.002998,0.152284
2329,-3.128126,1000,2.064043,5,7,0.714286,0,1,-0.000298,-0.095500,0.068849,0.000808,0.000000,0.025000,-0.001988,0.000000
2330,40.320330,1000,2.492922,4,5,0.800000,0,1,-0.000303,-0.065500,0.088592,0.001131,0.000000,0.020000,-0.003600,0.000000
2331,93.516712,990,29.978923,3,3,1.000000,1,1,-0.000301,-0.049495,0.013004,0.000155,0.000000,0.015152,-0.005265,0.121212
2332,115.009678,399,72.249678,3,3,1.000000,1,1,-0.000297,-0.067669,0.013925,0.006008,0.000000,0.037594,-0.002068,0.300752
2333,-109.691701,1000,3.122889,5,6,0.833333,0,1,-0.000299,-0.150250,0.024221,0.001124,0.000000,0.025000,-0.009487,0.000000
2334,47.996385,1000,1.331431,5,7,0.714286,0,1,-0.000303,0.000000,0.036116,0.000833,0.000000,0.025000,-0.013650,0.000000
2335,105.665179,853,34.232690,1,1,1.000000,1,1,-0.000299,-0.025205,0.002337,0.000500,0.000000,0.005862,0.000000,0.140680
2336,147.035664,94,308.948059,4,4,1.000000,1,1,-0.000300,0.000000,0.068398,0.019117,0.000000,0.212766,-0.012367,1.276596
2337,116.945315,755,39.616269,5,5,1.000000,1,1,-0.000296,-0.039404,0.002224,0.001162,0.000000,0.033113,-0.000844,0.158940
2338,135.334032,15,1975.769722,3,3,1.000000,1,1,-0.000302,-0.016667,0.009144,0.042593,0.000000,1.000000,-0.012500,8.000000
2339,-148.068972,1000,4.193872,3,6,0.500000,0,1,-0.000296,-0.171750,0.008917,0.000284,0.000000,0.015000,-0.000225,0.000000
2340,136.348173,983,30.953966,6,6,1.000000,1,1,-0.000299,-0.030519,0.021434,0.001485,0.000000,0.030519,-0.005989,0.122075
2341,158.134838,250,116.779241,4,4,1.000000,1,1,-0.000300,0.000000,0.092929,0.000911,0.000000,0.080000,-0.021000,0.480000
2342,-183.488449,1000,5.133800,4,5,0.800000,0,1,-0.000296,-0.209000,0.006161,0.000284,0.000000,0.020000,-0.000637,0.000000
2343,47.131286,1000,1.817349,6,7,0.857143,0,1,-0.000302,-0.007000,0.029457,0.002288,0.000000,0.030000,-0.007312,0.000000
2344,153.777760,352,84.292876,8,8,1.000000,1,1,-0.000299,-0.031250,0.020908,0.001274,0.000000,0.113636,-0.008310,0.340909
2345,121.459164,179,158.420022,1,1,1.000000,1,1,-0.000298,-0.030726,0.002263,0.008980,0.000000,0.027933,0.000000,0.670391
2346,-117.526813,1000,2.167615,0,1,0.000000,0,0,-0.000298,-0.118500,0.003188,-0.001917,0.000000,0.000000,0.000000,0.000000
2347,-9.770850,1000,2.694615,5,6,0.833333,0,1,-0.000300,-0.104250,0.083429,0.001238,0.000000,0.025000,-0.014887,0.000000
2348,92.216935,1000,1.660601,7,8,0.875000,0,1,-0.000301,0.000000,0.060757,0.000849,0.000000,0.035000,-0.004088,0.000000
2349,-151.520960,1000,3.889563,4,5,0.800000,0,1,-0.000295,-0.175500,0.006484,0.001278,0.000000,0.020000,-0.003488,0.000000
2350,141.021546,391,74.213895,3,3,1.000000,1,1,-0.000302,0.000000,0.016013,0.001512,0.000000,0.038363,-0.001822,0.306905
2351,30.776556,1000,2.008308,7,8,0.875000,0,1,-0.000299,-0.034750,0.038371,0.001267,0.000000,0.035000,-0.008812,0.000000
2352,139.048154,402,71.216890,3,3,1.000000,1,1,-0.000301,0.000000,0.008357,0.003506,0.000000,0.037313,-0.001493,0.298507
2353,130.473158,380,76.633181,3,3,1.000000,1,1,-0.000298,-0.052632,0.038907,0.003492,0.000000,0.039474,-0.001382,0.315789
2354,-101.927139,1000,2.791341,3,6,0.500000,0,1,-0.000298,-0.150250,0.035261,0.001098,0.000000,0.015000,-0.002738,0.000000
2355,130.086890,195,147.202117,3,3,1.000000,1,1,-0.000299,-0.023077,0.005474,-0.002870,0.000000,0.076923,-0.004423,0.615385
2356,135.629915,26,1167.333302,3,3,1.000000,1,1,-0.000308,-0.076923,0.082059,0.023726,0.000000,0.576923,-0.004327,4.615385
2357,16.083409,1000,1.663615,5,6,0.833333,0,1,-0.000299,-0.025750,0.030844,0.001588,0.000000,0.025000,-0.015300,0.000000
2358,172.751949,981,31.050815,7,7,1.000000,1,1,-0.000300,-0.003313,0.024859,0.002546,0.000000,0.035678,-0.005696,0.122324
2359,138.116955,210,134.891556,3,3,1.000000,1,1,-0.000300,0.000000,0.012529,0.003328,0.000000,0.071429,-0.000714,0.571429
2360,219.304303,908,32.443471,6,6,1.000000,1,1,-0.000300,0.000000,0.077020,0.002497,0.000000,0.033040,-0.002891,0.132159
2361,-219.702008,1000,7.842950,6,8,0.750000,0,1,-0.000293,-0.263500,0.014933,0.000958,0.000000,0.030000,-0.001800,0.000000
2362,142.328384,322,88.308896,4,4,1.000000,1,1,-0.000300,0.000000,0.005406,0.006201,0.000000,0.062112,-0.004076,0.372671
2363,143.257281,463,62.711592,4,4,1.000000,1,1,-0.000300,0.000000,0.006576,0.004323,0.000000,0.043197,-0.003564,0.259179
2364,123.451592,274,102.628910,2,2,1.000000,1,1,-0.000300,-0.026460,0.003148,0.000944,0.000000,0.036496,-0.001232,0.437956
2365,130.069017,379,76.580813,3,3,1.000000,1,1,-0.000298,-0.037599,0.030177,0.002229,0.000000,0.039578,-0.007520,0.316623
2366,166.463282,254,113.146907,7,7,1.000000,1,1,-0.000302,0.000000,0.049868,0.008705,0.000000,0.137795,-0.013140,0.472441
2367,122.274860,25,1089.871731,1,1,1.000000,1,1,-0.000303,-0.190000,0.011996,0.069301,0.000000,0.200000,0.000000,4.800000
2368,-169.688295,1000,6.109810,6,8,0.750000,0,1,-0.000298,-0.255000,0.062884,0.000976,0.000000,0.030000,-0.008250,0.000000
2369,162.408229,802,38.213215,8,8,1.000000,1,1,-0.000303,-0.019950,0.031352,0.000788,0.000000,0.049875,-0.008884,0.149626
2370,114.944642,808,38.094883,8,8,1.000000,1,1,-0.000301,-0.061262,0.009014,0.002357,0.000000,0.049505,-0.005569,0.148515
2371,129.738382,582,55.394002,3,3,1.000000,1,1,-0.000300,-0.030928,0.031559,0.000809,0.000000,0.025773,-0.010180,0.206186
2372,159.385819,483,60.938238,7,7,1.000000,1,1,-0.000303,0.000000,0.022524,0.005881,0.000000,0.072464,-0.019022,0.248447
2373,-25.462398,1000,1.540761,1,2,0.500000,0,1,-0.000301,-0.041000,0.012999,-0.000736,0.000000,0.005000,-0.001425,0.000000
2374,121.320593,166,166.482895,1,1,1.000000,1,1,-0.000302,-0.036145,0.009080,0.005202,0.000000,0.030120,0.000000,0.722892
2375,113.111535,247,117.094972,6,6,1.000000,1,1,-0.000298,-0.184211,0.033192,0.006525,0.000000,0.121457,-0.004555,0.485830
2376,112.370256,65,425.983377,1,1,1.000000,1,1,-0.000296,-0.223077,0.000000,0.029069,0.000000,0.076923,0.000000,1.846154
2377,-248.072696,1000,7.311956,3,8,0.375000,0,1,-0.000293,-0.263000,0.009798,0.000586,0.000000,0.015000,-0.010162,0.000000
2378,147.916427,677,44.096530,5,5,1.000000,1,1,-0.000301,-0.019202,0.025987,0.001202,0.000000,0.036928,-0.003379,0.177253
2379,97.466604,663,44.846360,5,5,1.000000,1,1,-0.000295,-0.064103,0.009435,0.001990,0.000000,0.037707,-0.018722,0.180995
2380,9.530462,468,65.567457,1,1,1.000000,1,1,-0.000299,-0.250000,0.003141,0.000428,0.000000,0.010684,0.000000,0.256410
2381,146.388577,249,114.615369,4,4,1.000000,1,1,-0.000302,-0.007028,0.031046,0.006158,0.000000,0.080321,-0.004217,0.481928
2382,56.564243,883,33.989875,6,6,1.000000,1,1,-0.000298,-0.108154,0.010474,0.001122,0.000000,0.033975,-0.008961,0.135900
2383,-21.747143,1000,2.738725,5,8,0.625000,0,1,-0.000298,-0.089500,0.050198,0.000729,0.000000,0.025000,-0.007875,0.000000
2384,189.717798,564,51.870867,7,7,1.000000,1,1,-0.000302,0.000000,0.066899,0.003204,0.000000,0.062057,-0.008245,0.212766
2385,141.655002,850,34.478828,4,4,1.000000,1,1,-0.000299,-0.030294,0.036702,0.004706,0.000000,0.023529,-0.008868,0.141176
2386,121.270237,138,209.340886,3,3,1.000000,1,1,-0.000298,-0.143116,0.037584,0.007969,0.000000,0.108696,-0.001630,0.869565
2387,-167.669532,1000,4.794569,4,5,0.800000,0,1,-0.000296,-0.186250,0.004914,0.000263,0.000000,0.020000,-0.006300,0.000000
2388,-141.759361,1000,4.084181,4,6,0.666667,0,1,-0.000297,-0.177250,0.016365,0.000885,0.000000,0.020000,-0.001463,0.000000
2389,173.918138,711,41.555523,6,6,1.000000,1,1,-0.000300,-0.002110,0.043974,0.004945,0.000000,0.042194,-0.012869,0.168776
2390,137.948413,612,48.788086,7,7,1.000000,1,1,-0.000300,-0.031046,0.024754,0.001830,0.000000,0.057190,-0.023100,0.196078
2391,127.436177,692,42.532033,3,3,1.000000,1,1,-0.000300,-0.035766,0.030460,0.000256,0.000000,0.021676,-0.005582,0.173410
2392,25.018718,1000,0.911685,2,4,0.500000,0,1,-0.000301,-0.013500,0.029183,0.001098,0.000000,0.010000,-0.001463,0.000000
2393,110.052985,177,163.108882,2,2,1.000000,1,1,-0.000299,-0.151130,0.035336,0.003610,0.000000,0.056497,-0.000212,0.677966
2394,129.578188,363,78.957471,2,2,1.000000,1,1,-0.000295,-0.026860,0.024007,0.002502,0.000000,0.027548,-0.000517,0.330579
2395,142.259266,234,122.767593,4,4,1.000000,1,1,-0.000301,0.000000,0.007428,0.005733,0.000000,0.085470,-0.003205,0.512821
2396,143.234529,400,72.005004,4,4,1.000000,1,1,-0.000300,-0.010625,0.019001,0.002260,0.000000,0.050000,-0.002250,0.300000
2397,189.948693,457,63.705669,4,4,1.000000,1,1,-0.000299,0.000000,0.111180,0.001206,0.000000,0.043764,-0.002790,0.262582
2398,119.680950,216,130.168072,2,2,1.000000,1,1,-0.000297,-0.067130,0.017817,0.002878,0.000000,0.046296,-0.001042,0.555556
2399,132.691838,69,431.071100,3,3,1.000000,1,1,-0.000298,-0.032609,0.000250,0.000292,0.000000,0.217391,-0.001087,1.739130
2400,156.480638,529,56.142393,5,5,1.000000,1,1,-0.000296,-0.066163,0.088003,0.001718,0.000000,0.047259,-0.001560,0.226843
2401,-242.197969,1000,9.202223,5,8,0.625000,0,1,-0.000295,-0.280750,0.014557,0.000790,0.000000,0.025000,-0.001500,0.000000
2402,131.810911,16,1775.661568,2,2,1.000000,1,1,-0.000301,0.000000,0.043571,0.074600,0.000000,0.625000,-0.004687,7.500000
2403,153.704083,662,44.883976,4,4,1.000000,1,1,-0.000299,-0.007175,0.034326,0.001213,0.000000,0.030211,-0.007364,0.181269
2404,-41.048234,618,52.912126,3,3,1.000000,1,1,-0.000298,-0.290049,0.005956,0.000918,0.000000,0.024272,-0.001396,0.194175
2405,134.456421,613,49.159614,8,8,1.000000,1,1,-0.000300,-0.060767,0.023836,0.002045,0.000000,0.065253,-0.006485,0.195759
2406,162.639928,364,77.956850,4,4,1.000000,1,1,-0.000297,-0.006868,0.065230,0.004957,0.000000,0.054945,-0.000824,0.329670
2407,98.856018,980,31.549681,5,5,1.000000,1,1,-0.000301,-0.090306,0.043973,0.000466,0.000000,0.025510,-0.000918,0.122449
2408,157.830356,473,61.329689,5,5,1.000000,1,1,-0.000299,-0.016385,0.042690,0.003894,0.000000,0.052854,-0.002775,0.253700
2409,-134.420763,1000,4.460434,5,6,0.833333,0,1,-0.000300,-0.165000,0.016486,0.001055,0.000000,0.025000,-0.011662,0.000000
2410,-101.825190,1000,2.753099,2,3,0.666667,0,1,-0.000297,-0.118500,0.007091,0.000181,0.000000,0.010000,-0.000300,0.000000
2411,126.824990,141,202.614873,3,3,1.000000,1,1,-0.000298,-0.101064,0.033708,0.010738,0.000000,0.106383,-0.001064,0.851064
2412,16.939211,776,39.409543,3,3,1.000000,1,1,-0.000295,-0.157861,0.005780,0.000671,0.000000,0.019330,-0.000435,0.154639
2413,124.748017,1,7615.079987,1,1,1.000000,1,1,-0.000329,-0.250000,0.000000,-0.001655,0.000000,5.000000,0.000000,120.000000
2414,7.398470,1000,1.823790,4,5,0.800000,0,1,-0.000301,-0.016750,0.007285,0.000426,0.000000,0.020000,-0.003263,0.000000
2415,112.403639,769,39.637679,5,5,1.000000,1,1,-0.000298,-0.088101,0.045858,0.001519,0.000000,0.032510,-0.001365,0.156047
2416,13.354851,1000,2.163970,4,7,0.571429,0,1,-0.000299,-0.007000,0.002995,-0.000391,0.000000,0.020000,-0.001950,0.000000
2417,41.651771,1000,1.748190,6,7,0.857143,0,1,-0.000300,-0.024750,0.041210,0.001979,0.000000,0.030000,-0.006487,0.000000
2418,166.583387,730,40.825762,6,6,1.000000,1,1,-0.000300,-0.005822,0.029706,0.001393,0.000000,0.041096,-0.002260,0.164384
2419,226.497325,797,38.333416,8,8,1.000000,1,1,-0.000303,0.000000,0.096033,0.002620,0.000000,0.050188,-0.014915,0.150565
2420,-50.678928,1000,3.248599,5,6,0.833333,0,1,-0.000298,-0.110500,0.041384,-0.000190,0.000000,0.025000,-0.006075,0.000000
2421,129.431913,11,2642.284195,2,2,1.000000,1,1,-0.000293,-0.068182,0.000000,0.020240,0.000000,0.909091,-0.003409,10.909091
2422,-37.461516,1000,1.509894,2,4,0.500000,0,1,-0.000300,-0.061000,0.013947,0.000416,0.000000,0.010000,-0.000525,0.000000
2423,146.561990,440,66.735313,5,5,1.000000,1,1,-0.000300,-0.000568,0.019914,0.002146,0.000000,0.056818,-0.017642,0.272727
2424,-83.283007,1000,2.030729,0,2,0.000000,0,0,-0.000300,-0.090750,0.008043,-0.000277,0.000000,0.000000,0.000000,0.000000
2425,-168.386545,1000,4.050849,3,5,0.600000,0,1,-0.000297,-0.195750,0.012994,0.000304,0.000000,0.015000,-0.000637,0.000000
2426,132.824693,95,302.817560,2,2,1.000000,1,1,-0.000304,0.000000,0.017514,0.015286,0.000000,0.105263,-0.002763,1.263158
2427,173.716505,706,46.094406,8,8,1.000000,1,1,-0.000299,-0.007082,0.034802,0.002738,0.000000,0.056657,-0.010729,0.169972
2428,-72.169250,1000,2.992956,3,6,0.500000,0,1,-0.000300,-0.109000,0.022904,-0.000173,0.000000,0.015000,-0.000600,0.000000
2429,161.807540,554,52.933998,5,5,1.000000,1,1,-0.000302,-0.000451,0.036772,0.001901,0.000000,0.045126,-0.007581,0.216606
2430,58.930020,640,46.656956,1,1,1.000000,1,1,-0.000299,-0.105859,0.004297,-0.001374,0.000000,0.007812,0.000000,0.187500
2431,14.112698,1000,1.540911,4,5,0.800000,0,1,-0.000302,-0.024250,0.019678,0.001424,0.000000,0.020000,-0.002438,0.000000
2432,144.725404,364,79.666984,4,4,1.000000,1,1,-0.000302,0.000000,0.013984,0.004348,0.000000,0.054945,-0.005048,0.329670
2433,97.047578,916,32.234541,3,3,1.000000,1,1,-0.000301,-0.054312,0.013049,0.001810,0.000000,0.016376,-0.001678,0.131004
2434,124.164238,440,66.178527,3,3,1.000000,1,1,-0.000304,-0.032386,0.010188,0.000261,0.000000,0.034091,-0.002386,0.272727
2435,19.289857,1000,2.173854,4,6,0.666667,0,1,-0.000300,-0.105500,0.121364,0.000976,0.000000,0.020000,-0.017250,0.000000
2436,32.312568,1000,1.892204,6,7,0.857143,0,1,-0.000302,-0.039500,0.046769,0.001120,0.000000,0.030000,-0.005775,0.000000
2437,169.873336,520,57.955262,7,7,1.000000,1,1,-0.000304,-0.001923,0.032871,0.003584,0.000000,0.067308,-0.005625,0.230769
2438,-115.373262,1000,2.659228,1,2,0.500000,0,1,-0.000301,-0.125750,0.007445,-0.001654,0.000000,0.005000,-0.000112,0.000000
2439,101.810037,800,37.716914,4,4,1.000000,1,1,-0.000302,-0.061250,0.014673,0.001439,0.000000,0.025000,-0.002297,0.150000
2440,144.939490,597,51.341970,8,8,1.000000,1,1,-0.000302,-0.055695,0.035775,0.003789,0.000000,0.067002,-0.008794,0.201005
2441,42.166548,823,36.390681,3,3,1.000000,1,1,-0.000299,-0.115128,0.003296,-0.000031,0.000000,0.018226,-0.000638,0.145808
2442,101.716595,518,56.543732,1,1,1.000000,1,1,-0.000305,-0.046815,0.001926,0.000244,0.000000,0.009653,0.000000,0.231660
2443,142.291066,140,206.067558,4,4,1.000000,1,1,-0.000308,0.000000,0.026430,0.002564,0.000000,0.142857,-0.012321,0.857143
2444,77.540044,925,32.883893,6,6,1.000000,1,1,-0.000300,-0.087568,0.012212,0.000929,0.000000,0.032432,-0.003608,0.129730
2445,-47.832048,1000,2.359141,4,6,0.666667,0,1,-0.000303,-0.084500,0.019056,-0.000097,0.000000,0.020000,-0.001988,0.000000
2446,133.999207,92,306.715118,2,2,1.000000,1,1,-0.000301,-0.024457,0.053701,0.016971,0.000000,0.108696,-0.002446,1.304348
2447,130.764542,485,60.304828,4,4,1.000000,1,1,-0.000301,-0.038660,0.015257,0.005821,0.000000,0.041237,-0.001160,0.247423
2448,125.889934,454,66.289608,6,6,1.000000,1,1,-0.000303,-0.082599,0.039118,0.005463,0.000000,0.066079,-0.014785,0.264317
2449,140.292394,520,56.839798,5,5,1.000000,1,1,-0.000300,-0.050481,0.041208,0.002107,0.000000,0.048077,-0.001587,0.230769
2450,157.673383,85,355.929594,7,7,1.000000,1,1,-0.000304,0.000000,0.034183,0.004632,0.000000,0.411765,-0.007059,1.411765
2451,122.872700,9,2954.607422,1,1,1.000000,1,1,-0.000300,-0.277778,0.004213,0.037499,0.000000,0.555556,0.000000,13.333333
2452,-41.385651,1000,2.732457,5,6,0.833333,0,1,-0.000301,-0.071000,0.020606,0.001334,0.000000,0.025000,-0.017025,0.000000
2453,40.403405,461,65.137544,1,1,1.000000,1,1,-0.000301,-0.195770,0.011822,0.000743,0.000000,0.010846,0.000000,0.260304
2454,121.478986,385,74.378075,3,3,1.000000,1,1,-0.000304,-0.031818,0.013996,0.001221,0.000000,0.038961,-0.018214,0.311688
2455,30.504240,1000,1.464887,2,4,0.500000,0,1,-0.000301,-0.013500,0.035991,-0.001048,0.000000,0.010000,-0.000637,0.000000
2456,125.042766,372,78.855483,6,6,1.000000,1,1,-0.000299,-0.084005,0.018018,0.003431,0.000000,0.080645,-0.004234,0.322581
2457,141.257769,349,84.115970,3,3,1.000000,1,1,-0.000308,0.000000,0.016993,0.002749,0.000000,0.042980,-0.001504,0.343840
2458,-104.745203,1000,3.704513,4,6,0.666667,0,1,-0.000299,-0.133000,0.010203,0.001014,0.000000,0.020000,-0.002663,0.000000
2459,118.545473,259,110.304015,2,2,1.000000,1,1,-0.000301,-0.049228,0.007581,-0.000541,0.000000,0.038610,-0.001737,0.463320
2460,83.532234,640,47.968431,5,5,1.000000,1,1,-0.000302,-0.104297,0.009940,0.001310,0.000000,0.039062,-0.002695,0.187500
2461,159.382509,201,146.114497,6,6,1.000000,1,1,-0.000300,-0.073383,0.126634,0.007347,0.000000,0.149254,-0.013619,0.597015
2462,56.873101,749,45.616589,6,6,1.000000,1,1,-0.000300,-0.132176,0.011337,0.001560,0.000000,0.040053,-0.004756,0.160214
2463,107.686454,377,76.281526,1,1,1.000000,1,1,-0.000299,-0.055703,0.007875,0.002202,0.000000,0.013263,0.000000,0.318302
2464,126.908416,370,77.012151,3,3,1.000000,1,1,-0.000303,-0.035811,0.013647,0.002320,0.000000,0.040541,-0.001723,0.324324
2465,129.230600,643,47.184157,7,7,1.000000,1,1,-0.000300,-0.078149,0.043293,0.001379,0.000000,0.054432,-0.006299,0.186625
2466,-98.335352,1000,4.687554,6,8,0.750000,0,1,-0.000298,-0.160750,0.040218,0.000257,0.000000,0.030000,-0.007762,0.000000
2467,161.380571,200,145.248866,8,8,1.000000,1,1,-0.000302,-0.018750,0.028358,0.007722,0.000000,0.200000,-0.010125,0.600000
2468,100.668111,147,191.044565,4,4,1.000000,1,1,-0.000302,-0.323129,0.050414,0.007494,0.000000,0.136054,-0.002041,0.816327
2469,177.412331,109,266.201967,8,8,1.000000,1,1,-0.000308,0.000000,0.163605,0.008834,0.000000,0.366972,-0.012385,1.100917
2470,127.891598,392,74.231775,5,5,1.000000,1,1,-0.000302,-0.060587,0.019097,0.001879,0.000000,0.063776,-0.003731,0.306122
2471,61.590321,850,36.351281,4,4,1.000000,1,1,-0.000299,-0.104118,0.012106,0.002182,0.000000,0.023529,-0.002118,0.141176
2472,210.326399,316,91.317297,8,8,1.000000,1,1,-0.000307,0.000000,0.165749,0.008059,0.000000,0.126582,-0.014241,0.379747
2473,157.189756,311,92.347175,6,6,1.000000,1,1,-0.000306,0.000000,0.032586,0.002896,0.000000,0.096463,-0.012058,0.385852
2474,163.596163,482,60.681458,6,6,1.000000,1,1,-0.000297,-0.026452,0.052484,0.003717,0.000000,0.062241,-0.001245,0.248963
2475,115.355034,152,180.222043,2,2,1.000000,1,1,-0.000300,-0.125000,0.028009,0.002423,0.000000,0.065789,-0.001480,0.789474
2476,130.322387,17,1578.993851,2,2,1.000000,1,1,-0.000301,-0.014706,0.007359,0.031023,0.000000,0.588235,-0.004412,7.058824
2477,129.354267,19,1486.638748,3,3,1.000000,1,1,-0.000301,-0.328947,0.012407,0.029565,0.000000,0.789474,-0.009868,6.315789
2478,30.931118,1000,4.417381,2,3,0.666667,0,1,-0.000305,0.000000,0.023103,0.000533,0.000000,0.010000,-0.002400,0.000000
2479,144.583499,229,120.938395,4,4,1.000000,1,1,-0.000307,0.000000,0.019398,0.006164,0.000000,0.087336,-0.005240,0.524017
2480,138.187244,165,173.376695,4,4,1.000000,1,1,-0.000301,-0.021212,0.011026,0.002455,0.000000,0.121212,-0.002955,0.727273
2481,-328.064601,999,45.734571,4,4,1.000000,1,1,-0.000293,-0.470721,0.003411,0.001171,0.000000,0.020020,-0.002102,0.120120
2482,182.564362,984,34.999095,8,8,1.000000,1,1,-0.000298,-0.041921,0.064728,0.000993,0.000000,0.040650,-0.000572,0.121951
2483,-227.532094,1000,9.388884,0,1,0.000000,0,0,-0.000299,-0.238250,0.011786,-0.000769,0.000000,0.000000,0.000000,0.000000
2484,120.334153,650,45.501409,1,1,1.000000,1,1,-0.000304,-0.014231,0.006448,0.000909,0.000000,0.007692,0.000000,0.184615
2485,-8.044780,1000,2.840056,3,6,0.500000,0,1,-0.000298,-0.030750,0.011738,0.001327,0.000000,0.015000,-0.005062,0.000000
2486,-5.229882,1000,3.290100,3,4,0.750000,0,1,-0.000302,-0.045000,0.030238,-0.001116,0.000000,0.015000,-0.004050,0.000000
2487,121.857548,611,47.900122,3,3,1.000000,1,1,-0.000301,-0.022913,0.008426,0.001072,0.000000,0.024550,-0.007795,0.196399
2488,81.616283,456,64.910328,2,2,1.000000,1,1,-0.000300,-0.112390,0.006492,0.000422,0.000000,0.021930,-0.000329,0.263158
2489,124.687600,56,482.813824,1,1,1.000000,1,1,-0.000308,-0.017857,0.000000,0.012586,0.000000,0.089286,0.000000,2.142857
2490,110.234120,495,59.002000,6,6,1.000000,1,1,-0.000300,-0.129293,0.049743,0.002090,0.000000,0.060606,-0.002576,0.242424
2491,-9.692195,1000,1.702369,2,3,0.666667,0,1,-0.000296,-0.044000,0.025049,0.000043,0.000000,0.010000,-0.000487,0.000000
2492,4.306179,1000,2.317677,5,8,0.625000,0,1,-0.000298,-0.094000,0.073617,0.000475,0.000000,0.025000,-0.000487,0.000000
2493,101.114481,325,89.998798,2,2,1.000000,1,1,-0.000301,-0.097692,0.015180,0.004550,0.000000,0.030769,-0.010615,0.369231
2494,-4.446851,1000,1.695552,2,4,0.500000,0,1,-0.000302,-0.041000,0.028115,-0.000585,0.000000,0.010000,-0.000675,0.000000
2495,39.458054,1000,1.426534,3,4,0.750000,0,1,-0.000304,0.000000,0.025437,0.000900,0.000000,0.015000,-0.001575,0.000000
2496,149.279671,440,69.694521,5,5,1.000000,1,1,-0.000302,-0.086932,0.102685,0.004076,0.000000,0.056818,-0.009801,0.272727
2497,132.685441,568,52.885251,5,5,1.000000,1,1,-0.000299,-0.090669,0.070188,0.001014,0.000000,0.044014,-0.001915,0.211268
2498,31.026053,1000,1.228395,3,4,0.750000,0,1,-0.000303,-0.018500,0.036368,-0.000901,0.000000,0.015000,-0.000637,0.000000
2499,141.241048,277,106.305322,8,8,1.000000,1,1,-0.000300,-0.090253,0.021489,0.009329,0.000000,0.144404,-0.007987,0.433213
2500,128.662977,729,41.770424,7,7,1.000000,1,1,-0.000304,-0.032236,0.026238,0.003662,0.000000,0.048011,-0.033488,0.164609
2501,122.564891,24,1159.635567,1,1,1.000000,1,1,-0.000304,-0.125000,0.012840,0.011000,0.000000,0.208333,0.000000,5.000000
2502,83.720924,616,49.153212,6,6,1.000000,1,1,-0.000299,-0.120130,0.018135,0.001152,0.000000,0.048701,-0.006453,0.194805
2503,127.457078,60,468.157780,2,2,1.000000,1,1,-0.000298,-0.054167,0.010007,0.005825,0.000000,0.166667,-0.003750,2.000000
2504,123.597509,95,295.721752,2,2,1.000000,1,1,-0.000298,-0.073684,0.006661,0.000322,0.000000,0.105263,-0.000395,1.263158
2505,29.045528,514,63.729372,6,6,1.000000,1,1,-0.000297,-0.262160,0.025187,0.003191,0.000000,0.058366,-0.001240,0.233463
2506,-32.459675,1000,2.570034,5,6,0.833333,0,1,-0.000302,-0.068000,0.013463,0.001279,0.000000,0.025000,-0.003900,0.000000
2507,128.026324,637,46.703627,5,5,1.000000,1,1,-0.000299,-0.043564,0.017221,0.001526,0.000000,0.039246,-0.001531,0.188383
2508,147.995382,763,39.370564,7,7,1.000000,1,1,-0.000302,-0.034076,0.030685,0.001148,0.000000,0.045872,-0.006635,0.157274
2509,107.717132,188,149.758282,1,1,1.000000,1,1,-0.000300,-0.091755,0.000601,-0.000476,0.000000,0.026596,0.000000,0.638298
2510,166.681143,776,38.730076,7,7,1.000000,1,1,-0.000303,0.000000,0.027601,0.003558,0.000000,0.045103,-0.015802,0.154639
2511,-33.909704,1000,1.990666,3,4,0.750000,0,1,-0.000302,-0.044000,0.009209,0.001709,0.000000,0.015000,-0.015525,0.000000
2512,44.647239,1000,2.011755,7,8,0.875000,0,1,-0.000302,-0.021250,0.039983,0.000666,0.000000,0.035000,-0.009450,0.000000
2513,-154.407669,1000,6.410215,7,8,0.875000,0,1,-0.000298,-0.230000,0.044166,0.000925,0.000000,0.035000,-0.004200,0.000000
2514,204.585282,504,59.976918,8,8,1.000000,1,1,-0.000302,0.000000,0.094888,0.004964,0.000000,0.079365,-0.011086,0.238095
2515,42.016846,806,39.173816,5,5,1.000000,1,1,-0.000296,-0.149814,0.022173,0.000725,0.000000,0.031017,-0.000558,0.148883
2516,155.901240,678,42.767335,6,6,1.000000,1,1,-0.000302,-0.016593,0.024091,0.004218,0.000000,0.044248,-0.002710,0.176991
2517,-23.486739,1000,2.898786,6,7,0.857143,0,1,-0.000301,-0.094750,0.049599,0.000703,0.000000,0.030000,-0.008737,0.000000
2518,81.707620,785,38.657052,4,4,1.000000,1,1,-0.000299,-0.098089,0.031905,0.000250,0.000000,0.025478,-0.008025,0.152866
2519,-304.215177,1000,9.319028,5,6,0.833333,0,1,-0.000296,-0.308500,0.017213,0.000468,0.000000,0.025000,-0.038100,0.000000
2520,-105.546468,1000,3.036409,5,6,0.833333,0,1,-0.000299,-0.134250,0.015122,-0.000358,0.000000,0.025000,-0.010762,0.000000
2521,-62.997075,1000,2.077958,3,4,0.750000,0,1,-0.000300,-0.094250,0.016334,0.001306,0.000000,0.015000,-0.001087,0.000000
2522,142.549565,43,683.913429,5,5,1.000000,1,1,-0.000300,-0.104651,0.045425,0.012133,0.000000,0.581395,-0.009593,2.790698
2523,172.349969,738,40.303396,7,7,1.000000,1,1,-0.000305,0.000000,0.038209,0.004101,0.000000,0.047425,-0.018496,0.162602
2524,101.947579,729,39.732663,2,2,1.000000,1,1,-0.000301,-0.045953,0.008033,0.000410,0.000000,0.013717,-0.000669,0.164609
2525,101.219347,410,70.776709,1,1,1.000000,1,1,-0.000304,-0.056707,0.000092,-0.001082,0.000000,0.012195,0.000000,0.292683
2526,270.664232,996,30.532853,5,5,1.000000,1,1,-0.000302,-0.034137,0.168885,0.001851,0.000000,0.025100,-0.010128,0.120482
2527,164.560912,236,124.072744,6,6,1.000000,1,1,-0.000302,0.000000,0.067306,0.000892,0.000000,0.127119,-0.006197,0.508475
2528,126.818442,14,2030.932442,2,2,1.000000,1,1,-0.000297,-0.267857,0.008729,0.034849,0.000000,0.714286,-0.002679,8.571429
2529,161.460740,351,84.047494,7,7,1.000000,1,1,-0.000300,-0.001425,0.021802,0.005807,0.000000,0.099715,-0.007479,0.341880
2530,165.606399,777,37.968420,7,7,1.000000,1,1,-0.000303,0.000000,0.023995,0.001590,0.000000,0.045045,-0.011631,0.154440
2531,149.427100,357,82.032228,6,6,1.000000,1,1,-0.000297,-0.056723,0.052538,0.005083,0.000000,0.084034,-0.002206,0.336134
2532,149.779350,391,74.148303,6,6,1.000000,1,1,-0.000297,-0.006394,0.016047,0.004849,0.000000,0.076726,-0.014770,0.306905
2533,124.336334,93,297.150023,1,1,1.000000,1,1,-0.000296,-0.013441,0.000839,0.005762,0.000000,0.053763,0.000000,1.290323
2534,141.247797,498,62.608859,5,5,1.000000,1,1,-0.000302,-0.056727,0.050523,0.001531,0.000000,0.050201,-0.002560,0.240964
2535,158.070647,672,45.147590,7,7,1.000000,1,1,-0.000303,-0.047247,0.055342,0.002916,0.000000,0.052083,-0.006138,0.178571
2536,126.681537,718,41.424444,4,4,1.000000,1,1,-0.000302,-0.048050,0.031474,0.001463,0.000000,0.027855,-0.003134,0.167131
2537,118.960009,333,85.033460,2,2,1.000000,1,1,-0.000305,-0.033033,0.005947,0.003246,0.000000,0.030030,-0.009009,0.360360
2538,136.599087,630,47.032385,5,5,1.000000,1,1,-0.000302,-0.027381,0.016474,0.002278,0.000000,0.039683,-0.004405,0.190476
2539,68.165827,1000,1.764946,3,4,0.750000,0,1,-0.000305,0.000000,0.058351,-0.001017,0.000000,0.015000,-0.003863,0.000000
2540,72.998935,610,50.739418,6,6,1.000000,1,1,-0.000298,-0.135656,0.011444,0.000860,0.000000,0.049180,-0.002582,0.196721
2541,-270.218622,1000,7.567270,0,1,0.000000,0,0,-0.000299,-0.278500,0.008419,0.000161,0.000000,0.000000,0.000000,0.000000
2542,100.875044,900,33.796930,3,3,1.000000,1,1,-0.000298,-0.041111,0.005916,0.000534,0.000000,0.016667,-0.002958,0.133333
2543,136.882095,360,80.642964,4,4,1.000000,1,1,-0.000299,-0.018056,0.024191,0.003523,0.000000,0.055556,-0.018021,0.333333
2544,136.515181,427,67.324100,3,3,1.000000,1,1,-0.000302,0.000000,0.003527,0.001377,0.000000,0.035129,-0.001054,0.281030
2545,-63.275234,1000,2.904529,5,6,0.833333,0,1,-0.000301,-0.111250,0.027561,0.000890,0.000000,0.025000,-0.005175,0.000000
2546,113.662399,434,66.121139,1,1,1.000000,1,1,-0.000300,-0.028226,0.003002,-0.000600,0.000000,0.011521,0.000000,0.276498
2547,119.672529,263,105.918648,1,1,1.000000,1,1,-0.000301,-0.023764,0.002308,0.001501,0.000000,0.019011,0.000000,0.456274
2548,141.051670,599,47.869607,3,3,1.000000,1,1,-0.000306,0.000000,0.019780,0.000958,0.000000,0.025042,-0.010330,0.200334
2549,168.293817,223,131.423003,7,7,1.000000,1,1,-0.000303,0.000000,0.057255,0.008042,0.000000,0.156951,-0.005381,0.538117
2550,136.267875,613,49.128853,8,8,1.000000,1,1,-0.000297,-0.098287,0.058900,0.003417,0.000000,0.065253,-0.002447,0.195759
2551,-31.951951,1000,2.416255,4,5,0.800000,0,1,-0.000300,-0.080750,0.032006,0.000205,0.000000,0.020000,-0.003113,0.000000
2552,159.909274,309,105.936707,7,7,1.000000,1,1,-0.000303,-0.008091,0.027181,0.002562,0.000000,0.113269,-0.005461,0.388350
2553,157.371157,278,104.314155,7,7,1.000000,1,1,-0.000308,0.000000,0.018383,0.008260,0.000000,0.125899,-0.017806,0.431655
2554,148.662132,103,279.440322,3,3,1.000000,1,1,-0.000305,0.000000,0.122116,0.016656,0.000000,0.145631,-0.005825,1.165049
2555,-83.807314,1000,2.693076,2,3,0.666667,0,1,-0.000299,-0.097000,0.005811,-0.000481,0.000000,0.010000,-0.001838,0.000000
2556,40.686527,1000,1.784654,3,4,0.750000,0,1,-0.000304,-0.001000,0.029062,0.001003,0.000000,0.015000,-0.003075,0.000000
2557,126.489871,151,183.987289,1,1,1.000000,1,1,-0.000299,0.000000,0.008212,0.001954,0.000000,0.033113,0.000000,0.794702
2558,138.045703,52,584.890196,4,4,1.000000,1,1,-0.000304,-0.076923,0.015458,0.028513,0.000000,0.384615,-0.004327,2.307692
2559,-5.063080,1000,2.900995,7,8,0.875000,0,1,-0.000301,-0.089250,0.061077,0.001836,0.000000,0.035000,-0.013425,0.000000
2560,110.395519,572,51.610407,6,6,1.000000,1,1,-0.000300,-0.073427,0.014271,0.002280,0.000000,0.052448,-0.012063,0.209790
2561,122.661105,16,1712.662430,1,1,1.000000,1,1,-0.000310,-0.140625,0.000000,-0.005245,0.000000,0.312500,0.000000,7.500000
2562,150.265177,743,39.276537,3,3,1.000000,1,1,-0.000301,0.000000,0.020689,0.002479,0.000000,0.020188,-0.002322,0.161507
2563,131.531554,138,202.057570,3,3,1.000000,1,1,-0.000297,-0.034420,0.010706,0.006758,0.000000,0.108696,-0.007880,0.869565
2564,126.908301,250,112.034120,2,2,1.000000,1,1,-0.000296,-0.054000,0.042939,0.006491,0.000000,0.040000,-0.007500,0.480000
2565,134.192372,120,234.036911,2,2,1.000000,1,1,-0.000297,-0.035417,0.062129,0.008834,0.000000,0.083333,-0.000313,1.000000
2566,26.486987,1000,2.944174,4,5,0.800000,0,1,-0.000301,-0.004250,0.028070,-0.000682,0.000000,0.020000,-0.016350,0.000000
2567,184.789468,629,47.377934,7,7,1.000000,1,1,-0.000300,0.000000,0.050014,0.000030,0.000000,0.055644,-0.002385,0.190779
2568,44.226596,1000,2.291760,3,4,0.750000,0,1,-0.000302,0.000000,0.030701,0.000177,0.000000,0.015000,-0.001350,0.000000
2569,99.321207,948,31.927536,2,2,1.000000,1,1,-0.000298,-0.067247,0.040205,0.000833,0.000000,0.010549,-0.005854,0.126582
2570,26.259805,1000,1.881641,3,4,0.750000,0,1,-0.000301,-0.018500,0.035156,-0.000446,0.000000,0.015000,-0.004650,0.000000
2571,140.774296,1000,2.437213,2,3,0.666667,0,1,-0.000302,0.000000,0.132594,-0.000130,0.000000,0.010000,-0.001388,0.000000
2572,47.351270,828,36.036593,2,2,1.000000,1,1,-0.000299,-0.108696,0.007905,0.001317,0.000000,0.012077,-0.000045,0.144928
2573,195.467830,772,38.290575,5,5,1.000000,1,1,-0.000301,-0.002915,0.075028,0.003129,0.000000,0.032383,-0.009569,0.155440
2574,138.970270,407,71.342584,4,4,1.000000,1,1,-0.000295,-0.014128,0.013711,0.002235,0.000000,0.049140,-0.004054,0.294840
2575,167.732759,633,46.864494,7,7,1.000000,1,1,-0.000300,-0.002370,0.026604,0.002520,0.000000,0.055292,-0.006339,0.189573
2576,132.511699,231,123.562025,4,4,1.000000,1,1,-0.000300,-0.047619,0.014284,0.004951,0.000000,0.086580,-0.003734,0.519481
2577,-139.592300,1000,3.983344,1,2,0.500000,0,1,-0.000299,-0.155750,0.011761,0.000183,0.000000,0.005000,-0.000487,0.000000
2578,168.498876,667,44.646824,7,7,1.000000,1,1,-0.000301,-0.005247,0.035667,0.004457,0.000000,0.052474,-0.014337,0.179910
2579,153.620028,737,39.103811,4,4,1.000000,1,1,-0.000300,-0.001357,0.020836,0.001082,0.000000,0.027137,-0.001781,0.162822
2580,-197.705956,1000,6.763536,4,5,0.800000,0,1,-0.000299,-0.223250,0.006934,0.000747,0.000000,0.020000,-0.001838,0.000000
2581,99.786958,431,67.670174,2,2,1.000000,1,1,-0.000299,-0.076566,0.006242,0.000611,0.000000,0.023202,-0.000087,0.278422
2582,160.542513,522,57.695313,5,5,1.000000,1,1,-0.000299,-0.004789,0.044380,0.000468,0.000000,0.047893,-0.009986,0.229885
2583,119.439125,605,48.314698,4,4,1.000000,1,1,-0.000301,-0.023554,0.008604,0.003642,0.000000,0.033058,-0.022376,0.198347
2584,46.366103,1000,2.289025,7,8,0.875000,0,1,-0.000301,-0.037250,0.054878,0.000563,0.000000,0.035000,-0.006525,0.000000
2585,-73.907071,1000,4.720013,6,7,0.857143,0,1,-0.000300,-0.130250,0.033014,0.000229,0.000000,0.030000,-0.006600,0.000000
2586,32.651256,479,61.901251,1,1,1.000000,1,1,-0.000299,-0.194676,0.000754,0.001427,0.000000,0.010438,0.000000,0.250522
2587,117.071240,135,213.412203,2,2,1.000000,1,1,-0.000300,-0.096296,0.005848,-0.003076,0.000000,0.074074,-0.001944,0.888889
2588,164.073686,439,66.868112,7,7,1.000000,1,1,-0.000301,0.000000,0.032597,0.002809,0.000000,0.079727,-0.014436,0.273349
2589,122.723681,67,419.874781,2,2,1.000000,1,1,-0.000298,-0.104478,0.013398,-0.013866,0.000000,0.149254,-0.003358,1.791045
2590,129.738049,845,36.193653,8,8,1.000000,1,1,-0.000300,-0.045858,0.013273,0.001332,0.000000,0.047337,-0.004260,0.142012
2591,66.305919,678,44.438590,3,3,1.000000,1,1,-0.000301,-0.108776,0.009436,0.002414,0.000000,0.022124,-0.004093,0.176991
2592,133.719130,657,46.283267,7,7,1.000000,1,1,-0.000302,-0.067732,0.036628,0.003981,0.000000,0.053272,-0.004966,0.182648
2593,67.603939,565,51.565236,2,2,1.000000,1,1,-0.000299,-0.126991,0.016194,0.000993,0.000000,0.017699,-0.000332,0.212389
2594,16.741463,1000,2.776418,7,8,0.875000,0,1,-0.000300,-0.081750,0.068853,0.000301,0.000000,0.035000,-0.005362,0.000000
2595,12.504544,1000,1.822546,5,6,0.833333,0,1,-0.000300,-0.061500,0.053090,0.000527,0.000000,0.025000,-0.004313,0.000000
2596,118.068206,270,104.954143,2,2,1.000000,1,1,-0.000299,-0.053704,0.007930,0.002020,0.000000,0.037037,-0.000139,0.444444
2597,141.073990,950,31.952625,7,7,1.000000,1,1,-0.000302,-0.042368,0.031180,0.001213,0.000000,0.036842,-0.004382,0.126316
2598,114.500433,250,115.262219,2,2,1.000000,1,1,-0.000303,-0.077000,0.012686,0.002769,0.000000,0.040000,-0.000150,0.480000
2599,51.736299,428,72.299716,6,6,1.000000,1,1,-0.000296,-0.275701,0.046879,0.001107,0.000000,0.070093,-0.001577,0.280374
2600,44.178223,1000,1.694111,5,7,0.714286,0,1,-0.000301,0.000000,0.025041,0.002238,0.000000,0.025000,-0.007800,0.000000
2601,-75.604414,1000,2.846862,5,6,0.833333,0,1,-0.000300,-0.112500,0.016932,-0.000049,0.000000,0.025000,-0.004687,0.000000
2602,125.410468,10,2684.025833,1,1,1.000000,1,1,-0.000294,0.000000,0.004479,0.036862,0.000000,0.500000,0.000000,12.000000
2603,157.686992,580,49.775965,3,3,1.000000,1,1,-0.000300,0.000000,0.040769,0.000845,0.000000,0.025862,-0.002198,0.206897
2604,22.545178,1000,1.244510,5,6,0.833333,0,1,-0.000299,-0.025500,0.026650,0.000969,0.000000,0.025000,-0.004275,0.000000
2605,120.650557,80,352.470873,1,1,1.000000,1,1,-0.000302,-0.046875,0.003306,-0.010497,0.000000,0.062500,0.000000,1.500000
2606,107.501799,428,68.468918,3,3,1.000000,1,1,-0.000300,-0.099299,0.032896,0.003244,0.000000,0.035047,-0.000789,0.280374
2607,124.803598,883,34.622138,5,5,1.000000,1,1,-0.000300,-0.050113,0.028593,0.000646,0.000000,0.028313,-0.001699,0.135900
2608,13.961124,1000,1.253138,3,7,0.428571,0,1,-0.000300,0.000000,0.000754,-0.000331,0.000000,0.015000,-0.001163,0.000000
2609,135.051645,660,45.729369,7,7,1.000000,1,1,-0.000300,-0.062500,0.034969,0.002549,0.000000,0.053030,-0.004943,0.181818
2610,139.030532,297,96.170606,3,3,1.000000,1,1,-0.000302,0.000000,0.013275,0.001608,0.000000,0.050505,-0.001010,0.404040
2611,145.376382,526,60.380018,8,8,1.000000,1,1,-0.000300,-0.068441,0.050798,0.003402,0.000000,0.076046,-0.013260,0.228137
2612,123.190263,771,39.075634,6,6,1.000000,1,1,-0.000300,-0.069390,0.037500,0.002427,0.000000,0.038911,-0.005010,0.155642
2613,-41.321181,1000,2.351905,5,6,0.833333,0,1,-0.000300,-0.093750,0.032149,0.000717,0.000000,0.025000,-0.005137,0.000000
2614,100.254502,194,145.703850,1,1,1.000000,1,1,-0.000295,-0.143041,0.009095,0.006686,0.000000,0.025773,0.000000,0.618557
2615,-51.467327,1000,3.058626,5,8,0.625000,0,1,-0.000299,-0.135250,0.066211,0.001008,0.000000,0.025000,-0.008137,0.000000
2616,41.509973,1000,2.251951,7,8,0.875000,0,1,-0.000299,-0.056000,0.067491,0.000380,0.000000,0.035000,-0.005062,0.000000
2617,79.925668,211,137.815780,3,3,1.000000,1,1,-0.000298,-0.272512,0.015533,0.002659,0.000000,0.071090,-0.006398,0.568720
2618,144.496241,315,99.203249,6,6,1.000000,1,1,-0.000298,-0.036508,0.018625,0.003447,0.000000,0.095238,-0.002738,0.380952
2619,132.380780,232,124.625743,3,3,1.000000,1,1,-0.000302,-0.028017,0.018048,0.000922,0.000000,0.064655,-0.001940,0.517241
2620,120.967119,182,156.291420,2,2,1.000000,1,1,-0.000304,-0.070055,0.018460,0.003092,0.000000,0.054945,-0.000824,0.659341
2621,119.168045,31,902.426445,1,1,1.000000,1,1,-0.000299,-0.225806,0.003485,0.034493,0.000000,0.161290,0.000000,3.870968
2622,108.632714,657,44.194394,1,1,1.000000,1,1,-0.000299,-0.027017,0.000943,0.001461,0.000000,0.007610,0.000000,0.182648
2623,72.286193,733,40.670282,6,6,1.000000,1,1,-0.000298,-0.119714,0.016835,0.002117,0.000000,0.040928,-0.004962,0.163711
2624,31.770198,1000,1.210785,1,4,0.250000,0,1,-0.000300,0.000000,0.028067,-0.000434,0.000000,0.005000,-0.000562,0.000000
2625,64.643775,848,37.954660,8,8,1.000000,1,1,-0.000301,-0.145932,0.038191,0.002625,0.000000,0.047170,-0.007031,0.141509
2626,237.822138,703,42.446000,3,3,1.000000,1,1,-0.000300,0.000000,0.148224,0.000312,0.000000,0.021337,-0.001974,0.170697
2627,36.179115,1000,1.132762,2,4,0.500000,0,1,-0.000301,0.000000,0.029275,-0.001482,0.000000,0.010000,-0.001313,0.000000
2628,14.379279,1000,1.676989,5,6,0.833333,0,1,-0.000302,-0.030500,0.022396,0.002623,0.000000,0.025000,-0.004837,0.000000
2629,94.652615,364,80.353363,3,3,1.000000,1,1,-0.000295,-0.119505,0.008241,0.001128,0.000000,0.041209,-0.000412,0.329670
2630,148.969864,591,49.008224,4,4,1.000000,1,1,-0.000302,0.000000,0.017497,0.000965,0.000000,0.033841,-0.002982,0.203046
2631,38.249613,596,51.673078,1,1,1.000000,1,1,-0.000297,-0.167366,0.020944,0.001164,0.000000,0.008389,0.000000,0.201342
2632,119.126357,81,352.245436,1,1,1.000000,1,1,-0.000302,-0.064815,0.000121,-0.007518,0.000000,0.061728,0.000000,1.481481
2633,117.863553,467,64.524534,6,6,1.000000,1,1,-0.000301,-0.128480,0.080008,0.003807,0.000000,0.064240,-0.023849,0.256959
2634,119.179722,288,103.469932,6,6,1.000000,1,1,-0.000302,-0.127604,0.031955,0.005603,0.000000,0.104167,-0.016667,0.416667
2635,127.604988,245,115.516210,2,2,1.000000,1,1,-0.000295,-0.025510,0.013717,0.004609,0.000000,0.040816,-0.002296,0.489796
2636,151.355284,756,38.491486,4,4,1.000000,1,1,-0.000301,-0.010582,0.023742,0.003451,0.000000,0.026455,-0.001290,0.158730
2637,114.027308,33,815.840649,1,1,1.000000,1,1,-0.000303,-0.356061,0.016085,0.007773,0.000000,0.151515,0.000000,3.636364
2638,32.036832,1000,2.312112,5,7,0.714286,0,1,-0.000298,-0.013000,0.037116,0.000506,0.000000,0.025000,-0.017287,0.000000
2639,162.031644,854,34.180687,5,5,1.000000,1,1,-0.000299,-0.012295,0.033057,0.001851,0.000000,0.029274,-0.002371,0.140515
2640,99.702338,768,38.067295,3,3,1.000000,1,1,-0.000299,-0.048177,0.002931,0.000464,0.000000,0.019531,-0.000879,0.156250
2641,113.758134,843,35.123935,4,4,1.000000,1,1,-0.000301,-0.042705,0.012354,0.002458,0.000000,0.023725,-0.002936,0.142349
2642,112.934880,446,63.339868,2,2,1.000000,1,1,-0.000297,-0.049327,0.009435,0.002684,0.000000,0.022422,-0.000757,0.269058
2643,113.633492,672,43.931073,3,3,1.000000,1,1,-0.000299,-0.037574,0.006878,0.000929,0.000000,0.022321,-0.001730,0.178571
2644,174.456853,870,33.776159,6,6,1.000000,1,1,-0.000302,0.000000,0.029427,0.000323,0.000000,0.034483,-0.001336,0.137931
2645,108.768391,585,49.380450,1,1,1.000000,1,1,-0.000301,-0.027778,0.000333,-0.000001,0.000000,0.008547,0.000000,0.205128
2646,100.991966,939,32.635517,8,8,1.000000,1,1,-0.000300,-0.068690,0.011266,0.003030,0.000000,0.042599,-0.008147,0.127796
2647,124.749698,135,210.133505,1,1,1.000000,1,1,-0.000295,0.000000,0.001339,-0.002898,0.000000,0.037037,0.000000,0.888889
2648,98.472398,744,40.006013,6,6,1.000000,1,1,-0.000299,-0.089046,0.034722,0.002956,0.000000,0.040323,-0.017591,0.161290
2649,30.223921,390,79.838362,3,3,1.000000,1,1,-0.000296,-0.269231,0.002393,-0.000273,0.000000,0.038462,-0.001250,0.307692
2650,-48.481449,1000,4.242344,6,8,0.750000,0,1,-0.000299,-0.150000,0.075459,0.000709,0.000000,0.030000,-0.004350,0.000000
2651,104.197403,601,47.595066,1,1,1.000000,1,1,-0.000297,-0.034526,0.001671,-0.001461,0.000000,0.008319,0.000000,0.199667
2652,119.267558,49,574.012714,1,1,1.000000,1,1,-0.000300,-0.137755,0.023389,-0.002322,0.000000,0.102041,0.000000,2.448980
2653,140.899489,304,95.939418,2,2,1.000000,1,1,-0.000295,-0.001645,0.040353,0.002375,0.000000,0.032895,-0.004934,0.394737
2654,136.342641,110,262.579649,6,6,1.000000,1,1,-0.000300,-0.138636,0.012801,0.012546,0.000000,0.272727,-0.010568,1.090909
2655,108.071434,246,116.072523,2,2,1.000000,1,1,-0.000298,-0.092480,0.004373,-0.000126,0.000000,0.040650,-0.000610,0.487805
2656,100.446387,468,61.822073,1,1,1.000000,1,1,-0.000298,-0.055021,0.003446,-0.000591,0.000000,0.010684,0.000000,0.256410
2657,123.346563,673,42.816367,4,4,1.000000,1,1,-0.000298,-0.034918,0.011305,0.001117,0.000000,0.029718,-0.001950,0.178306
2658,162.523124,710,42.006243,8,8,1.000000,1,1,-0.000298,-0.033099,0.041387,0.002218,0.000000,0.056338,-0.006655,0.169014
2659,172.247712,965,31.793315,8,8,1.000000,1,1,-0.000298,-0.063472,0.083102,0.001636,0.000000,0.041451,-0.008277,0.124352
2660,120.564082,28,992.934723,1,1,1.000000,1,1,-0.000298,-0.232143,0.003677,0.070339,0.000000,0.178571,0.000000,4.285714
2661,136.177429,441,65.859537,5,5,1.000000,1,1,-0.000297,-0.032313,0.018406,0.000916,0.000000,0.056689,-0.006718,0.272109
2662,78.602033,919,32.342928,2,2,1.000000,1,1,-0.000298,-0.053863,0.005085,0.000207,0.000000,0.010881,-0.007059,0.130577
2663,70.201362,256,112.918459,1,1,1.000000,1,1,-0.000297,-0.233398,0.019632,0.000006,0.000000,0.019531,0.000000,0.468750
2664,43.095277,1000,2.913598,7,8,0.875000,0,1,-0.000297,-0.066500,0.080702,0.001390,0.000000,0.035000,-0.007200,0.000000
2665,128.351978,841,34.667117,3,3,1.000000,1,1,-0.000297,-0.007729,0.010746,0.000790,0.000000,0.017836,-0.011415,0.142687
2666,32.440340,1000,1.277576,3,5,0.600000,0,1,-0.000297,-0.019000,0.037689,0.000174,0.000000,0.015000,-0.001125,0.000000
2667,82.768346,950,33.227391,3,3,1.000000,1,1,-0.000298,-0.062895,0.007817,0.000750,0.000000,0.015789,-0.000355,0.126316
2668,138.477211,997,29.266352,4,4,1.000000,1,1,-0.000297,-0.009529,0.009472,0.000857,0.000000,0.020060,-0.002031,0.120361
2669,20.130700,1000,2.407066,5,7,0.714286,0,1,-0.000301,-0.041000,0.056051,0.000443,0.000000,0.025000,-0.020063,0.000000
2670,140.600338,981,29.825674,5,5,1.000000,1,1,-0.000297,-0.024975,0.028175,0.001060,0.000000,0.025484,-0.008448,0.122324
2671,31.790283,1000,1.346201,6,7,0.857143,0,1,-0.000300,0.000000,0.002316,0.001012,0.000000,0.030000,-0.001238,0.000000
2672,33.162110,1000,1.955915,7,8,0.875000,0,1,-0.000300,-0.006250,0.008236,0.000151,0.000000,0.035000,-0.003675,0.000000
2673,174.752460,408,72.996986,7,7,1.000000,1,1,-0.000300,-0.017157,0.068292,0.002909,0.000000,0.085784,-0.005331,0.294118
2674,157.255624,278,109.378977,8,8,1.000000,1,1,-0.000301,-0.044065,0.034973,0.005996,0.000000,0.143885,-0.006475,0.431655
2675,133.852396,468,63.951680,5,5,1.000000,1,1,-0.000299,-0.068376,0.042309,0.003267,0.000000,0.053419,-0.000721,0.256410
2676,112.819450,477,59.410377,1,1,1.000000,1,1,-0.000299,-0.031447,0.005798,0.000412,0.000000,0.010482,0.000000,0.251572
2677,20.811787,1000,1.447916,6,7,0.857143,0,1,-0.000301,-0.022000,0.017534,0.001241,0.000000,0.030000,-0.005662,0.000000
2678,101.401353,185,153.910151,1,1,1.000000,1,1,-0.000300,-0.131081,0.003904,-0.000083,0.000000,0.027027,0.000000,0.648649
2679,90.628293,921,34.307214,8,8,1.000000,1,1,-0.000301,-0.157438,0.087385,0.001383,0.000000,0.043431,-0.006352,0.130293
2680,119.854172,70,399.848124,3,3,1.000000,1,1,-0.000300,-0.214286,0.009272,-0.004627,0.000000,0.214286,-0.006429,1.714286
2681,119.227304,649,47.321957,4,4,1.000000,1,1,-0.000302,-0.028891,0.008916,0.002253,0.000000,0.030817,-0.013983,0.184900
2682,126.638347,503,57.993311,3,3,1.000000,1,1,-0.000301,-0.038767,0.019285,0.003682,0.000000,0.029821,-0.000522,0.238569
2683,23.822868,1000,0.961473,2,3,0.666667,0,1,-0.000303,0.000000,0.018496,-0.000470,0.000000,0.010000,-0.003900,0.000000
2684,124.948705,469,62.136064,3,3,1.000000,1,1,-0.000301,-0.027186,0.010564,0.002606,0.000000,0.031983,-0.007116,0.255864
2685,124.107459,5,4397.524628,1,1,1.000000,1,1,-0.000319,-0.250000,0.021301,0.050511,0.000000,1.000000,0.000000,24.000000
2686,-53.141267,1000,2.947709,2,3,0.666667,0,1,-0.000301,-0.068500,0.009932,-0.000597,0.000000,0.010000,-0.003675,0.000000
2687,122.930354,95,295.640268,1,1,1.000000,1,1,-0.000300,-0.028947,0.002423,0.005038,0.000000,0.052632,0.000000,1.263158
2688,34.016116,1000,2.325076,7,8,0.875000,0,1,-0.000302,-0.011500,0.022584,0.001097,0.000000,0.035000,-0.012862,0.000000
2689,30.232104,1000,1.839052,6,7,0.857143,0,1,-0.000304,0.000000,0.003939,0.000910,0.000000,0.030000,-0.004313,0.000000
2690,24.297239,1000,1.784332,5,6,0.833333,0,1,-0.000303,0.000000,0.012134,-0.000572,0.000000,0.025000,-0.011962,0.000000
2691,125.338970,10,2707.205017,1,1,1.000000,1,1,-0.000303,0.000000,0.008720,0.025480,0.000000,0.500000,0.000000,12.000000
2692,144.433784,699,41.909950,8,8,1.000000,1,1,-0.000299,-0.049356,0.026818,0.001963,0.000000,0.057225,-0.001395,0.171674
2693,134.968244,536,54.097961,3,3,1.000000,1,1,-0.000302,0.000000,0.000866,-0.000343,0.000000,0.027985,-0.000280,0.223881
2694,120.975230,450,62.985430,1,1,1.000000,1,1,-0.000300,-0.013889,0.006899,-0.001654,0.000000,0.011111,0.000000,0.266667
2695,84.904484,308,93.194100,1,1,1.000000,1,1,-0.000299,-0.131494,0.003183,-0.001571,0.000000,0.016234,0.000000,0.389610
2696,155.152627,397,73.931969,5,5,1.000000,1,1,-0.000304,0.000000,0.031503,0.003064,0.000000,0.062972,-0.008690,0.302267
2697,86.133462,999,31.187137,6,6,1.000000,1,1,-0.000299,-0.099850,0.037331,0.002190,0.000000,0.030030,-0.003303,0.120120
2698,29.544308,1000,1.256172,3,4,0.750000,0,1,-0.000304,0.000000,0.018190,0.000334,0.000000,0.015000,-0.003675,0.000000
2699,157.422916,449,65.225405,5,5,1.000000,1,1,-0.000306,0.000000,0.035626,0.001618,0.000000,0.055679,-0.009271,0.267261
2700,146.245077,223,131.280332,5,5,1.000000,1,1,-0.000304,-0.043722,0.048395,0.005082,0.000000,0.112108,-0.003868,0.538117
2701,124.325275,129,216.298648,2,2,1.000000,1,1,-0.000301,-0.048450,0.001558,0.003785,0.000000,0.077519,-0.000581,0.930233
2702,-21.594383,1000,3.105261,6,8,0.750000,0,1,-0.000300,-0.071500,0.024060,0.000833,0.000000,0.030000,-0.004688,0.000000
2703,109.249588,563,55.884820,3,3,1.000000,1,1,-0.000303,-0.072380,0.025552,0.003058,0.000000,0.026643,-0.001665,0.213144
2704,138.581818,188,152.468759,4,4,1.000000,1,1,-0.000302,-0.026596,0.025980,0.007138,0.000000,0.106383,-0.013763,0.638298
2705,139.658561,268,108.095814,6,6,1.000000,1,1,-0.000298,-0.106343,0.070146,0.007982,0.000000,0.111940,-0.010075,0.447761
2706,134.458563,704,41.969924,7,7,1.000000,1,1,-0.000300,-0.056108,0.026815,0.003770,0.000000,0.049716,-0.003356,0.170455
2707,148.582408,794,37.315607,5,5,1.000000,1,1,-0.000303,-0.013539,0.022196,0.002345,0.000000,0.031486,-0.006187,0.151134
2708,122.073185,84,329.579077,1,1,1.000000,1,1,-0.000298,-0.038690,0.004674,-0.000528,0.000000,0.059524,0.000000,1.428571
2709,121.997495,309,93.198689,3,3,1.000000,1,1,-0.000301,-0.050971,0.011281,0.001310,0.000000,0.048544,-0.003398,0.388350
2710,130.005776,238,118.697873,5,5,1.000000,1,1,-0.000300,-0.054622,0.024087,0.007382,0.000000,0.105042,-0.039548,0.504202
2711,159.235155,530,55.849415,7,7,1.000000,1,1,-0.000304,-0.007547,0.020395,0.005353,0.000000,0.066038,-0.009906,0.226415
2712,163.669534,237,120.785653,6,6,1.000000,1,1,-0.000305,0.000000,0.059109,0.006943,0.000000,0.126582,-0.008070,0.506329
2713,144.431764,279,101.737785,4,4,1.000000,1,1,-0.000305,0.000000,0.014810,0.004067,0.000000,0.071685,-0.002688,0.430108
2714,120.130832,448,64.427533,5,5,1.000000,1,1,-0.000300,-0.084263,0.027747,0.003984,0.000000,0.055804,-0.002679,0.267857
2715,-9.824336,1000,4.067990,7,8,0.875000,0,1,-0.000302,-0.047500,0.010038,0.000027,0.000000,0.035000,-0.007087,0.000000
2716,122.684178,586,48.779832,1,1,1.000000,1,1,-0.000302,-0.004266,0.000542,0.000074,0.000000,0.008532,0.000000,0.204778
2717,-64.471597,1000,4.425028,4,6,0.666667,0,1,-0.000299,-0.093750,0.012361,0.000479,0.000000,0.020000,-0.003263,0.000000
2718,136.216084,470,60.557129,3,3,1.000000,1,1,-0.000301,0.000000,0.005932,0.000388,0.000000,0.031915,-0.003431,0.255319
2719,-90.508912,1000,4.132266,3,4,0.750000,0,1,-0.000300,-0.134750,0.033785,-0.000380,0.000000,0.015000,-0.003863,0.000000
2720,34.064243,681,45.559408,6,6,1.000000,1,1,-0.000298,-0.181351,0.016232,0.001286,0.000000,0.044053,-0.006112,0.176211
2721,133.632963,318,90.362264,4,4,1.000000,1,1,-0.000300,-0.040881,0.019561,0.002541,0.000000,0.062893,-0.000943,0.377358
2722,-19.204112,1000,1.767694,3,4,0.750000,0,1,-0.000298,-0.048000,0.016382,0.000524,0.000000,0.015000,-0.002813,0.000000
2723,38.853168,605,50.305754,3,3,1.000000,1,1,-0.000298,-0.166942,0.007154,0.001599,0.000000,0.024793,-0.000434,0.198347
2724,13.554117,780,41.600487,1,1,1.000000,1,1,-0.000300,-0.143910,0.000394,0.000937,0.000000,0.006410,0.000000,0.153846
2725,108.115915,727,39.891147,2,2,1.000000,1,1,-0.000299,-0.034044,0.003456,0.000991,0.000000,0.013755,-0.000206,0.165062
2726,105.377393,362,77.966369,2,2,1.000000,1,1,-0.000299,-0.076657,0.010320,-0.000553,0.000000,0.027624,-0.000829,0.331492
2727,109.544357,380,74.836808,2,2,1.000000,1,1,-0.000301,-0.057237,0.003658,0.001234,0.000000,0.026316,-0.001184,0.315789
2728,156.377449,542,54.379153,5,5,1.000000,1,1,-0.000300,-0.134225,0.155314,0.003039,0.000000,0.046125,-0.002837,0.221402
2729,147.222729,598,49.233027,6,6,1.000000,1,1,-0.000304,-0.019649,0.018209,0.003371,0.000000,0.050167,-0.006271,0.200669
2730,128.834703,42,674.851208,2,2,1.000000,1,1,-0.000301,-0.053571,0.038538,-0.007947,0.000000,0.238095,-0.004464,2.857143
2731,173.415079,763,39.747456,8,8,1.000000,1,1,-0.000307,-0.002294,0.023631,0.001466,0.000000,0.052425,-0.004915,0.157274
2732,111.010815,157,178.653959,1,1,1.000000,1,1,-0.000300,-0.092357,0.005285,-0.001731,0.000000,0.031847,0.000000,0.764331
2733,70.612684,840,35.883216,6,6,1.000000,1,1,-0.000301,-0.107440,0.018623,0.001931,0.000000,0.035714,-0.007321,0.142857
2734,114.471333,481,61.227844,6,6,1.000000,1,1,-0.000300,-0.098233,0.026068,0.003200,0.000000,0.062370,-0.004600,0.249480
2735,106.119163,783,39.967290,7,7,1.000000,1,1,-0.000300,-0.102810,0.047534,0.001433,0.000000,0.044700,-0.008285,0.153257
2736,46.086056,1000,2.074274,7,8,0.875000,0,1,-0.000303,-0.017250,0.034451,0.000526,0.000000,0.035000,-0.006337,0.000000
2737,103.443143,512,57.310161,4,4,1.000000,1,1,-0.000300,-0.087402,0.015726,0.002188,0.000000,0.039062,-0.001611,0.234375
2738,125.412065,10,2673.408264,1,1,1.000000,1,1,-0.000313,0.000000,0.013132,0.028387,0.000000,0.500000,0.000000,12.000000
2739,-97.179103,1000,3.306263,2,3,0.666667,0,1,-0.000297,-0.145750,0.041571,0.000073,0.000000,0.010000,-0.002775,0.000000
2740,35.063655,1000,2.159903,6,7,0.857143,0,1,-0.000301,-0.001750,0.011221,0.001481,0.000000,0.030000,-0.005587,0.000000
2741,-9.195566,1000,1.305524,1,2,0.500000,0,1,-0.000301,-0.016750,0.004446,-0.000128,0.000000,0.005000,-0.001463,0.000000
2742,164.395180,563,53.160500,8,8,1.000000,1,1,-0.000302,-0.020870,0.033133,0.001974,0.000000,0.071048,-0.006128,0.213144
2743,140.391690,718,41.083581,6,6,1.000000,1,1,-0.000298,-0.037604,0.025396,0.001683,0.000000,0.041783,-0.002559,0.167131
2744,12.749987,1000,2.217762,6,7,0.857143,0,1,-0.000301,-0.035000,0.018729,0.002323,0.000000,0.030000,-0.003000,0.000000
2745,114.529525,272,106.494585,2,2,1.000000,1,1,-0.000300,-0.057904,0.003743,-0.000347,0.000000,0.036765,-0.002068,0.441176
2746,108.652426,281,102.698469,2,2,1.000000,1,1,-0.000298,-0.081851,0.006636,-0.000058,0.000000,0.035587,-0.000400,0.427046
2747,46.276841,1000,1.420474,5,7,0.714286,0,1,-0.000303,-0.007000,0.031264,0.000616,0.000000,0.025000,-0.003300,0.000000
2748,-160.889767,1000,4.575595,5,6,0.833333,0,1,-0.000301,-0.203250,0.020791,0.000320,0.000000,0.025000,-0.003450,0.000000
2749,-50.700581,1000,1.666537,2,3,0.666667,0,1,-0.000299,-0.092750,0.034009,-0.000422,0.000000,0.010000,-0.001238,0.000000
2750,112.383681,272,106.731673,3,3,1.000000,1,1,-0.000298,-0.085478,0.003894,0.000388,0.000000,0.055147,-0.001654,0.441176
2751,118.545257,262,109.247613,2,2,1.000000,1,1,-0.000296,-0.050573,0.004542,0.003179,0.000000,0.038168,-0.000573,0.458015
2752,85.700477,744,39.967703,5,5,1.000000,1,1,-0.000301,-0.081989,0.002515,0.001181,0.000000,0.033602,-0.001109,0.161290
2753,111.223544,329,86.520666,3,3,1.000000,1,1,-0.000301,-0.083587,0.009809,0.003177,0.000000,0.045593,-0.001368,0.364742
2754,-228.476390,1000,7.332810,4,5,0.800000,0,1,-0.000295,-0.254250,0.006837,0.000132,0.000000,0.020000,-0.000900,0.000000
2755,35.516091,1000,2.046911,7,8,0.875000,0,1,-0.000302,-0.049500,0.057961,0.001207,0.000000,0.035000,-0.008850,0.000000
2756,117.261001,149,188.279817,1,1,1.000000,1,1,-0.000302,-0.048658,0.002111,-0.005091,0.000000,0.033557,0.000000,0.805369
2757,-16.606518,1000,1.769217,5,6,0.833333,0,1,-0.000299,-0.054000,0.013077,0.000965,0.000000,0.025000,-0.001350,0.000000
2758,150.131213,265,110.720777,5,5,1.000000,1,1,-0.000299,-0.035849,0.049564,0.010758,0.000000,0.094340,-0.004811,0.452830
2759,173.114906,618,48.413733,8,8,1.000000,1,1,-0.000300,-0.012945,0.040524,0.002923,0.000000,0.064725,-0.008981,0.194175
2760,48.322480,694,45.889918,4,4,1.000000,1,1,-0.000302,-0.166427,0.038446,0.002504,0.000000,0.028818,-0.006322,0.172911
2761,105.438564,593,49.692349,5,5,1.000000,1,1,-0.000300,-0.071669,0.005579,0.003976,0.000000,0.042159,-0.004300,0.202361
2762,158.743468,382,78.739674,7,7,1.000000,1,1,-0.000302,-0.041885,0.056103,0.003343,0.000000,0.091623,-0.007461,0.314136
2763,152.818515,588,50.384624,8,8,1.000000,1,1,-0.000299,-0.051871,0.043211,0.004399,0.000000,0.068027,-0.007653,0.204082
2764,80.476194,382,80.050842,7,7,1.000000,1,1,-0.000297,-0.215969,0.036390,0.004715,0.000000,0.091623,-0.019928,0.314136
2765,-164.254567,799,45.693999,4,4,1.000000,1,1,-0.000297,-0.387672,0.009684,0.000119,0.000000,0.025031,-0.002628,0.150188
2766,122.745223,9,2890.303482,1,1,1.000000,1,1,-0.000312,-0.333333,0.021856,0.061258,0.000000,0.555556,0.000000,13.333333
2767,141.057423,159,179.435424,4,4,1.000000,1,1,-0.000302,-0.025157,0.034016,0.001866,0.000000,0.125786,-0.003774,0.754717
2768,108.235655,848,36.120797,8,8,1.000000,1,1,-0.000300,-0.099057,0.046298,0.002054,0.000000,0.047170,-0.010038,0.141509
2769,-47.571560,1000,1.890263,2,3,0.666667,0,1,-0.000298,-0.075000,0.019517,-0.000590,0.000000,0.010000,-0.001200,0.000000
2770,70.510847,1000,1.719189,3,6,0.500000,0,1,-0.000298,-0.019750,0.077323,0.000149,0.000000,0.015000,-0.001913,0.000000
2771,-126.725137,1000,4.414171,4,5,0.800000,0,1,-0.000300,-0.162000,0.016932,0.000930,0.000000,0.020000,-0.002288,0.000000
2772,7.933172,1000,1.231558,2,4,0.500000,0,1,-0.000301,-0.014250,0.028750,0.000158,0.000000,0.010000,-0.016425,0.000000
2773,101.587518,213,135.871819,2,2,1.000000,1,1,-0.000300,-0.137324,0.002550,0.002033,0.000000,0.046948,-0.000352,0.563380
2774,137.996781,275,106.044348,5,5,1.000000,1,1,-0.000299,-0.044545,0.017613,0.003811,0.000000,0.090909,-0.002045,0.436364
2775,116.157712,463,62.959280,3,3,1.000000,1,1,-0.000299,-0.048056,0.011921,0.001084,0.000000,0.032397,-0.005346,0.259179
2776,26.045085,1000,1.142157,4,5,0.800000,0,1,-0.000302,-0.006750,0.021466,0.000106,0.000000,0.020000,-0.008475,0.000000
2777,145.762213,512,56.728421,4,4,1.000000,1,1,-0.000301,0.000000,0.010126,0.003114,0.000000,0.039062,-0.001685,0.234375
2778,156.611597,594,49.800459,7,7,1.000000,1,1,-0.000303,0.000000,0.004659,0.002524,0.000000,0.058923,-0.004167,0.202020
2779,129.330996,378,75.583066,4,4,1.000000,1,1,-0.000301,-0.044312,0.018318,0.001244,0.000000,0.052910,-0.003175,0.317460
2780,-189.788130,1000,5.442897,3,5,0.600000,0,1,-0.000296,-0.204250,0.000996,0.000037,0.000000,0.015000,-0.001275,0.000000
2781,-25.143098,1000,1.491968,2,3,0.666667,0,1,-0.000301,-0.042500,0.010994,0.000264,0.000000,0.010000,-0.003600,0.000000
2782,34.406193,1000,1.987487,7,8,0.875000,0,1,-0.000300,-0.043750,0.049765,0.002129,0.000000,0.035000,-0.008437,0.000000
2783,163.199714,743,39.929677,7,7,1.000000,1,1,-0.000300,-0.007402,0.018739,0.002623,0.000000,0.047106,-0.002624,0.161507
2784,159.193533,620,50.655294,8,8,1.000000,1,1,-0.000300,-0.009677,0.011598,0.002402,0.000000,0.064516,-0.005323,0.193548
2785,105.682568,646,46.668211,5,5,1.000000,1,1,-0.000298,-0.068498,0.007499,0.000899,0.000000,0.038700,-0.000464,0.185759
2786,80.380650,914,33.920311,8,8,1.000000,1,1,-0.000300,-0.100930,0.019861,0.001356,0.000000,0.043764,-0.007098,0.131291
2787,153.429615,457,64.376237,7,7,1.000000,1,1,-0.000300,-0.015317,0.012801,0.002908,0.000000,0.076586,-0.003528,0.262582
2788,134.711039,81,363.531233,3,3,1.000000,1,1,-0.000300,-0.030864,0.019458,0.011379,0.000000,0.185185,-0.003241,1.481481
2789,121.227478,316,90.518685,2,2,1.000000,1,1,-0.000299,-0.045095,0.014561,0.003902,0.000000,0.031646,-0.000831,0.379747
2790,70.500159,634,47.240002,3,3,1.000000,1,1,-0.000299,-0.110804,0.008734,0.001107,0.000000,0.023659,-0.000473,0.189274
2791,163.712931,964,31.272085,8,8,1.000000,1,1,-0.000302,-0.011670,0.024361,0.001693,0.000000,0.041494,-0.010231,0.124481
2792,134.711927,124,227.654522,3,3,1.000000,1,1,-0.000299,0.000000,0.007763,0.004729,0.000000,0.120968,-0.014516,0.967742
2793,141.436976,292,97.603260,4,4,1.000000,1,1,-0.000301,-0.008562,0.014618,0.003018,0.000000,0.068493,-0.003853,0.410959
2794,118.188804,215,132.339651,2,2,1.000000,1,1,-0.000296,-0.065116,0.012959,-0.002309,0.000000,0.046512,-0.000174,0.558140
2795,172.774636,479,61.073325,7,7,1.000000,1,1,-0.000302,0.000000,0.066846,0.002896,0.000000,0.073069,-0.032333,0.250522
2796,22.684474,1000,1.785120,3,4,0.750000,0,1,-0.000303,-0.001750,0.011511,0.000214,0.000000,0.015000,-0.001988,0.000000
2797,118.964218,221,126.306833,2,2,1.000000,1,1,-0.000298,-0.050905,0.001806,0.000140,0.000000,0.045249,-0.000679,0.542986
2798,116.194277,458,63.056264,3,3,1.000000,1,1,-0.000296,-0.045306,0.004025,0.001336,0.000000,0.032751,-0.000819,0.262009
2799,-27.237086,1000,2.945161,5,6,0.833333,0,1,-0.000299,-0.078250,0.027201,0.001135,0.000000,0.025000,-0.002025,0.000000
2800,3.916445,1000,2.925850,7,8,0.875000,0,1,-0.000298,-0.054500,0.055879,0.001285,0.000000,0.035000,-0.033450,0.000000
2801,132.726396,662,45.104795,6,6,1.000000,1,1,-0.000298,-0.047583,0.030641,0.002759,0.000000,0.045317,-0.011613,0.181269
2802,89.775337,795,38.365918,5,5,1.000000,1,1,-0.000299,-0.072327,0.003122,0.000889,0.000000,0.031447,-0.000849,0.150943
2803,145.954387,292,100.393320,6,6,1.000000,1,1,-0.000301,-0.049658,0.036609,0.005274,0.000000,0.102740,-0.005779,0.410959
2804,147.708586,317,91.217734,5,5,1.000000,1,1,-0.000302,0.000000,0.010076,0.002437,0.000000,0.078864,-0.003667,0.378549
2805,124.334021,317,88.000924,1,1,1.000000,1,1,-0.000301,-0.006309,0.004708,-0.000198,0.000000,0.015773,0.000000,0.378549
2806,112.040139,383,73.988054,1,1,1.000000,1,1,-0.000301,-0.035248,0.003193,-0.001481,0.000000,0.013055,0.000000,0.313316
2807,-4.867685,1000,2.169659,6,8,0.750000,0,1,-0.000299,-0.057000,0.051381,0.001913,0.000000,0.030000,-0.030863,0.000000
2808,160.460023,816,36.831754,7,7,1.000000,1,1,-0.000304,0.000000,0.024773,0.004235,0.000000,0.042892,-0.022013,0.147059
2809,105.511369,766,39.306584,4,4,1.000000,1,1,-0.000300,-0.056462,0.016452,0.002287,0.000000,0.026110,-0.007001,0.156658
2810,165.384166,459,64.253275,7,7,1.000000,1,1,-0.000303,0.000000,0.024737,0.008074,0.000000,0.076253,-0.009886,0.261438
2811,151.975275,541,55.356525,8,8,1.000000,1,1,-0.000301,-0.045749,0.035169,0.003741,0.000000,0.073937,-0.007694,0.221811
2812,110.851538,185,151.200774,2,2,1.000000,1,1,-0.000301,-0.105405,0.002482,0.001746,0.000000,0.054054,-0.002027,0.648649
2813,-161.180289,1000,5.772940,4,5,0.800000,0,1,-0.000295,-0.184500,0.004229,0.000323,0.000000,0.020000,-0.000937,0.000000
2814,-293.943808,1000,8.343835,3,4,0.750000,0,1,-0.000295,-0.343500,0.039059,0.000591,0.000000,0.015000,-0.004800,0.000000
2815,161.112792,765,40.384208,8,8,1.000000,1,1,-0.000298,-0.061438,0.064610,0.002601,0.000000,0.052288,-0.004020,0.156863
2816,146.560226,870,33.520134,4,4,1.000000,1,1,-0.000301,0.000000,0.009353,0.001247,0.000000,0.022989,-0.002759,0.137931
2817,157.980877,518,58.629655,6,6,1.000000,1,1,-0.000299,-0.115347,0.138800,0.002967,0.000000,0.057915,-0.010714,0.231660
2818,89.878630,447,66.443856,2,2,1.000000,1,1,-0.000300,-0.092841,0.003639,-0.000171,0.000000,0.022371,-0.000084,0.268456
2819,-189.676189,1000,4.442201,0,1,0.000000,0,0,-0.000293,-0.208500,0.018835,0.000282,0.000000,0.000000,0.000000,0.000000
2820,163.504601,379,78.525011,8,8,1.000000,1,1,-0.000300,-0.021108,0.040369,0.001962,0.000000,0.105541,-0.011675,0.316623
2821,-51.179351,1000,2.894629,5,6,0.833333,0,1,-0.000298,-0.079750,0.018110,0.000084,0.000000,0.025000,-0.014325,0.000000
2822,178.728934,893,32.932199,5,5,1.000000,1,1,-0.000300,-0.010638,0.051363,0.001335,0.000000,0.027996,-0.003989,0.134378
2823,121.862459,211,147.639867,3,3,1.000000,1,1,-0.000297,-0.079384,0.021552,0.002975,0.000000,0.071090,-0.007109,0.568720
2824,130.912120,104,289.010358,3,3,1.000000,1,1,-0.000300,-0.055288,0.030415,0.003536,0.000000,0.144231,-0.017668,1.153846
2825,-428.701917,1000,10.396401,3,6,0.500000,0,1,-0.000294,-0.411000,0.022170,0.001260,0.000000,0.015000,-0.055838,0.000000
2826,90.026685,1000,1.594189,6,7,0.857143,0,1,-0.000303,0.000000,0.067288,0.000579,0.000000,0.030000,-0.007537,0.000000
2827,41.365367,1000,1.621751,5,6,0.833333,0,1,-0.000302,-0.011750,0.033419,0.000886,0.000000,0.025000,-0.005887,0.000000
2828,126.001677,907,33.554480,7,7,1.000000,1,1,-0.000298,-0.060915,0.032396,0.002178,0.000000,0.038589,-0.005334,0.132304
2829,153.024667,284,103.725606,7,7,1.000000,1,1,-0.000300,0.000000,0.016395,0.008641,0.000000,0.123239,-0.031690,0.422535
2830,-84.929824,1000,1.586011,0,1,0.000000,0,0,-0.000296,-0.083000,0.000006,-0.001639,0.000000,0.000000,0.000000,0.000000
2831,164.641987,909,32.359822,6,6,1.000000,1,1,-0.000300,0.000000,0.021258,0.000761,0.000000,0.033003,-0.005611,0.132013
2832,109.178313,439,66.021403,3,3,1.000000,1,1,-0.000298,-0.066629,0.009544,0.000016,0.000000,0.034169,-0.001452,0.273349
2833,27.582457,1000,1.264289,3,4,0.750000,0,1,-0.000300,-0.018250,0.034612,0.000382,0.000000,0.015000,-0.003863,0.000000
2834,42.603725,720,41.015207,2,2,1.000000,1,1,-0.000299,-0.126736,0.006626,-0.000559,0.000000,0.013889,-0.000417,0.166667
2835,145.447489,325,88.473519,3,3,1.000000,1,1,-0.000299,0.000000,0.033775,-0.000060,0.000000,0.046154,-0.001269,0.369231
2836,128.449384,37,795.733707,2,2,1.000000,1,1,-0.000302,-0.054054,0.007228,0.006234,0.000000,0.270270,-0.001014,3.243243
2837,150.850020,467,62.604302,5,5,1.000000,1,1,-0.000300,-0.002141,0.022024,0.003543,0.000000,0.053533,-0.010600,0.256959
2838,148.235010,338,85.952919,5,5,1.000000,1,1,-0.000300,-0.005917,0.019606,0.002617,0.000000,0.073964,-0.006435,0.355030
2839,35.933504,1000,2.487598,7,8,0.875000,0,1,-0.000299,-0.028000,0.036586,0.000296,0.000000,0.035000,-0.007650,0.000000
2840,-5.444438,1000,3.051073,6,8,0.750000,0,1,-0.000297,-0.084250,0.061173,0.000567,0.000000,0.030000,-0.012637,0.000000
2841,136.831436,14,2084.974129,3,3,1.000000,1,1,-0.000303,0.000000,0.078818,0.060337,0.000000,1.071429,-0.008036,8.571429
2842,136.039411,358,80.176563,4,4,1.000000,1,1,-0.000299,-0.027933,0.019216,0.002143,0.000000,0.055866,-0.004190,0.335196
2843,117.409291,213,134.050437,3,3,1.000000,1,1,-0.000298,-0.088028,0.006195,0.001306,0.000000,0.070423,-0.001761,0.563380
2844,9.024520,1000,2.932677,6,7,0.857143,0,1,-0.000298,-0.041750,0.026666,0.001532,0.000000,0.030000,-0.007125,0.000000
2845,149.153471,676,43.066221,6,6,1.000000,1,1,-0.000300,-0.002589,0.029144,0.003225,0.000000,0.044379,-0.030732,0.177515
2846,-31.352645,1000,2.311947,4,6,0.666667,0,1,-0.000295,-0.054750,0.005023,0.001070,0.000000,0.020000,-0.002400,0.000000
2847,163.010185,342,84.321143,6,6,1.000000,1,1,-0.000300,0.000000,0.045226,0.003532,0.000000,0.087719,-0.010417,0.350877
2848,113.625246,669,44.556665,3,3,1.000000,1,1,-0.000299,-0.038490,0.007330,0.000125,0.000000,0.022422,-0.000617,0.179372
2849,112.779076,243,116.630057,1,1,1.000000,1,1,-0.000299,-0.049383,0.000438,-0.001048,0.000000,0.020576,0.000000,0.493827
2850,101.829104,552,54.210344,5,5,1.000000,1,1,-0.000296,-0.080163,0.002687,0.000855,0.000000,0.045290,-0.001291,0.217391
2851,124.983833,9,2897.138199,1,1,1.000000,1,1,-0.000302,-0.083333,0.000000,0.081839,0.000000,0.555556,0.000000,13.333333
2852,-27.351794,1000,1.840240,2,3,0.666667,0,1,-0.000301,-0.048000,0.014492,0.000132,0.000000,0.010000,-0.003675,0.000000
2853,126.256854,18,1611.183250,2,2,1.000000,1,1,-0.000303,-0.277778,0.002972,0.069240,0.000000,0.555556,-0.002083,6.666667
2854,128.791914,340,86.590454,6,6,1.000000,1,1,-0.000300,-0.071324,0.011606,0.004700,0.000000,0.088235,-0.007059,0.352941
2855,160.453218,960,30.992306,6,6,1.000000,1,1,-0.000302,-0.004948,0.019318,0.001508,0.000000,0.031250,-0.004688,0.125000
2856,109.643691,721,40.925384,4,4,1.000000,1,1,-0.000301,-0.054785,0.016501,0.000850,0.000000,0.027739,-0.004369,0.166436
2857,81.461629,946,31.727843,4,4,1.000000,1,1,-0.000301,-0.097516,0.038730,0.000814,0.000000,0.021142,-0.003607,0.126850
2858,92.465528,569,51.020873,2,2,1.000000,1,1,-0.000300,-0.070738,0.006346,-0.000614,0.000000,0.017575,-0.000659,0.210896
2859,144.698509,770,38.147265,5,5,1.000000,1,1,-0.000301,-0.021753,0.022496,0.002186,0.000000,0.032468,-0.003019,0.155844
2860,129.506063,12,2278.298668,2,2,1.000000,1,1,-0.000306,-0.104167,0.009360,0.060202,0.000000,0.833333,-0.006250,10.000000
2861,35.855540,392,75.975044,1,1,1.000000,1,1,-0.000291,-0.228316,0.000262,0.000936,0.000000,0.012755,0.000000,0.306122
2862,180.461889,872,36.188570,8,8,1.000000,1,1,-0.000296,-0.045872,0.072403,0.002175,0.000000,0.045872,-0.004946,0.137615
2863,118.779754,205,137.004448,1,1,1.000000,1,1,-0.000300,-0.028049,0.000806,-0.002800,0.000000,0.024390,0.000000,0.585366
2864,-223.155354,1000,5.115432,0,1,0.000000,0,0,-0.000292,-0.236000,0.013009,0.000128,0.000000,0.000000,0.000000,0.000000
2865,157.507441,971,31.124015,8,8,1.000000,1,1,-0.000300,-0.013903,0.019254,0.001342,0.000000,0.041195,-0.008960,0.123584
2866,-29.510362,1000,1.405049,1,2,0.500000,0,1,-0.000299,-0.037000,0.002295,0.000681,0.000000,0.005000,-0.000188,0.000000
2867,128.870283,881,33.501946,4,4,1.000000,1,1,-0.000298,-0.040011,0.029621,0.000737,0.000000,0.022701,-0.002682,0.136209
2868,-209.317904,815,44.104924,4,4,1.000000,1,1,-0.000292,-0.440798,0.011216,0.002183,0.000000,0.024540,-0.000920,0.147239
2869,30.681657,1000,1.738335,5,8,0.625000,0,1,-0.000297,-0.052500,0.061473,0.002143,0.000000,0.025000,-0.005137,0.000000
2870,-141.288843,1000,4.792578,6,7,0.857143,0,1,-0.000298,-0.187000,0.036247,0.000987,0.000000,0.030000,-0.021225,0.000000
2871,-10.942067,1000,0.794883,1,2,0.500000,0,1,-0.000297,-0.017750,0.003430,0.001563,0.000000,0.005000,-0.002888,0.000000
2872,-272.738127,1000,4.189763,5,6,0.833333,0,1,-0.000293,-0.312250,0.039555,0.001462,0.000000,0.025000,-0.026213,0.000000
2873,-91.068183,1000,2.328364,5,8,0.625000,0,1,-0.000294,-0.129250,0.021626,0.000550,0.000000,0.025000,-0.008700,0.000000
2874,33.274451,1000,2.803664,6,7,0.857143,0,1,-0.000298,-0.001750,0.006828,-0.000305,0.000000,0.030000,-0.001200,0.000000
2875,-0.055563,1000,3.274902,2,5,0.400000,0,1,-0.000298,-0.102500,0.094012,-0.000407,0.000000,0.010000,-0.000862,0.000000
2876,14.517492,925,34.111339,3,3,1.000000,1,1,-0.000299,-0.142432,0.012465,0.001070,0.000000,0.016216,-0.001054,0.129730
2877,77.444898,1000,0.800150,3,4,0.750000,0,1,-0.000300,0.000000,0.071919,-0.000136,0.000000,0.015000,-0.009037,0.000000
2878,112.025477,707,41.098990,1,1,1.000000,1,1,-0.000297,-0.021216,0.003761,-0.000599,0.000000,0.007072,0.000000,0.169731
2879,127.242831,801,37.864828,5,5,1.000000,1,1,-0.000298,-0.048065,0.027811,0.001566,0.000000,0.031211,-0.003184,0.149813
2880,78.285939,700,42.085144,2,2,1.000000,1,1,-0.000297,-0.077143,0.003485,0.000399,0.000000,0.014286,-0.000321,0.171429
2881,-1.718698,1000,2.729329,7,8,0.875000,0,1,-0.000301,-0.054000,0.024082,0.000512,0.000000,0.035000,-0.007012,0.000000
2882,117.909127,229,124.770082,1,1,1.000000,1,1,-0.000299,-0.027293,0.002362,-0.005735,0.000000,0.021834,0.000000,0.524017
2883,67.427408,1000,2.075600,3,5,0.600000,0,1,-0.000301,-0.057000,0.112605,0.000536,0.000000,0.015000,-0.003413,0.000000
2884,-34.345764,1000,2.566302,7,8,0.875000,0,1,-0.000300,-0.107000,0.042331,0.000648,0.000000,0.035000,-0.005025,0.000000
2885,-67.608362,1000,3.704376,7,8,0.875000,0,1,-0.000296,-0.156000,0.056049,0.000901,0.000000,0.035000,-0.003263,0.000000
2886,149.489288,301,98.191843,5,5,1.000000,1,1,-0.000296,-0.035714,0.047499,0.006914,0.000000,0.083056,-0.003488,0.398671
2887,142.879959,415,70.734064,4,4,1.000000,1,1,-0.000299,-0.015060,0.022774,0.004223,0.000000,0.048193,-0.004699,0.289157
2888,-61.066678,1000,4.641179,5,6,0.833333,0,1,-0.000300,-0.155750,0.076725,0.000346,0.000000,0.025000,-0.007087,0.000000
2889,156.359676,753,39.776252,7,7,1.000000,1,1,-0.000299,-0.037849,0.040442,0.002251,0.000000,0.046481,-0.002739,0.159363
2890,47.277103,1000,1.764520,6,8,0.750000,0,1,-0.000301,0.000000,0.025380,0.001535,0.000000,0.030000,-0.009337,0.000000
2891,121.417617,118,241.830964,1,1,1.000000,1,1,-0.000294,-0.023305,0.000268,-0.007027,0.000000,0.042373,0.000000,1.016949
2892,143.193565,750,39.948547,6,6,1.000000,1,1,-0.000298,-0.030667,0.038562,0.000227,0.000000,0.040000,-0.016900,0.160000
2893,-66.461581,1000,2.534422,2,3,0.666667,0,1,-0.000298,-0.090000,0.017340,0.000396,0.000000,0.010000,-0.003900,0.000000
2894,-1.278640,1000,1.289652,4,6,0.666667,0,1,-0.000297,-0.049500,0.037953,0.001140,0.000000,0.020000,-0.010575,0.000000
2895,-83.625010,1000,1.598562,1,3,0.333333,0,1,-0.000293,-0.091750,0.004397,-0.000641,0.000000,0.005000,-0.000337,0.000000
2896,-92.089655,1000,1.743420,2,3,0.666667,0,1,-0.000293,-0.102250,0.000924,-0.000321,0.000000,0.010000,-0.000150,0.000000
2897,-243.697221,1000,4.717420,2,3,0.666667,0,1,-0.000294,-0.253500,0.002011,0.000223,0.000000,0.010000,-0.002138,0.000000
2898,-165.123870,1000,4.279117,3,6,0.500000,0,1,-0.000295,-0.199000,0.022582,0.000752,0.000000,0.015000,-0.004163,0.000000
2899,-214.236536,1000,3.573696,1,3,0.333333,0,1,-0.000294,-0.218000,0.000242,-0.000772,0.000000,0.005000,-0.000412,0.000000
2900,115.820136,980,30.022200,4,4,1.000000,1,1,-0.000297,-0.032653,0.008209,0.001177,0.000000,0.020408,-0.001110,0.122449
2901,27.233136,1000,0.731456,4,7,0.571429,0,1,-0.000299,0.000000,0.011642,-0.000097,0.000000,0.020000,-0.004013,0.000000
2902,9.867019,1000,1.591605,4,5,0.800000,0,1,-0.000296,-0.050750,0.040719,0.000756,0.000000,0.020000,-0.000562,0.000000
2903,-377.679998,1000,6.742242,3,4,0.750000,0,1,-0.000293,-0.402000,0.016953,0.000685,0.000000,0.015000,-0.008025,0.000000
2904,68.249755,899,33.854095,2,2,1.000000,1,1,-0.000296,-0.072303,0.003984,0.000052,0.000000,0.011123,-0.000125,0.133482
2905,141.859479,599,49.383232,4,4,1.000000,1,1,-0.000295,-0.010434,0.019898,0.000572,0.000000,0.033389,-0.006636,0.200334
2906,-415.633833,1000,6.842819,3,6,0.500000,0,1,-0.000294,-0.402500,0.020675,0.001023,0.000000,0.015000,-0.049538,0.000000
2907,-25.625851,1000,0.506912,1,2,0.500000,0,1,-0.000297,-0.028250,0.001933,-0.000899,0.000000,0.005000,-0.003113,0.000000
2908,44.535419,1000,1.360952,6,7,0.857143,0,1,-0.000298,0.000000,0.019248,0.000911,0.000000,0.030000,-0.005325,0.000000
2909,-4.397695,1000,0.161439,0,1,0.000000,0,0,-0.000296,-0.009000,0.005431,-0.000533,0.000000,0.000000,0.000000,0.000000
2910,172.864796,915,33.472090,7,7,1.000000,1,1,-0.000296,-0.001093,0.031954,0.001008,0.000000,0.038251,-0.012049,0.131148
2911,12.050118,859,37.458273,6,6,1.000000,1,1,-0.000300,-0.160361,0.010297,0.001775,0.000000,0.034924,-0.012005,0.139697
2912,59.518817,1000,1.150762,5,7,0.714286,0,1,-0.000299,0.000000,0.051395,0.001498,0.000000,0.025000,-0.018075,0.000000
2913,158.858066,967,30.763023,5,5,1.000000,1,1,-0.000298,-0.011634,0.034751,0.001750,0.000000,0.025853,-0.010238,0.124095
2914,63.212686,1000,0.671738,2,4,0.500000,0,1,-0.000301,0.000000,0.070826,0.000087,0.000000,0.010000,-0.017400,0.000000
2915,57.375665,1000,0.843690,3,4,0.750000,0,1,-0.000300,0.000000,0.057819,0.000982,0.000000,0.015000,-0.016125,0.000000
2916,-218.814427,1000,4.795016,5,6,0.833333,0,1,-0.000301,-0.258000,0.024215,0.000546,0.000000,0.025000,-0.010275,0.000000
2917,19.533168,1000,0.723958,4,7,0.571429,0,1,-0.000301,-0.003750,0.007510,-0.000401,0.000000,0.020000,-0.003525,0.000000
2918,-12.514229,875,36.384378,2,2,1.000000,1,1,-0.000299,-0.195714,0.035634,0.002220,0.000000,0.011429,-0.004714,0.137143
2919,-87.296543,1000,1.441724,2,3,0.666667,0,1,-0.000298,-0.095750,0.007209,0.000730,0.000000,0.010000,-0.009187,0.000000
2920,-141.721465,1000,2.979483,4,8,0.500000,0,1,-0.000299,-0.156250,0.001771,0.000143,0.000000,0.020000,-0.007087,0.000000
2921,130.714618,892,33.869864,6,6,1.000000,1,1,-0.000302,-0.038117,0.021887,0.001259,0.000000,0.033632,-0.006348,0.134529
2922,-319.280994,1000,7.159605,4,8,0.500000,0,1,-0.000295,-0.352500,0.015277,0.000374,0.000000,0.020000,-0.002138,0.000000
2923,74.339711,1000,1.392272,6,7,0.857143,0,1,-0.000302,0.000000,0.046158,0.000621,0.000000,0.030000,-0.002138,0.000000
2924,-63.361543,1000,0.778674,0,1,0.000000,0,0,-0.000296,-0.063250,0.000319,-0.000135,0.000000,0.000000,0.000000,0.000000
2925,116.610124,596,48.863664,1,1,1.000000,1,1,-0.000299,-0.013423,0.000780,-0.001135,0.000000,0.008389,0.000000,0.201342
2926,-28.360804,1000,0.866947,2,4,0.500000,0,1,-0.000301,-0.049750,0.017500,-0.000297,0.000000,0.010000,-0.005512,0.000000
2927,-102.013662,1000,1.664121,1,2,0.500000,0,1,-0.000297,-0.109000,0.004130,-0.000758,0.000000,0.005000,-0.001087,0.000000
2928,142.900436,535,55.440561,4,4,1.000000,1,1,-0.000302,0.000000,0.003406,0.003509,0.000000,0.037383,-0.001192,0.224299
2929,141.195608,776,40.608531,8,8,1.000000,1,1,-0.000301,-0.053802,0.035275,0.002328,0.000000,0.051546,-0.007732,0.154639
2930,109.561258,646,45.751158,3,3,1.000000,1,1,-0.000302,-0.048375,0.008652,0.001690,0.000000,0.023220,-0.001045,0.185759
2931,146.198961,410,74.239056,7,7,1.000000,1,1,-0.000303,-0.057927,0.036667,0.004669,0.000000,0.085366,-0.004573,0.292683
2932,159.947399,600,52.300091,7,7,1.000000,1,1,-0.000302,0.000000,0.010035,0.000762,0.000000,0.058333,-0.002250,0.200000
2933,151.856178,516,57.659326,5,5,1.000000,1,1,-0.000301,-0.007752,0.027525,0.002826,0.000000,0.048450,-0.009012,0.232558
2934,-31.000100,1000,2.278256,5,6,0.833333,0,1,-0.000301,-0.068000,0.013805,0.001008,0.000000,0.025000,-0.002513,0.000000
2935,131.221852,88,328.138721,2,2,1.000000,1,1,-0.000300,0.000000,0.004803,0.010661,0.000000,0.113636,-0.001278,1.363636
2936,-107.530755,1000,2.581742,3,6,0.500000,0,1,-0.000295,-0.125750,0.003589,0.000113,0.000000,0.015000,-0.000188,0.000000
2937,71.621518,744,40.490941,4,4,1.000000,1,1,-0.000304,-0.104503,0.016096,0.001944,0.000000,0.026882,-0.005141,0.161290
2938,93.469141,635,50.606041,8,8,1.000000,1,1,-0.000299,-0.162205,0.067648,0.001894,0.000000,0.062992,-0.011811,0.188976
2939,126.539458,212,139.142841,6,6,1.000000,1,1,-0.000303,-0.141509,0.032075,0.004735,0.000000,0.141509,-0.005660,0.566038
2940,176.940022,832,36.798835,5,5,1.000000,1,1,-0.000303,-0.051382,0.092631,0.001049,0.000000,0.030048,-0.003606,0.144231
2941,156.563108,360,81.228127,7,7,1.000000,1,1,-0.000301,0.000000,0.007164,0.004250,0.000000,0.097222,-0.006771,0.333333
2942,-70.166847,1000,3.064705,5,6,0.833333,0,1,-0.000302,-0.155000,0.075360,0.000975,0.000000,0.025000,-0.016200,0.000000
2943,117.015801,764,37.935267,3,3,1.000000,1,1,-0.000301,-0.044503,0.022278,0.000998,0.000000,0.019634,-0.002012,0.157068
2944,107.140964,697,42.684270,5,5,1.000000,1,1,-0.000302,-0.071377,0.027780,0.002387,0.000000,0.035868,-0.012805,0.172166
2945,105.594803,606,49.400237,5,5,1.000000,1,1,-0.000301,-0.100660,0.036798,0.000747,0.000000,0.041254,-0.001609,0.198020
2946,147.789870,954,31.582484,6,6,1.000000,1,1,-0.000301,-0.017034,0.021187,0.002794,0.000000,0.031447,-0.008962,0.125786
2947,146.795651,805,36.517439,5,5,1.000000,1,1,-0.000300,-0.002174,0.007235,0.000032,0.000000,0.031056,-0.002562,0.149068
2948,-143.418960,1000,3.113378,0,6,0.000000,0,0,-0.000296,-0.144000,0.001193,-0.000316,0.000000,0.000000,0.000000,0.000000
2949,172.761834,558,54.609727,8,8,1.000000,1,1,-0.000301,-0.016577,0.045265,0.002010,0.000000,0.071685,-0.007527,0.215054
2950,123.395843,239,122.288817,3,3,1.000000,1,1,-0.000302,-0.072176,0.024614,0.000096,0.000000,0.062762,-0.000785,0.502092
2951,119.445269,146,195.371934,2,2,1.000000,1,1,-0.000303,-0.075342,0.007646,-0.001724,0.000000,0.068493,-0.002568,0.821918
2952,157.294110,383,82.244559,8,8,1.000000,1,1,-0.000299,-0.056136,0.048150,0.002982,0.000000,0.104439,-0.001762,0.313316
2953,111.255681,353,79.943811,1,1,1.000000,1,1,-0.000300,-0.041785,0.004536,-0.001387,0.000000,0.014164,0.000000,0.339943
2954,-82.050847,1000,3.396289,3,6,0.500000,0,1,-0.000300,-0.099250,0.003678,-0.000279,0.000000,0.015000,-0.000900,0.000000
2955,-26.466042,1000,2.913283,7,8,0.875000,0,1,-0.000301,-0.087500,0.029653,0.001257,0.000000,0.035000,-0.004575,0.000000
2956,143.663453,589,49.128995,4,4,1.000000,1,1,-0.000305,-0.005518,0.013773,0.001454,0.000000,0.033956,-0.003183,0.203735
2957,166.079804,409,72.105856,8,8,1.000000,1,1,-0.000303,-0.022616,0.043342,0.003794,0.000000,0.097800,-0.009352,0.293399
2958,138.909667,72,385.470991,4,4,1.000000,1,1,-0.000303,-0.048611,0.037024,0.004039,0.000000,0.277778,-0.007292,1.666667
2959,158.728624,599,49.244229,7,7,1.000000,1,1,-0.000305,-0.009182,0.020894,0.002329,0.000000,0.058431,-0.007513,0.200334
2960,181.633766,841,35.677249,8,8,1.000000,1,1,-0.000307,-0.002973,0.036290,0.001676,0.000000,0.047562,-0.008963,0.142687
2961,125.931005,558,55.344583,7,7,1.000000,1,1,-0.000301,-0.105287,0.060919,0.002386,0.000000,0.062724,-0.009812,0.215054
2962,134.614671,21,1391.447334,3,3,1.000000,1,1,-0.000303,-0.119048,0.051985,0.052588,0.000000,0.714286,-0.003571,5.714286
2963,130.885498,470,63.910194,8,8,1.000000,1,1,-0.000306,-0.073936,0.021727,0.002856,0.000000,0.085106,-0.012287,0.255319
2964,129.520420,224,126.134686,4,4,1.000000,1,1,-0.000303,-0.051339,0.016797,0.003463,0.000000,0.089286,-0.015402,0.535714
2965,143.814271,872,34.393652,6,6,1.000000,1,1,-0.000303,-0.029530,0.026345,0.001297,0.000000,0.034404,-0.004903,0.137615
2966,-22.622118,1000,2.880170,5,6,0.833333,0,1,-0.000302,-0.054750,0.010308,0.001022,0.000000,0.025000,-0.003900,0.000000
2967,120.414621,970,31.673778,6,6,1.000000,1,1,-0.000306,-0.052062,0.025608,0.000280,0.000000,0.030928,-0.004021,0.123711
2968,-63.345206,1000,2.117462,2,3,0.666667,0,1,-0.000299,-0.080250,0.008135,-0.000256,0.000000,0.010000,-0.000675,0.000000
2969,154.472802,260,113.940213,7,7,1.000000,1,1,-0.000302,-0.021154,0.019196,0.009175,0.000000,0.134615,-0.008942,0.461538
2970,11.887443,1000,3.038741,7,8,0.875000,0,1,-0.000302,-0.067500,0.053637,0.001140,0.000000,0.035000,-0.010087,0.000000
2971,97.372609,560,51.218574,2,2,1.000000,1,1,-0.000302,-0.063839,0.009194,0.000434,0.000000,0.017857,-0.003750,0.214286
2972,-51.388102,1000,2.793665,6,8,0.750000,0,1,-0.000303,-0.110000,0.030002,0.002213,0.000000,0.030000,-0.003300,0.000000
2973,-151.340298,1000,4.784752,3,5,0.600000,0,1,-0.000299,-0.176500,0.013621,0.000138,0.000000,0.015000,-0.003300,0.000000
2974,147.592243,418,73.005511,7,7,1.000000,1,1,-0.000302,-0.066388,0.050262,0.002653,0.000000,0.083732,-0.003947,0.287081
2975,111.421556,988,30.052711,3,3,1.000000,1,1,-0.000303,-0.035931,0.012937,0.001254,0.000000,0.015182,-0.001822,0.121457
2976,109.694866,984,30.144695,6,6,1.000000,1,1,-0.000301,-0.061738,0.024927,0.000839,0.000000,0.030488,-0.004687,0.121951
2977,-20.338334,1000,1.299458,3,4,0.750000,0,1,-0.000302,-0.041500,0.017434,0.001705,0.000000,0.015000,-0.012675,0.000000
2978,141.168278,554,53.888124,5,5,1.000000,1,1,-0.000304,-0.040162,0.034432,0.003180,0.000000,0.045126,-0.004061,0.216606
2979,123.849471,144,198.767569,1,1,1.000000,1,1,-0.000304,-0.008681,0.004043,-0.003049,0.000000,0.034722,0.000000,0.833333
2980,31.751416,1000,2.523723,6,8,0.750000,0,1,-0.000299,-0.033500,0.045082,0.000706,0.000000,0.030000,-0.010237,0.000000
2981,-53.710705,1000,2.679719,4,5,0.800000,0,1,-0.000301,-0.095000,0.022083,0.000519,0.000000,0.020000,-0.001012,0.000000
2982,141.708659,483,60.220645,3,3,1.000000,1,1,-0.000302,0.000000,0.015989,0.000222,0.000000,0.031056,-0.002019,0.248447
2983,-40.983688,1000,2.092999,6,7,0.857143,0,1,-0.000301,-0.052500,0.016213,0.001680,0.000000,0.030000,-0.036075,0.000000
2984,167.700817,748,42.393703,8,8,1.000000,1,1,-0.000302,-0.045455,0.067756,0.001781,0.000000,0.053476,-0.013486,0.160428
2985,135.403298,407,71.136752,3,3,1.000000,1,1,-0.000303,0.000000,0.007379,0.001195,0.000000,0.036855,-0.007279,0.294840
2986,-342.540072,1000,8.499301,3,4,0.750000,0,1,-0.000296,-0.370500,0.016700,0.000981,0.000000,0.015000,-0.004425,0.000000
2987,160.412013,851,37.803570,7,7,1.000000,1,1,-0.000302,-0.003525,0.016095,0.004359,0.000000,0.041128,-0.010267,0.141011
2988,28.591531,1000,1.472225,5,7,0.714286,0,1,-0.000302,-0.001750,0.015610,0.001996,0.000000,0.025000,-0.011962,0.000000
2989,114.776337,738,39.474589,3,3,1.000000,1,1,-0.000303,-0.051152,0.029216,-0.000541,0.000000,0.020325,-0.004624,0.162602
2990,134.323117,286,101.519005,4,4,1.000000,1,1,-0.000303,-0.030594,0.018043,0.002184,0.000000,0.069930,-0.009178,0.419580
2991,131.720666,280,105.589681,5,5,1.000000,1,1,-0.000308,-0.081250,0.036553,0.003605,0.000000,0.089286,-0.006027,0.428571
2992,-33.171897,1000,3.160078,7,8,0.875000,0,1,-0.000303,-0.108000,0.056105,0.000525,0.000000,0.035000,-0.016500,0.000000
2993,133.123788,45,637.182774,3,3,1.000000,1,1,-0.000307,-0.088889,0.040577,0.017759,0.000000,0.333333,-0.010833,2.666667
2994,144.726020,456,63.609197,6,6,1.000000,1,1,-0.000303,-0.022478,0.017505,0.001112,0.000000,0.065789,-0.007401,0.263158
2995,145.586521,321,89.691352,4,4,1.000000,1,1,-0.000304,-0.014798,0.036139,0.002091,0.000000,0.062305,-0.005724,0.373832
2996,117.557881,353,82.752657,3,3,1.000000,1,1,-0.000302,-0.096317,0.051631,0.005456,0.000000,0.042493,-0.009880,0.339943
2997,15.820481,1000,2.301081,6,8,0.750000,0,1,-0.000304,-0.070000,0.061068,0.002257,0.000000,0.030000,-0.007200,0.000000
2998,142.716187,251,112.527967,4,4,1.000000,1,1,-0.000303,0.000000,0.009068,0.003999,0.000000,0.079681,-0.001942,0.478088
2999,-79.726241,1000,2.665050,2,3,0.666667,0,1,-0.000301,-0.094750,0.012528,-0.000041,0.000000,0.010000,-0.007162,0.000000
3000,86.228724,511,58.068990,3,3,1.000000,1,1,-0.000302,-0.096380,0.010830,0.001491,0.000000,0.029354,-0.011081,0.234834
